5116 4652 5028 4969 5007 5205 4980 5415 5288 4467 5001 4594 5471 5227 4949 4801 5156 5516 4574 4938 5154 4918 4796 4761 4889 5028 4753 4901 4381 4734 4946 5325 5236 4969 5255 4846 5040 5151 5076 4821 4989 5336 5285 5020 5048 4602 4660 4950 5019 5242 5118 5306 5159 5068 4705 4865 5297 4764 5135 5098 5200 5122 4421 5466 4893 4568 4916 5299 5256 4585 4916 5199 4868 4977 4850 5443 5348 4759 4872 4923 5277 4856 4900 5049 5075 4878 4840 4988 4999 4974 4922 5197 4563 4867 4771 5194 5279 4578 4878 4641 4934 5126 5009 4907 5105 5239 4679 5035 4918 4855 5303 4916 4973 5050 5041 5371 4855 4828 4963 5100 5447 4836 5077 4668 4665 5035 4743 5207 5017 5646 5264 5225 4636 4945 4738 4903 4784 5326 5238 4750 4549 5041 5174 5341 5023 4980 4948 5632 4691 4653 4832 5026 5051 4797 5271 4571 5233 5055 4800 5110 4981 5120 4912 5191 5288 5607 5455 5214 4722 5085 4682 5309 5081 4827 4782 5305 4811 5546 4929 5012 5455 5148 4883 5227 5330 4966 5176 4868 4941 5053 4917 5502 5006 5271 4966 5296 5311 4995 5208 5063 5202 5104 5045 5031 4881 4931 5316 5065 5450 5047 4901 5096 5191 4517 4827 4648 5012 4828 4928 5048 4996 4931 4861 5009 4537 5423 4472 5488 5010 5019 5368 5057 4974 4941 4601 4962 4963 5126 5468 5571 5176 4995 4602 4587 5165 4542 5040 4954 5117 4929 5326 4891 5045 5177 4704 5297 
4941 4671 5320 4852 4694 5307 4610 4891 4953 4591 4986 4556 5503 4901 4791 4682 5040 5059 4627 4645 4908 4943 4405 4738 4688 5037 4537 4692 4433 4796 4861 5071 5073 4793 4920 4911 4992 4937 5177 4802 4909 5060 5078 5199 4879 4497 4679 5077 4954 5038 5209 4927 4810 5011 4794 4752 4893 4949 4924 5033 4996 5001 4533 5015 4869 4711 4921 5126 4858 4514 4791 5193 4824 4835 4970 4910 5377 4384 4881 4871 5148 4834 4681 4976 4707 4660 4463 4872 5033 4890 4674 4736 4594 4787 4659 4918 5038 4458 4724 4657 5096 5083 4971 4723 4904 5077 4872 4932 4945 4562 5028 4732 4695 4755 4976 5246 4751 4917 5145 5077 5129 4574 4723 5099 4993 5379 4384 4779 4961 5321 4973 4941 4907 4724 4617 4505 4426 5105 5295 4576 4694 5025 5107 4918 4982 4970 4660 5521 4514 4546 4872 5145 4943 4728 4434 4751 5238 4760 4720 4664 4943 5119 4541 5111 5252 5247 5116 5204 4519 4698 4677 4930 4921 4862 4717 4775 4625 5576 4874 4960 5138 5326 4822 5175 5107 5049 5027 4576 5010 4831 4987 5238 4958 4882 4899 5079 5227 5092 5135 4775 4659 4875 4949 5018 4859 4713 4877 5188 4857 4648 4811 4957 5154 4777 4798 4677 4982 4889 4990 4898 4943 4779 4794 5149 4541 5320 4297 5294 4636 4597 5282 4933 5014 4897 4472 4585 4830 5021 5067 5250 5010 5004 4498 4702 5126 4764 4927 5022 5267 4777 4817 4780 5045 4877 4585 5178 
5703 4601 5570 5020 5105 5494 4952 5305 5271 4452 5028 4644 5288 5267 4811 5396 5279 5550 4428 5121 5374 5103 4659 5081 5026 4758 4776 4874 4784 4795 5033 5379 5343 5067 5036 4780 5058 5047 5282 5035 5316 5266 5345 5347 5000 4848 5110 5239 5226 5341 5311 5182 5124 5081 4930 4956 5381 4944 4934 5337 5462 5206 4469 5464 5197 5091 4955 5298 4760 4920 4990 5348 5162 5026 4794 5328 5281 4826 4896 5310 5480 5046 5170 5301 5179 5001 4928 4972 4949 5163 5210 5185 4481 4933 5164 5259 4838 4614 5055 4929 5013 5154 4984 4899 5388 5109 4746 5073 5380 5002 5171 4930 4970 5163 4978 5365 5002 5112 4928 5327 5255 4656 4939 4992 4944 5102 4611 5281 5132 5857 5146 5352 4918 5081 4875 4803 4868 5291 5386 4989 4739 5012 5428 4976 5238 5007 5122 5424 4594 4856 5033 5381 5443 5314 5123 5057 5204 5082 4940 5071 5117 5475 5010 5398 5092 5238 5181 5057 4687 5076 4900 5307 5032 5105 5227 4925 5063 5774 5374 4878 5395 5690 5030 5226 5181 5139 5518 4949 5006 5178 5295 5278 5330 5200 4905 5273 5636 5058 5432 5077 5240 5240 5090 5313 5077 5236 5267 5339 5305 5393 4970 4980 5161 4750 5223 4879 5112 5097 5064 5109 5096 5420 4864 5159 4779 5629 4873 5440 5194 5317 5514 5007 5148 5123 4794 4958 5241 5302 5259 5526 5052 4916 4651 4783 5194 4758 5094 5177 5496 5019 5341 4823 5356 4939 4944 5275 
5434 4993 5680 5074 5243 5529 5252 5346 5463 4693 5403 5101 5866 5414 5104 5017 5386 5458 4664 5152 5534 5222 4881 5368 4923 5671 5007 5085 4950 4929 5074 5430 5327 5035 5201 4975 5195 5322 5275 5329 5509 5745 5556 5373 5105 5214 5009 5252 5508 5456 5394 5351 5291 5484 5087 5267 5328 5127 5274 5515 5393 5552 4656 5647 5363 5114 5416 5187 5285 4856 5132 5834 5160 5350 5016 5541 5518 4954 5311 5205 5492 5143 5111 4992 5014 5175 4923 5258 5302 5203 5099 5257 4896 4852 5068 5345 5312 4933 5221 4952 5100 5423 5348 5157 5395 5512 4944 5589 5486 4994 5112 5106 5290 5246 5248 5525 5216 5281 5340 5656 5369 5053 5163 4943 4905 5718 4774 5105 5586 5978 5496 5309 5018 5266 4899 5060 4904 5276 5788 5040 5014 5138 5536 5282 5771 5487 5295 5857 5014 4701 5127 5594 5716 5182 5011 5097 5540 5296 5172 5091 5485 5466 5161 5328 5543 5672 5709 5361 4838 5220 4774 5341 4838 5150 5092 5391 4952 5673 5406 5566 5706 5548 5189 5406 5452 5162 5420 4897 5542 5292 5429 5492 5510 5389 5377 5505 5681 5422 5419 5167 5313 5543 5311 5411 5370 5310 5593 5460 5315 5010 4973 5032 5649 4917 4991 5334 5271 5128 5348 5523 5406 5342 5009 5430 5049 5861 4671 5582 5283 5056 5653 5359 5394 5086 5353 5197 5134 5388 5530 5807 5408 5293 4920 5153 5148 4909 5428 5571 5696 5234 5374 4915 5362 5248 5141 5327 
5158 4668 5549 4617 5161 5531 5158 5026 4891 4579 4801 4493 5520 5109 4709 4921 5335 5326 4507 5094 5589 5153 4779 4885 4797 5091 4742 5142 4839 4865 5058 5040 5452 4788 5254 5111 5061 5144 4784 5090 5561 5488 5237 5242 5012 4939 4738 4983 5223 5507 5139 5082 4914 5002 4795 4927 5252 4896 4899 5012 5137 5200 4698 5402 5140 5058 5261 5325 4682 4318 4960 5338 4902 5233 4859 5207 5247 4690 5075 5006 5290 4810 4997 5134 4888 5027 4733 4785 4985 5169 5072 4979 4856 5202 4774 5361 5034 4561 4870 4785 4924 4952 5407 4667 5088 5267 4807 4986 5089 4857 4975 4734 4943 5124 5122 5193 4991 4957 5076 5226 5350 4901 4777 4824 4841 5196 4654 4986 5275 5679 4840 5084 5077 4778 4900 4716 4831 5238 5216 5008 4676 5047 5399 5211 5417 5133 5118 5659 5022 4716 5166 4982 5360 5203 4858 4880 5229 5107 4933 4867 5148 5509 5113 5247 5361 5480 5325 5131 4916 5155 4733 5084 4898 5068 4809 5021 4730 5866 5144 5146 5399 5385 4927 5026 5093 4943 5447 4796 4831 4826 4865 5233 5096 5247 5189 5500 5626 5138 5071 4801 5163 5197 5037 5196 4816 4820 5212 5280 5120 4954 4752 5035 5498 4789 4802 5023 4754 4906 5072 5079 5115 4936 5012 5347 4832 5703 4633 5443 4668 4953 5222 5045 5072 4769 4861 5091 4936 5116 5292 5786 5149 5165 4683 4926 5153 4709 5178 5230 5252 4831 5530 4900 4704 4944 4875 5029 
5318 4744 5441 5151 5067 5263 5055 5325 4971 4960 5181 4791 5632 5463 5018 5041 5454 5212 4547 5212 5444 5121 4571 4932 4898 4932 4907 4885 5020 4884 5040 5249 5379 5136 5001 4918 4994 5468 5260 5056 5259 5112 5375 5212 5114 4595 4750 5292 5032 5318 5188 5100 5217 5358 4832 5057 5189 4838 5224 5514 5220 5384 4679 5531 5129 4988 5145 5575 5029 4779 4917 5527 5174 5024 5214 5432 5547 4946 5048 5431 5357 5163 4888 5211 5316 5052 4959 4983 5176 5341 4988 5103 4688 4976 4889 5057 5358 4547 5156 4833 5084 5111 5065 4760 5279 5411 4816 5030 5041 5066 5262 4834 4896 5208 5215 5522 5173 5275 5149 5131 5562 5003 5012 4905 5170 5492 4960 5070 5307 5673 5248 5191 5094 5306 4853 5083 5005 5369 5468 4793 4701 4967 5260 5261 5356 5089 5013 5708 5010 4684 5052 5168 5259 5191 5081 4846 5325 4925 5160 4911 5197 5307 4882 5246 5278 5843 5301 5259 4975 4873 5044 5572 5162 5033 5037 5206 5239 5697 5401 5277 5587 5460 4819 5342 5354 5303 5634 4991 5129 5214 5447 5530 5077 5182 5167 5561 5574 5270 5446 5336 5253 5114 5081 5170 4977 5180 5345 5654 5396 4983 4960 5152 5250 4867 5129 4934 5193 5080 5078 5130 5067 5338 5028 5069 4962 5686 4587 5624 4971 4997 5407 4921 5515 5022 4839 4991 5188 5325 5505 5725 5161 5146 5019 4807 5158 4859 5082 5353 5447 4852 5476 5164 5337 5030 5115 5425 
5324 4799 5514 5163 5290 5496 5273 5201 5125 4673 5122 4611 5631 5521 4935 5132 5226 5556 5005 5071 5529 4970 5014 5230 4865 5315 4762 5212 4893 4850 5224 5441 5563 5201 5035 5174 5307 5266 5434 5089 5389 5616 5479 5340 5139 4975 4920 5114 5514 5566 5234 5242 5338 5270 4946 5114 5335 5050 5132 5228 5452 5520 4527 5607 5491 5075 5111 5601 4974 4594 5054 5324 5106 5316 5169 5300 5425 5000 5013 5204 5559 5214 4893 5472 5215 5237 5117 5244 5129 5139 5304 5135 4995 5050 5187 5032 5339 4824 5115 4899 5062 5087 5341 4951 5340 5325 5101 5392 5349 5159 5441 5028 5156 5162 5363 5527 5103 4891 5271 5232 5596 4960 5050 4992 5034 5513 4935 4947 5295 5819 5561 5200 5127 5251 4913 4913 4864 5418 5748 4945 4880 5040 5488 5477 5586 5309 5290 5534 4898 4820 5108 5365 5539 5263 5167 5166 5447 5051 5192 5322 5458 5445 4897 5529 5589 5846 5310 5262 4831 5069 4787 5224 4906 4977 5320 5219 5428 5450 5350 5025 5604 5611 5113 5428 5310 5283 5223 5172 5287 4827 5337 5191 4998 5173 5179 5223 5621 5297 5550 5085 4978 5016 5219 5165 5300 5212 5424 5634 5332 4848 4981 5083 5388 5224 5306 5064 4986 5295 5193 5255 4878 5381 4906 5344 4707 5750 4734 5698 4946 5132 5417 5113 5334 5148 4820 5110 5371 5178 5404 5803 5180 4983 4951 5113 5307 5091 5466 5515 5456 5206 5364 5221 5321 5222 4893 5358 
5731 5145 5572 5092 5534 5758 5384 5564 5431 4724 5409 5019 6074 5532 5097 5147 5517 5752 4695 5227 5584 5424 5074 5157 5021 5470 5267 5306 5141 4937 5404 5615 5624 5152 5247 5209 5250 5331 5486 5532 5502 5501 5696 5497 5214 5062 5046 5499 5498 5525 5514 5169 5497 5500 5071 5142 5474 5104 5282 5690 5619 5742 4590 5538 5271 5280 5131 5164 5430 4973 5011 5607 5359 5637 4955 5598 5595 5282 5242 5371 5621 5331 5181 5320 5335 5293 4981 5418 5253 5409 5387 5322 4796 5279 5011 5585 5373 4824 5545 5129 5316 5325 5396 5464 5179 5461 4928 5357 5500 5255 5339 5193 5199 5228 5160 5301 5211 5314 5746 5430 5572 5189 5228 5038 5140 5588 4701 5185 5111 5929 5544 5688 5382 5316 5039 4907 5078 5736 5686 5003 5073 5200 5487 5991 5711 5383 5543 6045 5028 4968 5231 5436 5708 5382 5466 5080 5332 5271 5243 5358 5689 5561 5153 5490 5562 5619 5737 5551 5127 5432 4817 5260 4887 5174 5329 5422 5210 5924 5061 5359 5582 5508 5285 5643 5504 5042 5733 5077 5331 5505 5493 5562 5464 5288 5291 5651 5799 5459 5663 5363 5245 5473 5318 5409 5454 5154 5640 5620 5662 5159 4978 5416 5831 5012 5356 5223 5223 5076 5251 5394 5187 5434 5018 5690 5006 5946 5101 6022 5420 5139 5613 5403 5359 5317 5029 5327 5364 5676 5514 6160 5356 5334 4988 5021 5359 4843 5358 5568 5674 5348 5658 5139 5364 5255 5214 5336 
5065 4813 5193 4676 4987 5141 4864 4976 4876 4679 4941 4574 5273 5124 4661 4883 5016 4873 4603 4841 5072 4959 4591 5086 4721 4707 4640 4655 4504 4773 4947 5077 5412 4779 4848 4606 4926 4884 4833 4888 5275 5178 4957 5172 4729 4748 4786 4927 5142 5127 4986 5062 4971 4905 4644 4947 4839 4877 4930 5061 5148 4951 4220 5261 4892 4777 5111 5144 4868 4516 4668 5272 4868 4901 4976 5256 4824 4685 4940 5008 5334 5099 4976 4913 4538 4998 4605 4803 4894 5104 4925 5095 4267 4712 4711 5041 4955 4470 5025 4816 5078 4837 4969 4937 5038 4952 4917 4823 5109 4697 4997 4857 4915 4793 4921 5216 4670 4886 5097 4995 5161 4466 4951 4868 5025 5039 4736 5017 5018 5489 4917 4892 4924 4975 4730 4461 4581 5333 5346 4721 4545 4916 5143 5029 5225 5112 4974 5576 4672 4543 4896 5052 5277 4983 4842 4822 5377 4671 4803 4765 5263 5226 4940 5212 5163 5050 4896 4958 4693 4528 4814 4961 4683 4689 4964 4814 4960 5512 5061 4967 5281 5335 4768 5139 4979 4915 5469 4818 4816 4869 5062 5328 5081 4823 4999 4793 5389 4704 5217 5131 4927 5158 4788 4899 4647 5006 4909 5206 5180 5046 4586 4918 5228 4556 4923 4735 4899 4828 4957 5237 5055 5168 4860 5307 4633 5410 4719 5457 4747 4732 5097 4832 5249 4955 4727 4845 4796 5113 4933 5299 5002 4917 4582 4747 4842 4489 5162 5229 5197 4926 5121 4826 5180 4853 4477 5222 
5868 5191 5652 5340 5319 5825 5438 5861 5625 5048 5523 5153 6060 5791 5374 5313 5717 5738 4932 5554 5941 5329 5110 5372 5182 5619 4931 5271 5079 5213 5427 5504 5486 5340 5592 5225 5285 5412 5605 5460 5654 5743 5819 5343 5500 4900 5191 5444 5439 5840 5650 5673 5548 5556 5053 5327 5798 5105 5489 5622 5794 5850 4852 5890 5777 5207 5485 5700 5639 5054 5218 5520 5430 5645 5669 6001 5924 5321 5335 5432 5791 5365 5502 5779 5480 5319 5127 5234 5504 5244 5598 5122 5122 5409 5069 5473 5446 4804 5488 5172 5588 5456 5471 5274 5531 5624 5236 5630 5533 5163 5606 5307 5216 5539 5433 5778 5359 5549 5725 5581 5923 5317 5217 5397 5210 5891 5013 5379 5618 6337 5708 5674 5271 5734 5349 5038 5143 5969 5867 5248 4990 5270 5684 5797 5668 5356 5590 6094 5133 5155 5449 5600 5608 5599 5449 5229 5751 5521 5478 5380 5900 5788 5199 5654 5713 6064 5861 5552 5143 5533 5198 5760 5293 5253 5184 5510 5360 5990 5554 5518 5638 5806 5337 5764 5747 5551 5724 5123 5567 5417 5618 6102 5544 5488 5559 5667 6013 5401 5658 5480 5357 5600 5457 5445 5309 5323 5822 5554 5747 5405 5356 5251 5959 5164 5242 5406 5357 5348 5545 5769 5464 5753 5173 5780 5156 6080 4915 6062 5247 5266 5721 5381 5541 5300 5037 5328 5559 5592 6005 5973 5561 5384 5116 5424 5528 5268 5533 5783 5749 5492 5720 5298 5529 5621 5271 5719 
5856 5220 5801 5368 5332 6030 5481 5409 5627 4854 5237 5181 6118 5770 5436 5318 5816 5892 4967 5615 5564 5651 5198 5358 5444 5656 5178 5400 5024 5204 5256 5619 5968 5219 5756 5330 5498 5442 5557 5240 5730 5841 5597 5521 5396 5145 5029 5452 5573 6174 5457 5486 5509 5419 5516 5553 5510 5363 5488 5548 5630 5859 5074 5790 5836 5489 5412 5856 5563 5235 5261 5840 5270 5381 5582 5804 5948 5081 5603 5457 5987 5539 5721 5507 5541 5287 5125 5475 5256 5688 5267 5756 5084 5498 5237 5637 5762 4789 5485 5353 5416 5306 5519 5581 5550 5438 5214 5622 5753 5521 5546 5293 5327 5199 5453 5769 5383 5293 5504 6092 5802 5223 5455 5360 5430 5821 4922 5371 5498 6017 5489 5670 5343 5174 5216 5227 5231 5373 5819 5118 5262 5442 5668 5611 5561 5537 5402 5965 5163 4892 5431 5693 5770 5666 5313 5283 5586 5189 5240 5350 5766 5603 5172 5802 5669 5819 5704 5497 5129 5383 5394 5739 5131 5527 5380 5503 5243 6159 5342 5690 5861 6036 5191 5721 5608 5448 5688 5458 5578 5813 5522 5820 5620 5400 5662 5476 5992 5639 5876 5498 5579 5626 5579 5613 5597 5381 5676 5950 5711 5441 5120 5499 5683 5202 5345 5430 5298 5195 5465 5607 5358 5650 5432 5914 5016 6220 4980 6159 5367 5569 5692 5661 5514 5615 5321 5434 5166 5675 5809 6216 5496 5620 5199 5179 5770 5204 5518 5449 6034 5337 5709 5408 5470 5707 5354 5451 
5515 4982 5435 5175 5301 5853 5292 5327 5448 4694 5341 5059 5742 5607 5153 5131 5358 5681 4711 5398 5618 5320 4873 5357 5155 5454 5117 5077 4887 4920 5395 5459 5648 5178 5356 5192 5175 5483 5388 5386 5558 5536 5631 5130 5176 4869 4912 5326 5403 5754 5556 5253 5232 5558 5023 5231 5447 5208 4947 5738 5506 5594 4589 5527 5525 5349 5179 5671 5296 4787 5137 5537 5365 5342 5315 5647 5409 4859 5158 5298 5613 5548 5402 5263 5268 5191 4914 4976 5089 5440 5419 5296 5235 5370 5170 5591 5161 4561 5401 5169 5303 5333 5166 4991 5553 5555 5084 5441 5464 5238 5567 5074 5119 5176 5291 5562 5336 5491 5198 5486 5621 4877 5156 5021 5255 5616 4981 5017 5513 6095 5449 5124 5208 5080 5040 4907 4899 5495 5677 4843 5249 5163 5485 5446 5416 5397 5155 5843 4961 4922 5269 5520 5635 5167 5189 5109 5326 5130 5213 5361 5407 5421 5273 5613 5408 5535 5399 5050 4994 5207 4962 5202 5023 5122 5247 5220 5174 5937 5519 5216 5463 5693 5305 5281 5310 5247 5619 5151 5242 5145 5135 5709 5216 5188 5403 5430 5784 5115 5315 5340 5217 5273 5430 5296 5280 5276 5430 5665 5261 5167 5154 5248 5373 5111 5077 5175 5280 5122 5365 5107 5276 5600 5142 5504 5011 5875 4814 5771 5230 5258 5437 5293 5336 5199 4991 5319 5169 5567 5393 6011 5031 5298 5176 4955 5233 5075 5415 5643 5584 5167 5580 5577 5283 5567 5264 5280 
5439 4812 5590 4697 5193 5518 4807 4923 5081 4513 5057 4784 5525 5455 4892 4883 5485 5107 4685 5103 5518 5168 4731 5133 4763 5004 4998 4930 4905 4598 4956 5252 5328 5019 5159 4624 4883 5200 4963 5138 5325 5049 5325 5297 4910 4710 4921 5046 5110 5404 5144 5006 5049 5226 5043 4772 5217 4968 5178 5083 4996 5402 4587 5373 5309 4898 5138 5127 4949 4470 4853 5255 5101 5429 5030 5455 5353 4743 5113 5141 4988 4927 5066 5097 5088 5039 4820 4740 5094 4947 4948 5019 4737 4834 4653 4997 5081 4825 4766 4928 5088 4759 5256 4935 5174 5142 4686 5202 5291 4938 5234 4848 4935 4993 4957 5510 4886 4930 5239 5108 5378 4667 5197 4846 4956 5345 4633 4892 5247 5798 5197 5196 4975 5162 4894 4760 4880 5286 5314 4643 4609 4750 5208 5237 5304 5264 5176 5757 4927 4697 4812 5203 5219 5029 4997 4910 5110 4735 5034 4788 5056 5397 4930 5056 5354 5464 5219 5375 4735 5024 4638 5109 4788 4877 4769 5189 5204 5549 4954 5261 5102 5422 4860 5170 5307 5024 5321 4995 5009 5101 4995 5144 5220 5452 5096 5436 5597 5132 5181 5021 5096 5045 4942 4990 5175 5019 5509 5267 5385 5064 4684 5149 5244 4866 4848 5018 4923 5155 5067 5189 4877 5272 4864 5147 5069 5634 4855 5629 4944 5131 5363 5064 5394 5122 5006 5016 5180 5035 5273 5744 5217 5072 4830 4694 5176 4721 5077 5361 5276 5008 5166 4951 4718 5131 4729 5242 
5795 5067 5726 5134 5466 5690 5104 5582 5636 4801 5308 5167 5701 5432 5273 5387 5211 5825 4865 5146 5903 5169 4873 5397 5184 5449 5274 5123 5109 4935 5516 5314 5733 4909 5484 5016 5299 5289 5488 5360 5376 5746 5734 5590 5412 5254 5107 5473 5398 5866 5428 5361 5154 5511 5118 4934 5410 4996 5301 5607 5556 5610 4737 5647 5471 5291 5286 5626 5293 5383 5096 5460 5299 5601 5389 5617 5508 5182 5251 5440 5265 5294 5380 5380 5375 5281 5275 5050 5228 5454 5241 5709 5138 5360 4931 5376 5344 4779 5295 5110 5377 5490 5180 4994 5601 5399 5229 5426 5272 5233 5598 5123 5585 5308 5324 5570 5281 5251 5211 5621 5647 5090 5412 4984 4984 5530 4992 5517 5487 6072 5494 5403 5328 5509 5174 5112 5017 5471 5569 5169 4768 5416 5399 5599 5458 5348 5531 5870 4930 5067 5186 5628 5515 5528 5333 5051 5405 5259 5056 5509 5448 5762 5045 5507 5160 5599 5692 5431 4967 5382 4942 5429 5200 5400 5266 5290 5178 5784 5425 5317 5656 5687 5249 5672 5428 5117 5672 4942 5331 5423 5608 5778 5493 5595 5480 5609 5625 5549 5413 5421 5417 5538 5456 5374 5101 5589 5448 5425 5638 5269 5306 5358 5599 5086 5046 4885 5435 5249 5488 5440 5498 5601 5069 5497 5216 5942 5192 5640 5222 5555 5803 5350 5424 5376 5076 5172 5527 5475 5309 5913 5242 5401 4935 4965 5194 5030 5450 5611 5455 5290 5780 5378 5271 4951 5162 5519 
5533 5206 5651 5247 5648 5981 5347 5625 5595 4937 5232 5067 5937 5844 5438 5427 5337 5585 4880 5200 5795 5392 5061 5336 5285 5512 5225 5325 5003 5143 5499 5573 5677 5061 5458 5468 5664 5410 5442 5359 5927 5579 5551 5569 5697 5106 5129 5419 5484 5692 5425 5184 5134 5417 5251 5235 5481 5384 5382 5336 5510 5778 4897 5698 5499 5267 5340 5586 5297 5081 5069 5676 5455 5751 5469 5826 5639 5154 5401 5658 5770 5389 5404 5406 5541 5405 5113 5256 5329 5470 5332 5343 5232 5461 5128 5425 5324 5067 5511 5040 5606 5268 5513 5119 5668 5364 5334 5575 5636 5293 5491 5497 5588 5487 5095 5416 5207 5305 5664 5593 5790 5034 5279 5151 5410 5582 4730 5334 5524 6186 5554 5295 5502 5410 5201 5074 4933 5768 5823 5135 5207 5552 5742 5666 5473 5585 5710 6121 5134 5009 5349 5588 5804 5537 5429 5330 5619 5552 5303 5260 5505 5793 5260 5682 5464 5702 5714 5520 5223 5315 5089 5661 5340 5473 5217 5508 5098 6026 5289 5463 5764 5892 5517 5554 5530 5367 5608 5158 5440 5271 5583 5696 5400 5428 5469 5555 5943 5491 5582 5462 5342 5552 5476 5615 5133 5226 5762 5606 5661 5435 5418 5501 5697 4937 5264 5059 5203 5194 5576 5278 5390 5625 5346 5594 5110 6119 4773 5913 4922 5257 6063 5630 5453 5347 5229 5421 5567 5601 5504 6005 5405 5505 5173 5117 5673 5022 5564 5341 5734 5409 5822 5139 5384 5393 5226 5649 
5600 4940 5511 5119 5332 5902 5217 5316 5281 4637 5134 5062 5664 5484 5065 4949 5498 5508 4955 5048 5688 5138 4804 5129 5167 5170 5070 4956 4966 5042 5217 5777 5403 5173 5407 5036 5124 5066 5364 5177 5293 5374 5319 5353 5268 4890 5090 5388 4840 5428 5229 5216 5142 5259 5063 5064 5478 5195 5395 5382 5424 5484 4581 5467 5258 5199 5065 5253 4998 4752 4776 5499 5333 5542 4977 5459 5651 4963 5166 5131 5541 5288 5166 5297 5254 5129 5009 4955 5184 5130 5342 5177 4888 5149 4877 5112 4957 4917 5088 4955 5287 5251 5089 5119 5299 5417 4989 5209 5296 5185 5142 5008 5122 5092 5341 5255 4939 5112 5458 5344 5452 4774 4980 4925 5109 5289 4628 5226 5371 5839 5676 5271 5173 5236 4789 5102 4944 5409 5714 5043 4949 5117 5696 5527 5266 5141 4963 5804 4746 5008 5096 5439 5651 5234 4994 4962 5528 5096 4860 5103 5339 5409 5139 5389 5178 5541 5439 5406 4975 5081 4825 5341 4944 5049 4972 5034 5153 5853 5203 5224 5485 5481 4914 5267 5500 5182 5805 4944 5450 5066 5278 5483 5210 5271 5297 5384 5555 5272 5349 5164 5164 5217 4962 5234 5192 5166 5380 5507 5771 5302 5137 5151 5440 4973 4971 4999 5122 4945 5198 5289 5102 5508 5146 5268 5007 5721 4906 5651 4938 5110 5548 5250 5384 5283 5073 5136 5394 5423 5503 5895 5155 5326 4724 4942 5262 4732 5385 5816 5570 5068 5455 5257 5053 5052 4902 5342 
5667 4975 5747 5447 5448 5741 5251 5496 5486 4772 5418 5118 6009 5798 5327 5367 5525 5685 5071 5266 5644 5332 5120 5230 5252 5288 4863 5263 5099 5054 5050 5527 5473 5331 5292 4948 5297 5465 5498 5262 5802 5625 5675 5547 5256 5248 5067 5480 5611 5819 5439 5398 5613 5130 5058 5052 5576 5284 5382 5385 5652 5630 4763 5933 5516 5331 5157 5634 5115 4939 5240 5474 5330 5578 5396 5827 5712 5198 5473 5460 5681 5388 5452 5315 5370 5266 5137 5301 5292 5383 5475 5470 5072 5393 5197 5644 5223 5140 5189 5162 5520 5449 5401 4943 5534 5696 5026 5601 5451 5628 5394 4981 5369 5410 5298 5788 5416 5192 5536 5821 5814 5266 5326 5095 5315 5669 4959 5605 5427 6179 5471 5483 5403 5487 4990 5045 5353 5683 5824 5239 5175 5519 5654 5512 5625 5250 5235 5989 5181 4997 5308 5638 5845 5636 5502 5152 5692 5622 5058 5400 5495 5493 5060 5691 5530 5840 5835 5441 5216 5320 5182 5554 5425 5204 5220 5342 5400 5887 5502 5302 5823 5770 5115 5759 5783 5211 5661 5115 5658 5430 5589 5632 5296 5373 5533 5615 5719 5608 5515 5256 5242 5502 5772 5437 5384 5230 5670 5571 5551 5301 5002 5299 5543 5204 5221 5166 5560 5258 5412 5469 5393 5377 5565 5576 4995 6060 5242 5837 5137 5117 5892 5496 5443 5336 5019 5346 5583 5575 5648 6013 5489 5447 4834 5278 5663 5097 5326 5411 5526 5406 5663 5352 5288 5506 5299 5417 
5124 4789 5480 4750 5014 5039 4718 5043 5081 4518 5095 4433 5416 5148 4681 4726 5273 5227 4502 5055 5007 4872 4535 5203 4846 4926 4760 4779 4836 4669 4827 5175 5222 4848 5053 4471 4954 4926 5160 4928 5111 4955 5166 4801 4899 4640 4583 4984 4932 4970 5199 5000 5085 5203 4713 4905 5123 4714 5052 4918 5271 5070 4426 5305 5107 4714 4967 5137 4975 4699 4554 5170 5027 4997 4789 5211 5225 4553 4868 4811 5157 4875 4749 4967 4926 4934 4711 4644 5077 4991 5073 5049 4525 4686 4596 5038 5097 4645 5006 4832 4940 4848 4951 4888 5044 5026 4874 5151 5016 4741 5074 4661 4490 4876 5062 5156 4902 4884 4807 5082 5143 4543 4865 4810 4822 5156 4496 4944 4944 5504 5289 5168 4752 5177 4664 4598 4637 5176 5281 4755 4473 4784 5068 5179 5141 5184 4966 5440 4577 4427 4666 5052 5128 4774 4679 4500 5003 4693 4865 4818 5122 4982 4806 4909 5354 5241 5442 5064 4709 4800 4747 5172 4859 4609 4562 5124 4932 5454 4912 4860 5426 5282 4766 5155 5158 4941 5091 5009 4977 4842 4877 5111 4974 5090 5063 5094 5522 4972 5215 5021 4766 4967 5115 4821 5119 4715 5059 5157 5537 4952 4709 4855 5009 4377 4870 4557 4898 4718 4672 5076 4870 5226 4809 5134 4534 5334 4680 5425 4765 4898 5316 4809 5037 5116 4658 4794 5017 5084 5129 5503 5105 4962 4550 4534 5060 4349 4977 5169 5111 4949 5088 4920 4883 4807 4673 5105 
5208 4633 5301 4902 5267 5210 4951 5323 5092 4680 4792 4688 5551 5174 4785 4957 5259 5108 4679 4894 5492 5006 4625 4899 4851 4887 4626 4746 4703 4902 5131 5093 5074 5082 4937 4787 4874 4815 5160 4951 5034 5150 5278 5061 4906 4865 4629 4956 4996 5346 5088 5072 4828 4928 4633 4637 4916 4680 5005 5261 5014 5218 4215 5296 4969 4864 5056 5151 4841 4754 4755 5315 4880 5002 4689 5288 5314 4959 4960 5009 5238 4812 4977 5062 4961 4750 4822 4816 4668 4962 4795 4995 4634 4711 4891 4955 4923 4413 5132 4673 4638 5121 4897 4880 5124 5094 4582 4961 4959 4539 5240 4825 4773 4975 5075 5386 4911 4668 5004 5139 5571 4683 4792 4714 4816 4998 4439 4898 5042 5460 5263 5027 4896 5133 4919 4562 5039 5082 5385 4673 4806 5033 4986 4998 5041 5152 5023 5397 4715 4693 4965 4880 5088 5168 4927 4670 5206 5019 4735 4929 5032 5218 4654 5059 5258 5311 5019 5049 4590 4796 4655 5126 4772 4811 4881 5031 5009 5502 4895 5075 5383 5382 4794 5137 5020 5030 5142 4654 4859 4997 5084 5403 5053 5154 5213 5010 5318 4869 5080 4742 5034 5035 4973 4949 5080 4670 5151 5326 5394 4940 4949 4919 5113 4646 4919 4725 4910 4910 5045 5039 5104 5105 4758 5142 4543 5797 4309 5327 4965 4906 5103 4735 5014 4627 4496 4899 4940 5311 5118 5490 5073 5065 4614 4682 5092 4786 5058 5017 5212 4791 5059 4753 4951 4850 4774 5062 
5243 5107 5442 5085 5707 5828 5069 5149 5292 4667 5332 4730 5379 5320 4750 5164 5144 5402 4758 5217 5652 5114 4974 5347 4953 5190 5190 4867 4951 4865 5026 5292 5458 4775 5159 5073 5299 5279 5241 5208 5443 5398 5355 5496 5288 5223 4734 5458 5294 5507 5268 5331 5070 5313 5101 4954 5244 4879 5171 5255 5280 5732 4644 5247 5212 5097 5144 5252 4986 4814 4790 5465 5119 5335 5152 5586 5505 4900 5278 5365 5527 4950 5082 5516 5284 5131 4572 5048 5386 5157 5091 5097 4951 5090 4965 5302 5145 4767 5124 5110 5261 5131 5260 5313 5109 5285 5150 5160 5427 5319 5259 4864 5182 5247 5046 5343 5053 4972 5050 5519 5306 4993 5010 4926 4943 5370 4561 5071 5277 5808 5320 5234 5194 4930 4721 4975 4975 5346 5698 5004 4949 4908 5616 5322 5070 5209 5155 5598 4939 4804 5047 5218 5650 5047 5065 5028 5261 5082 5177 5153 5191 5432 4847 5245 5261 5550 5336 5256 4691 5006 4807 5108 4990 5118 4905 5168 4839 5621 5181 5233 5538 5457 5170 5319 4981 5001 5312 5087 5193 5219 5187 5358 5264 5197 5178 5306 5554 5486 5251 5254 5106 5117 5042 5052 5091 5024 5391 5380 5418 4956 4992 5006 5618 4829 5178 5035 4973 5214 5252 5066 5266 5352 4768 5342 5059 5883 4764 5709 4826 5074 5511 5216 5341 5142 4845 4941 5260 5273 5244 5615 5155 5156 4977 4889 5254 4755 5346 5347 5379 5068 5366 5037 5491 5044 4821 5260 
5356 5015 5670 5361 5235 5617 5432 5462 5498 5169 5109 4985 5725 5766 5328 5438 5549 5304 4855 5231 5761 5384 5037 5321 5125 5341 5135 5190 5056 5195 5003 5528 5637 5068 5445 4892 5364 5605 5271 5145 5824 5592 5696 5348 5311 5155 4944 5412 5477 5491 5250 5298 5292 5452 5001 5230 5580 5283 5200 5416 5639 5414 4750 5590 5424 5104 5136 5508 5422 4871 4947 5567 5445 5351 5248 5740 5410 4945 5195 5323 5419 5358 5499 5424 5258 5432 5088 5392 5278 5450 5111 5512 4834 5091 5149 5498 5286 5004 5597 5105 5346 5382 5522 5312 5510 5313 5209 5799 5686 5165 5587 5319 5348 5213 5285 5569 5286 5546 5334 5464 5447 4898 5164 5238 5080 5516 4879 5288 5423 6155 5663 5588 5274 5513 5242 4971 4931 5798 5726 5175 4701 5262 5625 5572 5578 5767 5570 5875 5352 4931 5165 5607 5602 5382 5209 5046 5594 5234 5190 5563 5672 5777 5073 5587 5650 5555 5654 5371 5226 5198 5148 5509 4932 5627 5233 5198 5139 5880 5310 5478 5612 5900 5333 5545 5447 5220 5422 4974 5363 5334 5493 5518 5430 5394 5445 5383 5926 5450 5566 5365 5122 5604 5459 5389 5038 5355 5609 5611 5652 5382 5012 5290 5554 4832 5186 4988 4976 4965 5337 5373 5266 5557 5175 5713 4890 5969 4910 5729 4950 5224 5788 5346 5639 5184 5251 5053 5311 5398 5470 5878 5529 5387 4963 5217 5330 4915 5474 5680 5493 5231 5518 5276 5510 5209 5288 5639 
5191 4593 5136 4989 5075 5445 4968 5074 5252 4689 4845 4427 5620 5136 4806 4926 4933 5156 4489 4843 5463 4896 4982 5056 4754 5014 4846 5051 4631 5021 4822 5352 5290 4743 5101 4517 4907 4864 5209 4763 5253 5261 5276 5048 4727 4968 4782 5143 4910 5165 5035 5086 5036 5167 4951 4895 5316 4764 4836 5124 5233 5345 4307 5068 5035 5081 4813 4926 5023 4590 4859 5475 5108 4841 4949 5466 5447 4686 5083 5180 5313 5031 4845 4918 5069 4946 4505 4724 4942 5066 4862 5202 4630 4924 4690 5295 5051 4453 5280 4678 5111 4887 4978 4857 5254 5273 4753 5075 5137 4964 4980 4674 4762 4980 4984 5323 4896 4879 5056 5202 5261 4614 4978 4733 4695 5151 4524 5209 4960 5727 5221 5156 5043 4886 4849 4513 4676 5302 5255 4918 4728 4828 5162 5213 5236 5145 5057 5514 4643 4696 4852 5142 5395 5002 5040 4747 5434 4846 4799 4982 5132 5378 5118 5186 5068 5496 5242 5325 4680 4993 4819 5341 4887 5001 5035 5145 4976 5313 4974 5038 5412 5207 4886 5237 5289 4935 5177 4873 4882 5043 5175 5312 5153 4905 5009 5154 5558 5073 5431 5000 5062 4990 5164 5009 4860 5090 5166 5202 5352 4904 4854 4890 5354 4815 4900 4969 4933 4904 5162 5089 4944 5076 4748 5109 4637 5582 4731 5531 4970 4906 5277 4990 4901 5139 4978 4962 5118 5226 5180 5648 5327 4989 4477 4572 4958 4796 5279 5336 5510 5055 5278 5126 5199 5202 5028 5293 
5232 4580 5086 4727 4687 5161 4787 4789 4801 4330 4973 4613 5173 5216 4579 4711 4985 4952 4440 4791 5059 4796 4442 4982 4728 4853 4569 4621 4903 4676 4821 5172 5497 4557 4915 4710 4696 4927 4921 4827 5021 5191 5100 5335 4805 4644 4413 4891 4979 5052 5052 4953 4807 4720 4928 4706 5139 4765 4797 4813 5079 5332 4272 5005 5153 5137 4758 5097 4947 4734 4780 5144 4917 5040 4953 5170 5111 4528 4994 5091 5164 4685 4917 4865 4818 4713 4539 4755 4880 5006 4747 5102 4495 4725 4721 4831 4738 4326 5111 5079 4893 4945 4708 4779 5114 5118 4548 5002 4980 4699 4806 4624 4866 5006 4988 5128 4931 4993 4790 5046 4979 4467 4874 4626 4903 5090 4417 4739 5098 5553 4982 5005 4784 5017 4526 4646 4223 4915 5183 4539 4569 4953 5071 4995 5017 5167 4789 5265 4624 4270 5071 4917 5120 5006 4881 4742 5034 4575 4994 4947 5076 5085 4784 5083 4894 4999 5268 5017 4548 4621 4603 4866 4508 4752 4577 5090 5016 5350 4894 4764 5400 5347 4649 5013 4794 4890 5038 4687 4842 5150 4875 5335 4990 4728 4814 4899 5276 4960 5264 4767 4842 4744 4962 4857 4940 4827 5108 5212 5128 4896 4819 4773 5173 4515 4973 4725 4992 4828 4958 5159 4933 5189 4549 5110 4691 5580 4347 5405 4843 4782 5314 5004 4880 4997 4711 4651 4952 5028 4851 5329 4765 4851 4643 4639 4866 4437 4933 4879 5230 5030 5078 4747 4896 4656 4789 5005 
5664 5062 5943 5418 5612 5910 5421 5547 5905 4888 5463 5087 6033 5660 5389 5178 5882 5795 4951 5314 5865 5604 5466 5345 5109 5325 5290 5364 5079 5131 5291 5614 5796 5144 5676 5273 5476 5602 5504 5472 5751 5749 5846 5606 5578 5076 5186 5452 5477 5986 5440 5526 5299 5740 5159 5039 5617 5461 5373 5430 5467 5734 4915 5926 5678 5290 5459 5695 5550 5014 5266 5743 5413 5464 5264 5738 5589 5174 5476 5352 5511 5655 5608 5380 5398 5538 4991 5308 5475 5504 5331 5486 5170 5434 5043 5578 5507 4722 5404 5057 5434 5566 5608 5287 5732 5504 5413 5574 5585 5561 5752 5324 5358 5442 5444 5735 5204 5362 5577 5755 5816 5415 5487 5150 5210 5743 5135 5363 5524 6100 5553 5479 5446 5376 5292 5185 5010 5699 5789 5111 5257 5564 5708 5579 5757 5560 5430 6188 5316 4893 5245 5605 5781 5214 5315 5182 5714 5455 5295 5245 5485 5756 5116 5732 5590 5856 5927 5629 5216 5470 5142 5412 5270 5297 5432 5297 5355 5906 5433 5566 5762 5948 5307 5775 5639 5439 5625 5063 5409 5618 5631 5779 5745 5599 5441 5569 5755 5335 5644 5450 5394 5721 5589 5159 5649 5374 5847 5752 5774 5433 5190 5418 5613 5325 5174 5105 5317 5328 5708 5462 5611 5782 5280 5673 5170 6026 5186 5819 5129 5476 5720 5558 5611 5170 5144 5399 5390 5636 5678 5856 5470 5534 5292 5134 5295 4856 5736 5692 5567 5380 5517 5334 5320 5564 5214 5896 
5550 4938 5303 4951 5265 5536 4928 5416 5419 4843 5391 5140 5903 5474 5309 5316 5429 5694 4940 5240 5428 5222 5054 4984 4952 5433 5045 4856 4775 4828 5284 5327 5455 5087 5459 4982 5244 5392 5530 5338 5368 5518 5694 5492 5270 5152 5033 5614 5229 5784 5214 5243 5206 5202 4921 5256 5644 4847 5426 5415 5151 5542 4571 5584 5617 5052 5411 5422 5419 5176 5052 5347 5225 5182 5427 5445 5795 4886 5115 5236 5622 5270 5290 5389 5341 5145 4862 5259 5157 5089 5530 5458 4513 5032 5034 5413 5263 4964 5298 5128 5505 5332 5345 4927 5516 5522 5079 5354 5626 5160 5605 4989 5120 5192 5366 5783 5242 5258 5185 5469 5584 4933 4974 5046 5002 5390 4902 5161 5326 6092 5363 5271 5291 5302 5087 5045 5125 5467 5484 4957 4790 4975 5690 5653 5570 5362 5467 5764 4932 5091 5173 5210 5413 5425 5060 4971 5559 5045 5283 5322 5415 5491 5261 5281 5447 5432 5846 5270 5102 5223 4997 5592 5082 5250 5106 5346 4898 5987 5335 5285 5488 5706 5515 5371 5503 5305 5237 4965 5116 5343 5288 5250 5248 5089 5584 5168 5607 4939 5431 5181 4982 5375 5033 5534 5147 5214 5703 5280 5521 5115 5232 5146 5317 4974 4954 4939 5429 5164 5391 5328 5321 5474 5208 5518 5103 5900 4966 5805 5281 5216 5539 5205 5400 5146 5025 5116 5369 5541 5516 5967 5324 5222 5081 5316 5494 5120 5212 5233 5530 5127 5546 5032 5393 5118 5059 5444 
5574 5099 5334 4831 5330 5630 5116 5128 5310 4655 5066 4912 5572 5133 4814 5055 5304 5236 4606 5354 5416 5037 4861 5196 4709 5197 4890 5095 4787 4969 4854 5543 5734 4843 5382 4996 4970 4956 5040 5125 5560 5405 5551 5312 5085 5059 4942 5190 5109 5522 5086 4927 5175 5274 5018 4974 5552 4781 5006 5311 5369 5441 4586 5499 5245 5053 5087 5292 5275 4771 4625 5570 4602 5293 4975 5558 5521 4666 5194 5176 5404 5062 5091 5224 4975 4996 4874 4656 4946 5051 5066 5419 4701 5135 4961 5040 5179 4636 5337 5131 5094 5145 5093 5129 5371 5222 4892 5273 5290 5116 5366 4874 4739 4985 5041 5501 5106 5090 5236 5246 5313 4560 5211 4837 5114 5283 4643 5239 5069 5966 5132 5233 5139 5007 5095 4959 4755 5262 5549 5127 4770 4946 5273 5372 5251 5416 5022 5537 4879 4744 5063 5248 5448 5429 4753 5015 5367 5419 4924 5103 5399 5514 4943 5208 5249 5327 5555 5360 5030 5141 4922 5368 4757 5301 4934 5076 4908 5741 5175 5242 5551 5661 5263 5437 5095 4926 5445 5002 5109 5116 5162 5639 5222 5184 5177 5158 5575 5499 5425 5169 5148 5247 5257 5210 5057 5000 5126 5342 5648 4959 5052 5270 5367 4845 4990 4826 5021 5034 5254 5135 5113 4938 5047 5449 4792 5794 4765 5527 4689 5025 5523 5293 5126 5370 4876 5159 5015 5147 5201 5587 5221 5053 4627 4914 4968 4790 5176 5387 5426 5023 5353 4996 5353 5206 4942 5406 
5554 4563 5258 4780 5099 5468 4972 5262 5275 4489 5123 4583 5615 5432 5007 5158 5034 5150 4837 5096 5015 5060 4594 5157 4706 5053 4919 4893 4725 4986 4997 5403 5389 4985 5344 4805 5172 5153 5008 4974 5271 5231 5399 5265 4971 5036 4697 4984 5072 5191 5297 4914 5133 5187 4853 5067 5207 4890 5149 5009 5378 5186 4807 5336 4999 5009 4937 5081 5008 4679 4969 5273 4968 5203 5086 5086 5180 4944 5240 5215 5291 5021 4884 4999 5082 4992 4806 4950 4908 5129 4848 5093 4777 5118 4851 5069 5175 4615 5023 5090 5206 4912 5116 4977 5188 4911 4819 5222 5118 4913 5186 5031 4974 5049 4969 5198 4833 5012 5077 5421 5178 4722 4839 4871 5048 5115 4368 4864 5019 5631 5282 5074 5009 4970 4792 4722 4926 5127 5618 4898 4937 4924 5256 5331 5198 5204 5323 5623 4616 4487 4904 5162 5259 5025 4772 4947 5148 5005 5117 4904 5322 4972 4760 5373 5394 5126 5529 5289 4849 4975 5051 5095 4779 5012 4803 4967 4725 5762 5119 4930 5388 5483 5164 5219 5148 4828 5403 4635 5070 5247 5050 5281 4962 5002 4988 5125 5745 5214 5405 4963 4948 5014 4952 5066 4958 5014 5149 5365 5514 4827 5017 5272 5319 4618 4940 4596 4905 4847 5091 5262 5044 5302 4966 5279 4715 5540 4699 5261 4865 4778 5363 5097 5218 5070 4842 4973 4806 5330 5117 5717 5061 4889 4867 4712 5315 4859 5157 5253 5384 4798 5232 5004 5207 4851 5126 5138 
6037 5261 5850 5446 5720 6205 5582 5543 5814 4960 5421 5159 5965 5615 5492 5448 5726 5717 5068 5618 5712 5710 5246 5472 5568 5695 5461 5431 5402 5157 5544 5795 5872 5177 5655 5384 5870 5795 5599 5522 5682 5909 5800 5755 5511 5239 5167 5679 5488 5916 5475 5816 5541 5526 5484 5334 5799 5395 5506 5625 5635 5870 5143 5976 5428 5621 5684 5895 5648 5270 5166 5757 5310 5664 5573 5794 5895 5194 5433 5449 5598 5352 5482 5777 5769 5720 5306 5347 5360 5525 5395 5433 5454 5480 5451 5728 5763 5135 5681 5343 5344 5598 5685 5134 5644 5967 5202 5808 5803 5473 5710 5470 5328 5622 5633 5954 5568 5782 5723 5719 5781 5259 5469 5504 5356 5898 5043 5583 5861 6224 5760 5572 5543 5559 5239 5322 5243 5755 6031 5536 5261 5354 5673 5951 5616 5559 5520 6142 5158 5095 5415 5742 5938 5647 5561 5682 5650 5527 5455 5429 5748 5718 5305 5733 5653 6151 5767 5754 5257 5627 5246 5517 5573 5624 5303 5409 5685 6011 5569 5477 6177 6092 5195 5883 5541 5672 5940 5396 5394 5651 5573 5867 5822 5618 5624 5775 5996 5704 6019 5784 5751 5348 5434 5562 5569 5580 5752 5793 5904 5341 5491 5233 5705 5320 5500 5448 5490 5411 5842 5660 5460 5739 5434 5700 5365 6322 5291 6096 5416 5577 5957 5619 5821 5367 5487 5498 5782 5735 5882 6271 5775 5735 5064 5362 5621 5019 5696 5814 5891 5444 5762 5734 5590 5587 5530 5889 
4881 4667 5130 4633 4959 5203 5020 4967 4983 4328 4859 4556 5425 4939 4810 4586 5064 5132 4408 4780 5330 4897 4585 4667 4586 4768 4679 4680 4629 4508 4817 4700 5060 4774 4973 4678 4921 4929 4982 4904 5377 5144 5391 4901 4888 4820 4673 5216 4971 5023 4894 4761 4815 4788 4632 4815 4919 4579 4982 5069 4931 5305 4307 5096 5158 4759 4889 4936 4424 4572 4692 5106 5079 4835 4626 5282 5022 4836 4603 4938 5026 4748 4772 5072 4746 4793 4657 4772 4917 4988 4687 4632 4594 4691 4604 4935 4958 4372 5037 4490 4896 4775 4955 4656 5048 5043 4239 5044 4964 4821 4836 4586 4781 4779 4584 5225 4677 4859 5100 5269 5324 4850 4606 4653 4668 4969 4279 4760 4996 5337 4933 4786 5022 4817 4638 4588 4858 5025 5017 4694 4721 4684 5318 5233 5093 4842 4803 5440 4540 4599 4803 4798 5169 4808 4844 4544 4956 4750 4586 4806 4869 5220 4641 5143 5209 5046 5136 5109 4554 5037 4716 4789 4805 4829 4840 4873 4680 5215 4881 4885 5146 5007 4719 4829 4963 4836 5232 4697 4824 4853 4768 4965 5127 4855 4904 5210 5203 4637 4930 4917 5069 5035 4912 4742 4774 4925 5160 5354 5120 4984 4543 4681 5176 4599 4604 4658 4801 4589 5105 5032 4859 4846 4621 5081 4503 5396 4628 5175 4667 4637 5228 4956 5117 4760 4596 4695 4869 5138 5206 5604 5067 4977 4521 4448 4912 4535 5068 5204 5198 4813 5182 4788 4811 4930 4744 5076 
5233 4658 5294 4963 4964 5408 5080 5259 5019 4786 4855 4619 5564 5262 5001 4976 4994 5257 4602 4921 5497 5286 4825 5330 4845 4997 4762 4801 4825 4873 5148 5137 5267 4876 5221 4889 4966 5024 5106 5104 5298 5589 5449 5235 4834 4859 4794 5282 5023 5464 5102 5017 5030 5132 5041 5053 5152 4763 4912 5090 5179 5107 4408 5489 5350 5129 5268 5461 5084 4464 4884 5103 5133 5227 4924 5268 5429 4792 4960 5195 5345 4936 5089 5065 5190 5065 4782 4910 5027 5262 5109 5070 4739 5104 4851 5119 4989 4623 4968 4814 4742 5102 5081 4863 5340 5029 4967 5061 4965 4864 5326 5251 4814 4776 5163 5402 4944 5171 5017 5110 5227 4673 5203 4866 4894 5159 4601 5041 5276 5994 5385 5131 4714 4977 5006 4759 4608 5355 5559 4940 4791 4907 5374 5127 5410 5239 4924 5319 4761 4748 5026 5065 5234 5206 4873 4569 5382 4861 4861 5079 5052 5410 4888 5202 5114 5469 5475 5131 4665 4944 5036 5333 4874 4864 4837 4915 5247 5487 5224 5037 5604 5699 4880 5185 5272 5373 5398 4889 5117 4891 5029 5343 5037 5342 5055 4961 5562 5158 5377 4929 4934 5231 4998 4916 5025 5125 4936 5099 5359 5148 4963 5071 5273 4815 4993 4950 4912 5140 4974 5084 5011 5311 4841 5083 5087 5642 4580 5644 4990 5096 5191 4779 5289 5180 4678 4875 5150 5293 5286 5557 5202 5205 4743 4836 5357 4990 5253 5320 5057 5038 5250 5049 5134 5078 4885 5409 
5220 4922 5251 4854 5196 5273 5267 5086 5116 4730 4996 4817 5586 5476 4947 4725 5140 5544 4547 5021 5182 5119 4904 4982 4743 5464 4740 5111 4782 4874 5096 5133 5363 4661 5128 4878 5093 5175 5096 5044 5424 5548 5507 5216 5032 4884 4670 5173 5510 5365 5356 5379 5320 4984 4906 4996 5433 5031 4934 5028 5557 5439 4511 5660 5137 5246 4987 5760 5130 4529 4977 5708 5061 5247 4871 5256 5395 4702 5095 5005 5464 4787 5255 5298 5219 4954 4919 4757 5193 5143 4956 4959 4742 5078 5097 5233 5002 4575 5181 4966 5064 5134 5065 4832 5004 5219 4809 5076 5303 4931 5038 4960 4863 5001 4960 5367 5043 5063 5265 5144 5339 5075 5108 4796 5063 5368 4736 5218 5238 5843 4991 5232 5149 5283 5227 4821 4635 5678 5405 5109 4563 5184 5335 5244 5378 5166 5052 5643 4974 4782 4992 5163 5388 5127 5021 4909 5391 5111 4975 5001 5213 5254 5003 5249 5117 5393 5316 5196 4771 5279 4889 5350 4921 5043 5216 5426 4947 5548 5124 5073 5363 5399 4932 5246 5221 5196 5485 4741 5101 5103 5050 5455 5299 5099 5139 5266 5520 5224 5349 5218 4922 5148 5278 5344 4852 5147 5241 5372 5281 4890 4759 5043 5382 4950 4854 4940 5133 4872 5226 5287 5029 4987 4789 5427 4825 5531 4647 5674 5136 5027 5432 5022 5137 5083 4736 5004 5202 5138 5367 5724 5289 5134 4700 4896 5026 4818 5455 5093 5526 5182 5297 4880 5305 4995 4891 5415 
5645 5250 5623 5060 5415 5733 5326 5345 5370 4761 5441 5002 5882 5705 5076 5103 5446 5525 5055 5256 5542 5029 5171 5297 4917 5240 5172 5325 5080 5143 5383 5527 5490 5497 5434 5030 5249 5274 5419 5390 5441 5527 5431 5666 5213 5105 5072 5494 5480 5497 5439 5411 5527 5201 5153 5409 5688 5211 5438 5372 5799 5647 4684 5663 5483 5266 5019 5537 5473 5051 4945 5626 5213 5428 5023 5673 5620 5171 5451 5403 5631 5442 5149 5299 5081 5024 4939 4921 5220 5286 5035 5505 4830 5247 5072 5397 5137 4907 5193 5110 5430 5414 5575 5072 5476 5261 5116 5032 5428 5153 5385 5091 4943 5409 5288 5669 5190 5072 5425 5521 5690 4876 5258 5067 5458 5552 4973 5477 5377 5957 5417 5399 5053 5332 4942 5044 5169 5516 5799 4951 4905 5291 5611 5776 5468 5592 5275 5917 4979 4944 5372 5389 5852 5368 5262 5055 5460 5002 5429 5479 5321 5506 5218 5474 5393 5674 5477 5387 4949 5260 5028 5458 5202 5148 5025 5586 5485 5681 5313 5230 5758 5819 5311 5839 5381 5556 5594 5444 5333 5291 5344 5739 5229 5297 5465 5532 5793 5386 5710 5367 5334 5478 5512 5348 5372 5234 5382 5565 5322 5278 5030 5347 5671 4951 5327 5240 5077 5357 5253 5677 5209 5237 5011 5558 4975 5822 4832 5868 5304 5219 5503 5274 5468 5550 5214 5189 5276 5614 5459 6023 5261 5314 5101 5102 5295 5004 5389 5773 5807 5444 5564 5264 5338 5096 5259 5569 
5775 5168 5725 5348 5553 5766 5358 5504 5533 4881 5514 5119 6034 5927 5341 5461 5500 5718 4681 5528 5907 5438 5097 5502 5301 5356 5241 5119 5292 5224 5587 5572 5870 5400 5680 5085 5407 5405 5446 5318 5865 5804 5862 5822 5383 5103 5157 5550 5460 6002 5636 5387 5506 5622 5243 5497 5721 5304 5568 5699 5708 5786 4765 5645 5686 5476 5440 5744 5701 5067 5177 5814 5392 5709 5272 5929 5925 5098 5301 5513 5771 5473 5636 5515 5522 5308 5116 5321 5556 5577 5336 5560 5090 5312 5084 5397 5396 4976 5390 5451 5459 5307 5403 5425 5812 5417 5509 5615 5717 5433 5725 5374 5221 5546 5237 5797 5396 5318 5874 5743 5573 5171 5311 5297 5369 5753 5144 5300 5760 6080 5468 5533 5546 5454 5317 5076 5448 5767 5523 5154 5105 5537 5689 5787 5435 5592 5616 6217 5364 5152 5256 5785 5879 5612 5206 5326 5831 5443 5616 5168 5711 5981 5438 5671 5452 5547 5659 5789 5212 5299 5368 5656 5306 5399 5358 5514 5418 5994 5545 5721 5799 5925 5447 5878 5850 5669 5845 5521 5507 5540 5567 5907 5582 5160 5591 5732 5803 5411 5622 5409 5591 5597 5599 5491 5406 5549 5627 5727 5653 5254 5287 5353 5876 5220 5324 5550 5660 5477 5804 5537 5471 5491 5450 5529 5074 6031 5188 6098 5191 5298 5732 5733 5731 5441 5226 5449 5603 5586 5687 6208 5453 5547 5299 5399 5576 5180 5560 5835 5862 5478 5691 5192 5476 5326 5191 5477 
5282 4672 5570 5218 5024 5465 5006 5401 4932 4850 4902 4545 5529 5316 4901 5177 5146 5270 4298 4964 5318 5124 4673 4899 4901 4982 4857 5055 4667 4742 5245 5295 5183 4956 4989 4901 5100 4953 5241 5057 5094 5179 5244 5192 4913 4721 4681 5081 5133 5254 4927 5272 5180 5114 4837 5011 5282 4935 4934 5228 5317 5339 4482 5341 5188 4992 4968 5530 5023 4494 4755 5220 5029 5159 5064 5538 5231 4789 5199 5035 5379 5105 4877 5356 5034 4919 4696 4842 4930 5217 5148 4941 4723 4929 4888 5162 4972 4705 5055 4722 4727 5132 5056 5061 5164 5000 4838 5109 4935 4961 5322 4841 4969 4847 5172 5406 5002 5009 5008 4976 5205 4745 4889 4613 4721 5088 4610 4945 5043 5632 5259 5162 4853 4918 4925 4689 4858 5344 5529 4785 4702 4758 5159 5373 5326 4993 4997 5725 4895 4832 5206 5366 5191 4917 4994 4821 5509 5079 4921 4766 5173 5227 5070 5239 5222 5211 5204 5154 4872 4934 4550 4961 4809 5282 5055 4894 5070 5645 5141 5142 5259 5603 5018 5265 5454 5063 5346 4788 4921 5062 5340 5239 4968 5325 5141 5208 5592 5435 4990 4954 5025 5009 5080 5282 5047 5023 5378 5340 5282 4846 4714 4865 5217 5010 4900 4990 5026 4804 4932 5054 5113 5289 4894 5249 4950 5687 4638 5504 4958 4866 5387 4767 5245 4906 4787 4709 5072 5202 5197 5947 4889 5282 4524 4849 5128 4687 5119 5282 5392 4942 5391 4730 4799 5205 4847 5176 
5552 5011 5452 5192 5366 5440 5045 5204 5437 4773 5381 4828 5521 5577 4982 5281 5437 5400 4687 5157 5361 5075 4717 5131 4968 5184 5096 5142 4871 4887 5114 5395 5313 5176 5368 5017 5080 5090 5052 5077 5309 5127 5508 5221 5216 4992 4799 5265 5288 5394 5000 5184 5094 5142 5162 5035 5115 4941 5160 5342 5424 5411 4529 5524 5198 4983 5095 5262 5083 4905 4486 5414 5132 5211 5177 5576 5594 4855 5282 5081 5490 5149 5308 5138 4894 4976 5124 5048 5204 5066 5284 5317 4721 4969 5177 4993 5312 4783 5164 4998 5022 5255 5052 4953 5267 5139 4939 5333 5401 5118 5565 5038 5119 5163 5042 5550 5120 4912 5233 5312 5549 4750 5310 4881 4879 5206 4528 5193 5222 6089 5488 4972 5262 5116 4804 4914 5085 5386 5714 4941 4992 5047 5190 5446 5283 5247 5463 5915 4982 4977 4826 5368 5676 5103 5132 5155 5392 5035 5189 5262 5142 5489 4944 5137 5445 5342 5493 5354 4931 5042 4864 5379 4924 5172 4983 5193 5092 5635 5124 5258 5561 5419 5115 5167 5263 5070 5397 4954 5310 5303 5477 5283 5345 5151 5511 5040 5756 5149 5491 5090 5272 5458 5178 5270 5362 5246 5517 5243 5620 4901 4926 5225 5380 4956 4987 4947 5212 5215 5379 5360 5158 5261 4940 5488 4921 5417 4694 5462 5031 5136 5924 5248 5285 5072 4897 5067 5333 5329 5190 5851 5257 5153 4735 4742 5223 4908 5339 5589 5555 4886 5368 5196 5278 5240 5099 5475 
5641 4936 5328 5233 5129 5656 5186 5280 5227 4726 5064 4808 5554 5592 5124 5271 5230 5353 4807 5120 5391 5288 4911 5195 4934 5344 4790 5032 4625 4991 5045 5467 5401 5024 5253 5007 5249 5377 5120 5051 5391 5636 5491 5418 4981 4958 4785 5292 5038 5503 5440 5287 5406 5129 4965 4877 5742 4886 5040 5224 5556 5322 4521 5241 5323 5250 5246 5527 5378 4820 5043 5593 5323 5390 5195 5456 5554 4788 5360 5109 5573 5159 5437 5475 5083 5124 4763 5094 5067 5117 4989 5278 4872 5106 4979 5278 5172 4682 5311 4959 5256 5162 5397 5028 5368 5312 5025 5293 5553 5049 5134 5119 5108 5199 5102 5373 4969 5268 5173 5347 5358 4810 5406 5087 4894 5631 4451 5117 5313 5858 5435 5271 4971 5281 4965 4994 4696 5557 5514 4996 4932 5187 5434 5425 5307 5105 5087 5695 4676 4783 5157 5427 5440 5296 5142 4960 5425 5133 5068 5187 5286 5517 5267 5375 5305 5687 5436 5494 4819 5102 4874 5645 4985 5028 5353 5236 5117 5714 5187 5096 5624 5800 4966 5411 5420 5250 5440 4945 5219 5287 5292 5580 5310 5259 5448 5246 5655 5351 5617 5335 5097 5214 5443 5132 5051 5246 5576 5485 5446 5109 5094 4773 5405 4670 5195 5093 5452 5228 5229 5369 5046 5205 4849 5332 5089 5782 4614 5625 5010 5015 5633 5298 5160 5189 5060 4967 5469 5448 5259 5605 5395 5296 4605 5048 5046 5016 4949 5510 5545 4937 5517 5055 5290 5092 4979 5634 
5274 4868 5340 5278 5127 5332 4866 5411 5173 4877 5246 4846 5575 5321 5070 5074 5624 5382 4748 5009 5410 5013 4749 4894 4977 4879 4870 5055 4804 4777 4956 5178 5419 4919 5127 5055 5147 5195 5406 5016 5414 5376 5473 5190 5148 4802 4648 5343 4983 5623 5035 5068 5114 5164 4779 5112 5215 5080 5173 5509 5138 5385 4660 5452 5334 5118 4984 5202 5163 4796 4694 5484 5127 4980 5078 5407 5438 4921 4942 5166 5219 5104 5183 5105 5069 5189 4985 5075 5076 5026 5130 5134 4747 5139 4799 5305 5118 4413 5225 4798 4920 4980 5291 4955 5100 5190 4805 5191 5431 5277 5314 4888 5029 5114 5199 5323 5020 5100 5121 5115 5250 5066 4960 4819 4826 5303 4584 5126 5157 5812 5354 5016 5318 5180 4805 4759 4672 5524 5354 4796 4724 4934 5438 5346 5402 4969 5111 5920 4990 4959 5109 5097 5146 5029 4935 4751 5140 4814 4909 4977 5174 5037 5072 5411 5346 5569 5352 4896 4598 5236 4971 5170 5048 5163 4968 4900 5026 5602 5319 5055 5196 5331 4987 5311 5315 5093 5443 4895 5151 5274 5044 5050 5299 5204 5243 5241 5588 5227 5456 5344 4871 5232 5303 4972 5187 5159 5173 5438 5421 4933 5025 4988 5033 4938 5182 4982 5072 5046 5099 5237 5087 5119 5016 5313 4683 5629 4819 5646 4971 4819 5387 5339 5369 5001 4712 4997 5140 5368 5423 5904 5184 5183 4772 4692 4863 4811 4922 5417 5543 5328 5371 5170 5078 5058 5039 5461 
5242 5026 5556 5342 5336 5537 5244 5344 5310 4786 5204 4757 5727 5491 5165 4891 5455 5419 4731 5388 5439 5103 5000 5390 4914 5303 5026 5252 5062 4957 5232 5436 5442 4865 5311 4907 5254 5071 5189 5334 5442 5509 5606 5404 5221 5045 5102 5277 5314 5413 5061 5366 5073 5218 5155 5106 5489 4983 5390 5194 5280 5632 4571 5529 5426 5122 5226 5343 5143 4907 4928 5610 5276 5365 5075 5370 5659 5024 5505 5531 5350 5085 5333 5197 5293 5259 5122 4883 5113 5264 5327 5337 4972 5236 5053 5238 5334 4973 5468 5096 5095 5136 5066 4986 5684 5430 4876 5465 5566 5234 5313 4809 5283 5125 5486 5556 5082 5178 5327 5614 5644 5076 5105 5334 5166 5446 5004 5265 5344 5623 5498 5389 5139 5418 5134 5047 4693 5369 5665 5009 5091 4955 5420 5611 5383 5321 5143 5803 4925 4726 5071 5419 5595 5330 5165 5132 5581 5204 5136 5111 5375 5697 5115 5400 5760 5554 5574 5445 5094 5043 5081 5494 4931 5310 5081 5346 5235 5806 5182 5502 5572 5689 5279 5345 5307 5309 5547 5049 5183 5345 5225 5144 5192 5356 5516 5471 5821 5261 5586 5231 5293 5320 5239 5235 5483 5314 5437 5451 5443 5194 5021 5105 5598 4989 5157 4999 5314 5056 5277 5252 5448 5475 5306 5518 4872 5946 4863 5710 4937 5172 5576 5262 5387 5164 5035 5093 5340 5333 5169 6073 5291 5303 4882 4794 5243 4953 5269 5409 5546 5316 5325 5279 5188 5151 5119 5396 
5645 4903 5408 5350 5447 5742 5108 5331 5458 4793 5215 5003 5734 5523 5282 5192 5403 5437 4666 5102 5556 5334 4854 5150 4948 5314 5065 4890 5088 4726 5093 5609 5485 5039 5337 5032 5230 5295 5399 5123 5454 5502 5527 5196 5260 5062 5014 5521 5331 5453 5293 5248 5434 5523 4970 5002 5583 5207 5179 5428 5490 5379 4686 5627 5399 4942 5285 5557 5222 4868 5007 5634 5345 5374 5230 5758 5392 5018 5544 5107 5530 5252 5256 5353 5141 5086 4961 5091 5449 5286 5137 5271 4839 5068 4884 5234 5174 4612 5319 5020 5163 5168 5209 5214 5333 5246 5170 5402 5642 5109 5454 5281 5162 5282 5266 5395 5209 5105 5115 5451 5670 4799 5283 4976 5184 5378 4613 5168 5415 5946 5480 5151 5022 5263 5194 5185 5158 5134 5471 5047 4960 5097 5409 5218 5350 5380 5370 6146 4976 4777 5157 5394 5391 5239 5009 5062 5539 5005 5214 5339 5404 5677 5134 5374 5444 5520 5513 5431 4984 5381 5191 5522 4968 5318 5022 5367 5029 5621 5263 5532 5486 5807 5202 5540 5274 5218 5647 5022 5078 5416 5412 5670 5266 5333 5487 5513 5740 5448 5421 5242 5077 5355 5255 5098 5402 5329 5339 5451 5622 5264 4990 5244 5559 4583 5107 5184 5516 5340 5326 5312 5321 5178 5202 5208 4849 5680 4642 5740 5221 5319 5585 5300 5333 5548 5119 4958 5005 5419 5240 5853 5433 5375 5098 4993 5435 5103 5313 5477 5696 4976 5571 5098 5459 5144 5132 5451 
5407 5001 5537 5347 5390 5692 5318 5484 5438 5012 5228 4960 5798 5534 5119 5405 5445 5695 4852 5264 5702 5368 5063 5476 5238 5439 5091 5175 5282 5028 5163 5477 5616 5212 5496 5103 5408 5370 5454 5380 5744 5621 5862 5131 5480 5178 5202 5223 5134 5778 5214 5573 5238 5323 4996 5153 5450 5036 5179 5672 5397 5375 4862 5759 5474 5327 5287 5647 5172 4956 4946 5525 5350 5227 5561 5578 5549 5130 5393 5330 5572 5385 5268 5542 5268 5554 4814 5088 5470 5583 5521 5344 5220 5105 5099 5332 5507 5104 5499 5193 5072 5351 5204 5159 5659 5477 4934 5661 5382 5117 5620 5068 5587 5324 5311 5706 5188 5162 5150 5809 5600 4960 5153 5030 5239 5511 4999 5133 5495 5939 5753 5336 5423 5433 5088 5158 5283 5589 5926 5116 5128 5187 5483 5564 5385 5436 5399 5982 5244 4781 5483 5552 5646 5343 5320 5154 5352 5161 5213 5367 5587 5628 4984 5635 5658 5717 5704 5188 5209 5191 4843 5663 5257 5220 5284 5383 5355 5999 5391 5268 5436 5731 5147 5363 5388 5162 5577 4893 5227 5229 5231 5609 5333 5309 5383 5406 5996 5480 5531 5460 5497 5147 5255 5406 5239 5090 5643 5605 5397 5172 4880 5411 5599 4988 5185 5164 5433 5050 5444 5185 5229 5642 5251 5551 4999 5987 4880 5868 4882 5214 5578 5329 5592 5127 5074 5240 5310 5514 5367 6220 5130 5434 4997 4786 5314 5040 5494 5500 5437 5388 5530 5220 5084 5281 5328 5709 
5453 4881 5567 5066 5417 5663 5279 5170 5412 4599 5123 5049 5977 5451 5125 5205 5430 5593 4851 4832 5282 5406 5060 5328 4668 5254 5064 5069 4758 5012 5176 5321 5273 5026 5417 4846 5325 5309 5325 5302 5166 5343 5416 5296 5493 5002 4819 5549 5170 5620 5371 5262 5152 5148 5275 4893 5307 5248 5191 5196 5341 5486 4602 5630 5585 5230 5440 5338 5334 5029 4912 5416 5254 5101 5250 5654 5656 4980 5397 5335 5437 5241 5354 5196 5096 5154 4885 5173 5047 5391 5181 5367 5036 5178 4639 5125 5426 4819 5411 5080 5336 5121 5122 4846 5594 5359 5016 5434 5605 5123 5236 5283 5213 5089 5374 5625 5179 5021 5301 5430 5492 4772 5090 5161 4873 5567 4778 5088 5334 5828 5259 5084 5237 5084 4875 4867 5017 5506 5526 4910 4948 5119 5457 5575 5302 5328 5080 5528 4838 4819 5169 5060 5465 5018 5107 5016 5564 5158 4876 5116 5214 5489 5000 5240 5515 5532 5535 5509 4894 5330 4877 5322 5095 5096 4893 5207 5245 5692 5487 5193 5599 5657 5173 5321 5132 5145 5468 4985 5155 5176 5199 5493 5346 5167 5422 5386 5733 5193 5403 5239 5055 5236 5216 5314 5321 5460 5346 5514 5337 5160 4913 4991 5348 4865 5095 5149 5432 5099 5244 5259 5371 5259 5099 5545 4885 5829 4634 5540 5137 5176 5645 5189 5296 5044 5150 4950 5171 5550 5356 5805 5346 5398 4774 4854 5104 5032 5184 5368 5374 5155 5608 5133 5003 5307 5081 5334 
5436 4901 5586 5068 5254 5626 5346 5506 5303 4414 5173 4887 5643 5587 5007 5127 5458 5658 4701 5185 5518 5496 4718 5255 4913 5315 5067 5051 4771 4861 5439 5590 5642 4934 5461 4961 5117 5282 5283 5233 5374 5249 5560 5500 5330 5050 4854 5335 5086 5758 5099 5569 5013 4950 5059 4885 5428 4962 5289 5418 5238 5609 4422 5685 5545 5113 5156 5509 5074 4845 4940 5312 5061 5153 5230 5665 5294 5000 5115 4959 5543 5177 5361 5238 5164 5223 5000 5013 5372 5385 5036 5132 4727 5358 5176 5383 5444 4700 5344 4741 5026 5381 5218 5374 5278 5263 4769 5346 5205 5321 5418 4931 5148 4992 5143 5511 5245 5267 5041 5362 5639 5084 4918 4908 4948 5204 5009 5309 5181 6017 5323 5426 5219 5055 4971 5086 5131 5488 5508 4876 5028 4979 5452 5300 5075 4918 5270 5630 4980 4982 5185 5316 5597 5141 5345 5195 5295 4952 4933 5042 5313 5457 4994 5570 5295 5440 5410 5147 4906 5381 4795 5641 5185 5190 5210 5373 4984 5588 5174 5295 5455 5560 5277 5145 5261 5307 5457 5103 5186 5317 5073 5424 5528 5088 5178 5294 5631 5380 5120 5266 5130 5178 4943 5315 5267 5210 5339 5342 5512 5131 4948 5300 5516 5147 5070 5031 5020 4945 5299 5209 5236 5424 5059 5401 5052 5757 4799 5494 4931 5083 5628 5278 5093 5143 4801 4887 5283 5563 5683 6000 5121 5303 4949 4854 5258 4949 5500 5501 5501 4902 5315 5196 5148 5219 5033 5391 
5195 4628 5244 4744 4648 4997 4917 5095 5010 4601 5026 4550 5550 5220 4724 4679 5030 5066 4283 4797 5224 4756 4678 5103 4608 4797 4677 4760 4494 4867 4571 5012 5004 4730 4829 4731 4887 4950 4822 4696 5120 5187 5138 4826 4784 4542 4651 4991 4745 5204 5009 4774 5007 5023 4729 5058 5017 4795 4759 4926 5179 5273 4221 5116 5102 5150 4872 5204 4851 4617 4674 5210 4800 5012 4908 5206 5270 4562 4993 5118 4921 4912 4958 5031 4908 4606 4394 4832 4598 4781 4674 4826 4617 4840 4367 4897 4810 4363 4978 4596 4906 4884 5081 4619 5353 4839 4814 5085 5031 4856 4917 4534 4759 4875 4939 5044 4851 4850 5164 5209 4865 4620 4723 4508 5009 5197 4457 4931 5053 5384 4932 4679 4692 5014 4861 4460 4468 5189 5413 4778 4597 4858 4957 5303 5215 5049 4769 5396 4616 4426 4719 4942 5053 4881 4674 4768 5009 4859 5051 4761 5057 5203 4828 5082 5095 5170 5039 4957 4803 4617 4809 5169 4788 4922 4467 5068 4696 5436 5118 5041 5284 5446 4746 5214 4876 4781 4747 4600 4583 4724 4902 5098 4989 4943 5120 5184 5422 5137 5385 4945 4757 4997 4958 4870 4718 4947 5169 5267 5080 4945 4587 4895 5029 4560 4820 4665 4836 4729 5059 5103 4807 5401 4654 5018 4659 5657 4587 5343 4649 4940 5125 4976 5047 4788 4842 4435 4923 5075 5055 5559 5003 4670 4505 4746 4732 4529 4856 5099 5313 5022 5070 4788 4732 4949 4906 5018 
5330 4994 5534 5041 5306 5399 4992 5244 5266 4763 5108 4752 5597 5291 4704 5025 5389 5371 4700 4937 5400 5105 4880 4836 4915 4977 4889 5126 4889 4774 5314 5464 5367 5020 5122 4981 5044 4977 5406 5100 5300 5132 5632 5100 5084 4782 4813 5054 4798 5357 5372 5298 5113 5319 4840 4977 4950 4846 5119 5261 5394 5325 4624 5453 5167 5050 5246 5298 5073 4737 5092 5643 5147 5120 4839 5480 5514 4694 5138 5154 5380 5174 5162 5217 4895 4989 4969 5032 5139 5182 4894 5177 4893 4944 4941 5022 5173 4799 5243 4849 5138 5271 5058 4979 5117 5357 4803 5207 5119 5134 5267 4720 4868 5081 5162 5425 5019 4777 5328 5350 5428 4788 5072 4999 5046 5613 4634 5017 5102 5880 5109 5150 5273 5271 5053 4765 4820 5314 5496 4873 4925 5139 5429 5338 5435 5105 4895 5734 4827 4859 4800 5207 5151 5172 4954 4797 5216 5159 4806 5100 5246 5341 5001 5409 5481 5559 5198 5317 4656 5212 4801 5148 5125 4828 5066 5056 4876 5723 5144 4984 5388 5455 4876 5226 5135 4972 5587 4929 5330 4982 5495 5417 5136 5281 5097 5314 5575 5091 5192 5062 4955 5239 5204 5037 5288 5093 5430 5534 5275 5070 4982 5099 5131 5072 5152 4946 5297 4951 5053 5200 5165 5349 4893 5376 4894 5660 4704 5592 4945 5102 5645 5173 5358 5034 4692 5108 5206 5495 5372 5644 5012 5251 4595 4698 5352 4608 5364 5206 5256 5072 5263 4993 5198 5001 4941 5396 
5073 4905 5457 5038 4931 5047 4950 4845 5061 4477 4830 4479 5553 5154 4824 4789 5075 5075 4519 4986 5229 4688 4669 5110 4769 5101 5028 4590 4418 5138 4675 5120 5449 4811 5260 4805 4999 4825 5258 5091 5087 5092 5181 5073 4981 4518 4618 5024 5118 5217 5188 5051 4937 5116 4775 4684 5009 4871 4806 5138 5183 5577 4494 5303 5206 4961 5032 5243 5005 4975 4504 5193 5123 4986 4937 5321 5271 4923 5009 4810 5130 4934 5003 5253 4966 4852 4918 4750 4987 4981 4903 5128 4684 4727 4772 5040 5224 4398 5073 4459 4708 5195 4960 4957 5310 4872 5117 5119 5114 5099 5410 4654 4885 4668 4989 5176 4966 4952 4873 5368 5285 4706 4834 4677 4552 5056 4401 4885 5056 5810 5225 4888 4990 5020 4850 4546 4828 4997 5663 4867 4845 4862 5284 5033 5118 5117 5235 5437 4728 4671 4996 5349 5187 4997 5078 4936 5186 4851 4779 4948 4850 5290 4832 4967 5068 5410 5655 5084 4928 4730 4929 5311 4629 4918 4745 4850 5087 5519 5159 4847 5364 5358 4931 4995 5244 4870 5048 4719 4985 5058 5065 5251 4991 5157 5391 5162 5434 5142 5318 5046 4975 5186 5295 4797 4940 5041 5273 5409 5607 4901 4821 4922 5108 4516 4887 4774 4925 4709 5097 4885 5055 5143 4694 5150 4773 5667 4476 5279 4783 4805 5392 5060 4805 4904 4733 4959 4878 5129 5225 5561 5146 5289 4697 4721 5129 4858 5256 4971 4991 4769 5299 4938 4946 5001 4904 5251 
5250 4747 5399 4838 5190 5399 5014 5253 5096 4487 4934 4837 5593 5088 4971 5033 4935 5280 4446 4938 5131 4770 4632 5016 4819 5010 4786 4932 4650 4698 5115 5097 5200 4808 5179 4768 4810 4941 4910 4947 5412 5384 5492 5079 5021 4642 4595 4952 4928 5467 4916 5117 5011 5008 4897 4917 5129 4966 4986 5272 4835 5052 4281 5270 5102 5050 4776 5225 5116 4733 5028 5101 4869 5115 4832 5422 5240 4675 5081 4819 5242 5060 5025 5123 4834 4893 4723 4838 4761 5182 4755 5097 4759 5012 4771 5127 4785 4458 5051 4728 4790 4946 4963 4960 5252 5008 4668 5057 5187 4944 5127 4906 5027 4897 4964 5015 5063 4949 5057 5117 5422 4811 4848 4810 4827 5156 4544 5193 5005 5595 5212 5026 4952 4730 4815 4626 4726 5103 5390 4905 4820 4817 5253 5274 5333 4984 4937 5557 4766 4616 4853 5037 5042 4976 5105 4998 5097 5002 4825 4900 5223 5324 4846 5199 5198 5298 5149 5114 4641 4822 4591 5024 4603 5061 4817 5084 4927 5486 4975 4944 5146 5146 4882 5107 4950 4949 5096 4899 4809 5260 5086 5295 5095 5112 5273 5385 5390 4987 5015 4943 5111 5028 5093 4951 4704 4859 5074 5316 5201 4903 4928 4951 5294 4859 4905 4768 5012 4893 5104 5138 4952 5044 4672 5187 4660 5797 4411 5366 4943 4910 5322 5028 5034 4836 4902 4850 4959 5307 5229 5548 5097 5071 4474 4908 4952 4520 5218 5122 5378 4979 5386 5011 4908 4783 5058 5125 
4989 4637 4835 4741 4745 5013 4740 4861 4934 4496 4661 4436 5432 5175 4913 4804 5152 4922 4368 4961 4930 4765 4621 4670 4515 4943 4481 4614 4366 4645 4685 4977 5252 4725 5125 4568 4820 4800 4977 4768 5162 5060 5102 5110 4631 4437 4647 4744 5045 5247 4917 4903 4828 4778 4636 4882 5097 4774 4895 4807 5065 5082 4370 5147 4897 4848 4847 5050 4765 4442 4841 5168 4843 4976 4936 5080 5337 4502 4726 4790 4956 4702 4779 5053 4783 4712 4470 4791 4860 4703 4758 4714 4445 4703 4556 5113 4894 4389 4657 4672 4574 4818 4860 4856 4745 4977 4684 4934 4918 4716 5242 4718 4660 4966 4836 5084 4782 4667 5179 5011 4890 4773 4575 4659 4498 4905 4594 4833 5138 5395 5166 4938 4740 4979 4580 4685 4486 5093 5179 4723 4609 4520 5023 5074 4725 4762 4972 5534 4551 4497 4822 5133 4943 4897 4603 4734 5014 4768 4888 4802 5111 4973 4621 5059 5216 5233 5053 4850 4669 4673 4690 4990 4661 4538 4785 4824 4882 5409 4787 4906 4969 5146 4810 5202 5244 4681 5060 4493 4931 5120 4757 4912 4897 4719 4934 4842 5296 4915 5241 4882 4910 4739 4651 4787 4668 4833 4837 5117 5098 4809 4704 4820 5051 4454 4874 4727 4762 4705 4864 5009 4652 4888 4628 4984 4431 5381 4588 5436 4663 4580 5059 4855 4917 4875 4705 4861 4832 4958 5037 5129 4896 4742 4609 4615 5032 4551 4833 4901 4923 4582 4907 4731 5042 4708 4575 5034 
5420 4854 5631 5008 5119 5430 5027 5128 5641 4572 4893 4979 5771 5635 4955 4810 5313 5308 4587 5019 5579 5126 4870 4945 4914 5208 4825 5040 4826 4636 5003 5318 5357 4684 5291 4725 5151 5547 4944 5295 5267 5438 5504 5297 4827 4974 4942 5018 5319 5273 5208 5197 5089 5170 5141 5077 5284 4990 5071 5329 5459 5573 4315 5248 5284 4895 4962 5257 5124 4785 4885 5570 5293 5263 4981 5408 5316 4822 5266 5258 5549 5069 4960 5171 5184 5217 4765 4755 5144 5318 5226 5191 4848 5233 4922 5267 5167 4911 5056 4881 5055 5192 5081 5002 5248 5437 4673 5336 5239 5004 5000 4983 4841 4839 5189 5641 5047 4884 5129 5354 5529 5012 5116 5022 5006 5358 4852 5057 5267 5924 5159 5483 4984 5306 4865 4748 5035 5490 5361 5004 4752 4945 5281 5382 5581 5358 5108 5589 4792 4791 4944 5533 5586 5159 5138 4710 5680 5149 4871 5230 5144 5575 5019 5228 5203 5625 5400 5215 4659 5030 4591 5230 4951 5264 5093 5393 5235 5601 5145 5343 5390 5675 5048 5440 5289 5248 5298 5062 5252 5092 5417 5391 5382 5227 5084 5516 5609 5275 5256 5076 4942 5333 5089 5132 5149 5098 5338 5303 5247 4812 4842 5177 5552 4858 5037 5208 5284 5070 5113 4968 5225 5181 4993 5322 5007 5863 4740 5587 4974 4952 5605 5021 5408 5091 4918 4878 5208 5164 5351 5819 5011 5037 4807 5002 5319 4857 5074 5596 5539 4977 5489 5045 5241 5286 5005 5280 
5675 5272 5338 5585 5379 5569 5319 5409 5451 5072 5537 5088 5988 5697 5230 5036 5608 5514 4954 5269 5523 5129 4939 5525 5027 5603 5009 5109 5006 5208 5200 5555 5362 5171 5686 5219 5161 5521 5394 5420 5462 5526 5980 5473 5617 5227 5424 5501 5361 5693 5346 5475 5499 5372 5272 5104 5626 5197 5439 5549 5440 5706 4857 5849 5613 5327 5289 5240 5425 5152 4894 5589 5398 5658 5393 5711 5843 5209 5316 5266 5450 5262 5528 5526 5452 5313 5268 5508 5605 5634 5166 5231 5044 5376 5329 5174 5469 5245 5154 4950 5932 5227 5573 5322 5367 5540 5337 5460 5567 5271 5280 5323 5363 5410 5183 5701 5171 5143 5634 5324 5593 4948 5267 5296 5147 5528 4673 5378 5468 6153 5555 5239 5436 5160 5116 5110 4959 5514 5599 5003 4980 5320 5928 5640 5533 5369 5497 5953 4981 4902 5041 5611 5416 5218 5301 5261 5769 5091 5275 5358 5684 5552 5084 5585 5720 5819 5690 5660 5030 5173 5140 5605 5099 5258 5136 5255 5274 5725 5288 5243 5819 5697 5157 5744 5606 5311 5605 5271 5470 5253 5675 5703 5381 5450 5447 5515 5855 5333 5820 5661 5234 5552 5364 5337 5337 5258 5714 5714 5509 5142 5046 5475 5551 5064 5033 5271 5562 5294 5560 5617 5439 5704 5052 5774 5165 5869 5071 5602 5295 5371 5993 5353 5724 5296 5187 5076 5410 5745 5666 5984 5455 5319 4969 5026 5454 5203 5439 5528 5810 5511 5637 5185 5444 5229 5162 5450 
5140 4523 5250 4881 4754 5371 5014 4973 5018 4416 4827 4457 5403 4917 4932 4846 5137 5288 4707 5024 5248 4809 4469 4954 4580 4806 4783 4780 4610 4711 4787 5072 5139 4685 4801 4718 4796 4953 4986 4968 5159 5399 5095 5074 4955 4706 4584 4976 4891 5454 4850 4777 4860 4715 4804 4643 4972 4733 4931 5090 4972 5086 4240 5374 5178 4785 4864 4901 4658 4669 4586 4939 4721 4979 4902 5238 5049 4840 4690 5068 5087 4691 4858 5001 4877 4942 4723 4948 4953 5070 4716 4682 4536 4808 4829 4823 5025 4352 4738 4636 4809 4651 5080 4661 5020 5247 4562 4935 5193 4870 5102 4541 5076 4968 4734 5158 5028 5031 4848 4961 5208 4665 4647 4784 4763 5093 4287 5098 5021 5389 4934 4864 4642 4883 4496 4813 4489 4887 5034 4705 4506 4825 5243 4987 5232 4756 5234 5396 4684 4622 4621 5067 5084 4788 4859 4738 5189 4740 4834 4774 5036 5059 4526 5182 5037 5213 5046 5095 4416 5022 4855 4889 4930 4888 4663 4855 4696 4968 5085 4824 5208 5194 4796 5270 4960 4841 5193 4702 5087 4654 5023 4932 4950 4938 4889 5295 5359 4868 5155 4683 4965 5091 4809 5063 4956 5065 5084 5222 5088 4769 4756 4812 5039 4684 4795 4738 4940 4979 4999 4916 5085 4925 4620 5210 4601 5438 4500 5335 4752 4810 5026 4923 4876 4707 4741 4614 4641 4968 5073 5314 5010 4861 4553 4975 4917 4596 5056 5313 5235 4862 5192 4877 5010 4631 4956 5039 
5049 4866 5567 5016 5091 5367 5194 5255 5458 4580 5357 4654 5569 5310 5000 5140 5102 5437 4658 4731 5396 4913 4735 5410 4974 5152 4992 4901 4770 4870 5063 5229 5220 4984 5143 4820 5157 5024 5314 4946 5248 5378 5552 5185 5273 4677 4722 5114 5091 5466 5136 5250 5051 5062 5007 4844 5139 4975 5023 5214 5403 5282 4664 5641 5327 5096 5323 4968 4958 5049 4957 5275 5040 5366 4963 5081 5488 4834 5003 5098 5251 4988 4788 5036 5091 5124 5118 4826 4958 5337 4978 5068 4579 4902 4932 4834 5214 4733 5040 4943 5140 5163 5044 4978 5138 5332 4803 5231 5072 4942 5140 4925 5080 5143 5073 5247 4859 4817 5337 5156 5339 4785 5028 4905 4978 5031 4604 4956 5247 6027 4957 5090 5217 5154 4833 4786 4828 5203 5275 4757 4879 4944 5194 5190 5316 5463 4989 5766 4813 4688 4722 5374 5203 4876 5032 4954 5463 5016 5055 5222 5144 5313 4965 5270 5336 5377 5332 5342 4825 4937 4769 5057 4681 5113 5197 4856 4973 5626 5069 5116 5232 5521 5030 5034 5327 5337 5370 4797 4915 5289 5461 5505 5192 5282 5355 4868 5376 5064 5209 5309 5061 4827 4921 5277 4935 4960 5353 5475 5254 4890 5040 5248 5476 4993 4927 4642 5048 4928 5296 5232 5215 5201 4802 4951 4847 5645 4671 5424 5067 5079 5348 4733 5200 4911 4996 5016 4962 5335 5187 5694 4814 4966 4775 5160 4953 4742 5477 5225 5425 4963 5345 5111 5047 5019 4999 5221 
5548 5150 5745 5285 5391 5684 5278 5620 5581 4920 5396 5115 6110 5468 5370 5294 5749 5611 4963 5351 5669 5323 5165 5353 5087 5479 5312 5345 5331 5420 5423 5448 5695 4996 5494 5073 5242 5386 5417 5467 5599 5580 5483 5751 5360 5075 5191 5536 5455 5831 5332 5393 5396 5442 5420 5334 5527 5313 5104 5521 5757 5688 4886 5964 5725 5492 5490 5640 5436 4986 5107 5863 5512 5468 5244 5815 5509 5099 5314 5411 5698 5266 5311 5436 5344 5174 5077 5167 5142 5519 5447 5515 4940 5556 5062 5324 5669 5142 5276 5076 5059 5476 5366 5157 5526 5525 4970 5486 5501 5401 5638 5186 5229 5263 5554 5602 5279 5254 5450 5741 5828 5167 5199 5341 5166 5789 5074 5415 5748 6184 5492 5340 5232 5318 5494 4927 5199 5713 5733 5212 4918 5395 5671 5652 5720 5512 5585 5955 5253 5123 5365 5548 5741 5473 5318 5287 5618 4814 5332 5436 5562 5627 5525 5443 5432 5989 5521 5665 5199 5553 5390 5908 5376 5348 5190 5480 5392 5790 5522 5671 5786 5888 5280 5667 5656 5430 5729 5230 5271 5399 5466 5532 5681 5426 5498 5672 6125 5615 5717 5476 5435 5764 5237 5466 5396 5624 5522 5630 5651 5398 5150 5268 5493 5263 5146 5347 5369 5238 5631 5460 5202 5813 5302 5684 5455 5970 4873 6046 5180 5469 5751 5160 5344 5600 5347 5155 5352 5828 5829 6127 5349 5378 4937 5126 5578 5225 5446 5790 5586 5489 5884 5292 5077 5351 5124 5447 
5397 4939 5407 5082 4890 5560 5078 5415 5041 4647 4952 4599 5315 5384 5025 5099 5181 5206 4723 4815 5153 4594 4768 4834 4861 5056 4881 4541 4573 4776 5031 5172 5313 4966 4982 4672 4932 5247 5137 4914 5112 5420 5476 5114 5006 4870 4991 5307 5026 5248 5227 5193 5254 4956 4860 5023 5213 5248 5045 4990 5212 5289 4374 5203 5300 5083 5218 5209 5094 4681 4893 5368 5258 5188 4895 5476 5250 4824 4702 4975 5087 4961 4932 5383 4784 5000 4912 5040 5123 5156 4938 5075 4501 4877 4909 4759 4925 4803 5045 4829 4983 5092 4895 4891 5174 5419 4942 5381 5129 5003 5186 4736 5162 5282 5131 5080 4909 5265 5217 5145 5123 4774 4963 4947 4775 5241 4350 5112 5080 5731 5374 5058 5103 5178 4848 4746 4672 5290 5534 4909 4534 5082 4983 5155 5302 5341 5136 5502 4577 4910 4835 5156 5273 4809 4853 4946 5390 4942 4989 4814 5311 5204 4914 5396 5201 5527 5289 5301 4608 5001 4791 5169 4931 4996 5002 4881 5107 5477 5200 5046 5556 5466 5015 5132 4971 5111 5049 4804 5134 4990 5129 5305 5203 5280 5186 5142 5484 5116 5636 5191 4965 4926 5102 5078 5071 5027 5106 5400 5083 5047 4821 5180 5108 4733 4915 4899 5388 5088 5163 5590 5357 5197 4749 5223 4824 5713 4735 5466 4998 5041 5462 5052 5215 5066 4976 4749 5166 5128 5273 5663 5050 4782 4606 4658 5159 4777 4902 5202 5149 5022 5301 5058 5073 4903 4974 5268 
5463 5132 5394 5217 5421 5720 5268 5345 5536 4859 5246 4874 5898 5573 5166 5201 5236 5446 4759 5329 5637 5073 4852 5392 5179 5395 5042 5031 5005 5043 5137 5579 5684 5095 5159 5184 5361 5221 5472 5023 5613 5354 5658 5304 5195 4961 4892 5643 5301 5487 5349 5268 5427 5212 4934 4900 5025 5108 5265 5469 5365 5550 4753 5538 5327 5105 5220 5452 5226 4988 5005 5691 5270 4902 5260 5371 5684 5044 5305 5515 5669 5091 5336 5215 5000 5094 5241 5094 5286 5399 5220 5319 4848 4931 4946 5380 5335 4759 5015 4998 5145 5039 5010 5061 5598 5375 5036 5280 5480 5007 5254 5058 5083 5171 5404 5691 5303 5288 4969 5300 5156 4724 5148 4870 5094 5286 4798 5161 5601 5808 5450 5223 5195 5233 4853 5023 4903 5357 5566 5264 4949 5021 5322 5406 5474 5199 5275 5923 4924 5093 5233 5279 5529 5236 5075 5236 5564 5005 4968 4882 5215 5472 5213 5518 5494 5354 5617 5144 4858 5143 4984 5483 5098 5201 5085 5166 4865 5923 5565 5392 5466 5733 5065 5428 5450 5371 5536 4933 5242 5402 5334 5518 5378 5220 5570 5284 5597 5256 5573 5241 5164 5330 5263 5512 5222 5178 5191 5557 5615 5155 4997 5383 5399 4837 5105 5457 5145 5223 5152 5336 5425 5589 5153 5319 5009 5841 4821 5602 5179 5019 5506 5221 5249 5100 4936 5093 5329 5408 5104 5971 5435 5332 5060 4896 5256 4957 5450 5377 5484 5225 5508 4950 5312 5073 5292 5335 
5743 4962 5707 5046 5490 5924 5296 5648 5748 4782 5404 4988 5896 5587 5344 5232 5753 5687 5068 5476 5540 5459 5249 5315 4972 5493 5270 5313 5092 4988 5247 5516 5384 5143 5708 5272 5469 5491 5589 5207 5731 5359 5553 5526 5317 4895 5035 5582 5294 5800 5328 5158 5519 5495 5299 5246 5455 5164 5666 5557 5404 5552 4813 5664 5462 5434 5508 5743 5547 4995 5179 5614 5513 5596 5387 5617 5874 4901 5193 5674 5544 5426 5458 5264 5367 5306 5084 5167 5321 5316 5175 5270 5013 5470 4919 5336 5548 4915 5175 5347 5197 5317 5338 5015 5325 5310 5271 5534 5795 5153 5483 5179 5250 5116 5368 5691 5414 5108 5712 5568 5438 5071 4852 5345 5302 5591 4843 5200 5572 6062 5404 5565 5345 5481 5249 5195 4952 5575 5738 5090 5140 5024 5572 5701 5627 5443 5375 5997 4749 4931 5126 5544 5567 5461 5248 5086 5877 5594 5272 5339 5587 5727 5307 5586 5721 5839 5634 5237 5050 5417 5395 5440 4939 5484 5194 5267 5172 6091 5417 5724 5822 5950 5254 5727 5660 5277 5617 5261 5469 5361 5466 5428 5225 5390 5407 5652 5781 5351 5755 5333 5274 5468 5159 5465 5226 5610 5578 5744 5642 5378 5540 5415 5766 4915 5294 5378 5252 5464 5454 5611 5406 5667 5415 5289 4962 5995 4959 5845 5170 5499 5525 5377 5552 5498 5325 5111 5495 5491 5447 6178 5494 5258 4778 5492 5375 5082 5370 5790 5498 5193 5533 5377 5410 5220 5193 5406 
5069 4973 5356 4910 5203 5465 4875 5121 5138 4666 4909 4930 5711 5080 4985 5030 5367 5169 4703 5127 5378 4783 4691 5031 4837 5251 4829 5068 4948 4890 4997 5271 5502 5164 5290 4816 5054 5193 5081 5024 5334 5320 5423 5378 4844 4976 4808 5328 5180 5443 5057 5174 5036 4929 5074 5078 5456 4972 5119 5047 5496 5317 4702 5346 5282 4809 5023 5476 5097 4809 4526 5299 5035 5190 5164 5456 5371 4786 5236 5268 5275 4867 5031 5257 5037 4916 4826 5011 5128 4999 5022 5229 4350 4822 4897 5110 5202 4633 4881 5080 5083 4995 5233 4839 5025 5185 4573 5171 5215 4946 5469 4630 5092 5009 5141 5443 4965 4987 5138 5169 5535 4880 5253 4792 5086 4942 4627 5063 5211 5841 5015 5043 5068 5127 4808 5011 4878 5231 5301 5049 4825 5099 5500 5138 5276 5425 5236 5497 4954 4736 5002 5038 5434 4989 5012 4731 5352 4912 5086 5051 5132 5481 4903 5247 5091 5188 5449 5134 4910 5084 4943 5028 5044 5242 4718 5017 5062 5488 5049 4783 5287 5343 5114 5349 5329 5260 5337 4872 4869 4972 5016 5346 5258 4981 5116 5137 5616 5064 5232 4985 5072 4974 5110 4923 5064 5073 5499 5456 5270 5101 4781 5124 5343 4837 4890 4873 5054 4897 5064 5162 5000 5060 4923 5101 4784 5616 4616 5696 4898 4917 5440 5092 5060 4932 4759 4690 5173 5185 5199 5731 4932 5002 4620 4842 4935 4734 5074 5261 5440 5044 5303 4881 4957 5129 4986 5408 
5273 5003 5411 4942 5137 5253 5232 5327 5200 4626 5013 4815 5644 5292 5138 4935 5288 5406 4675 4894 5383 4967 4654 5081 4758 5095 4691 4940 4401 4876 5205 5437 5305 5114 5159 5035 4977 5000 5260 5018 5256 5451 5543 5020 4923 4763 4804 5289 5112 5518 5091 5302 5071 5047 4858 4779 5008 5018 5068 5252 5205 5377 4444 5443 5216 4998 4907 5322 4953 5073 4812 5403 4809 5169 5019 5544 5510 4898 5025 5111 5342 4924 5164 5178 5055 5039 5057 5100 5065 5101 4919 5088 4714 4952 4728 5082 5313 4570 4998 4797 5101 5416 4999 4953 5368 5135 4833 5269 5359 5093 5468 4825 5142 5112 4971 5610 4988 5239 5123 5153 5301 4922 5055 4876 5020 5350 4580 5067 5145 5765 5104 5116 5316 5260 4744 4944 4962 5252 5371 4763 4908 5066 5311 5123 5213 5135 4881 5615 4809 4841 4942 5000 5127 5044 4873 5107 5412 4933 4986 4870 5322 5314 4863 5618 5383 5176 5217 5225 4586 4906 4918 5242 5186 5009 5056 5027 4804 5561 5185 5156 5497 5559 4945 5383 5216 5266 5240 4752 5209 5119 5388 5443 5345 5054 5200 5010 5770 4901 5385 5266 4963 5096 5393 5253 5010 4944 5214 5454 5261 4907 4918 5009 5220 4991 4960 4797 5173 5075 5180 4867 5208 5373 4867 5442 4862 5780 4596 5494 4874 4853 5304 5025 5428 5124 4748 4848 5139 5427 5322 5583 4979 5149 4863 4872 5105 4840 5194 5342 5397 4823 5192 4971 5145 5037 5029 5347 
4961 4526 5149 4856 4751 5224 4711 4932 5134 4495 4833 4914 5472 5232 4766 4810 5022 5187 4337 4860 5252 4877 4423 4727 4781 4687 4596 4943 4629 4722 4722 5130 5387 4702 4918 4724 4607 4975 5242 4596 5188 5145 5058 4867 4886 4694 4457 5244 5022 5206 5021 4685 4572 5117 4868 4878 4964 4959 4774 4792 4984 5162 4502 5199 5129 5068 4836 4898 4946 4684 4426 5121 4813 4975 4402 5144 4975 4511 4992 4952 5117 4917 4846 4911 5121 4667 4692 4795 4462 4928 4781 4999 4461 4865 4505 5028 5026 4361 4928 4755 4913 4780 4777 4776 5103 5116 4736 5067 5074 4972 4936 4739 4406 5036 4733 5013 4751 4868 4775 4994 4982 4646 4944 4567 4799 5021 4482 4832 4713 5454 5101 4898 4758 4840 4698 4403 4612 4989 5241 4567 4761 4646 4978 5230 4944 5058 4844 5411 4859 4333 4894 4875 5224 4954 4573 4679 4943 4929 4772 4880 4970 5200 4878 5265 5145 5079 5100 5017 4656 4772 4692 5036 4735 4870 4790 4795 4745 5218 4927 4776 5320 5403 4724 5090 5002 4799 5131 4744 4977 4830 4824 5250 4866 5012 5060 4934 5084 5035 5265 5031 4789 4921 5206 5081 4875 4843 5187 5038 5251 4875 4630 4949 4943 4601 4798 4758 4773 4656 4856 4828 4772 5083 4552 5040 4558 5393 4598 5521 4910 4755 5116 4960 5026 4855 4672 4819 4779 4936 4835 5576 4861 4984 4548 4684 4837 4797 4907 4978 5343 4839 5063 5039 4740 5174 4617 4840 
5357 4866 5489 4905 5022 5217 5009 5017 5133 4725 4861 4774 5488 5244 4840 5075 5438 5336 4620 4838 5357 5124 5033 5143 4788 5067 4977 4797 4788 4838 4978 5189 5445 5018 5012 4927 5106 4878 5125 5096 5282 5392 5371 5225 4934 4977 4839 5012 5142 5486 5187 5132 4761 4918 4953 4876 5108 5020 4974 5028 5370 5458 4576 5270 5371 5178 5306 5240 5025 4945 4909 5182 4869 5126 4917 5247 5442 4890 5118 4929 5059 4966 4920 4986 5001 5230 4963 4831 4774 5035 5161 5321 4984 4836 4761 5095 5096 4504 5067 4927 5093 4959 5060 4878 5454 5257 4836 5241 5115 5135 5196 5277 4750 5167 5163 5244 5047 4955 5307 5431 5167 4689 4970 4796 4992 5111 4472 4902 5073 5970 5105 5263 5228 5258 4983 4616 4917 5349 5564 4798 4696 5070 5330 5368 5095 5099 5055 5482 4739 4655 5066 5136 5529 5327 4887 5139 4920 4973 5132 5293 5010 5072 4905 5355 5240 5250 5559 5169 4641 5002 4816 5240 4725 5089 5020 4985 4911 5838 5144 5220 5346 5468 5061 5309 5076 5094 5248 4806 5165 5046 5260 5439 5143 5287 5228 4953 5468 5377 5338 4981 4855 5147 4887 5091 5205 4945 5180 5316 5257 4843 4896 5002 5212 4685 5213 4783 5021 5047 4947 5278 5030 5243 4783 5219 4873 5809 4674 5496 4883 4972 5472 5028 5171 5073 5181 5072 5293 5487 5252 5726 4827 5108 4762 4687 5168 4707 4970 5169 5309 5092 5219 5117 4929 4999 4773 5335 
5583 4991 5543 5421 5436 5525 5128 5613 5275 4801 5361 5084 5768 5544 5217 5352 5409 5636 4750 5367 5536 5272 4664 5342 4937 5103 5053 5050 5101 4837 5229 5515 5359 5166 5319 4960 5180 5420 5577 5295 5595 5465 5687 5303 5123 5029 4929 5298 5394 5735 5249 5293 5090 5265 5303 5286 5690 4989 5401 5632 5514 5475 4880 5674 5591 5230 5320 5727 5402 5030 4997 5388 5300 5238 5193 5831 5613 5111 5156 5415 5466 5395 5446 5146 5431 5278 5170 4975 5422 5433 5439 5388 4916 5388 5166 5547 5357 4981 5405 5405 5378 5196 5372 5194 5664 5453 4976 5629 5497 5283 5442 5282 5087 5380 5342 5669 5057 5363 5229 5521 5636 4892 5157 5096 5140 5669 4880 5222 5303 6176 5314 5250 5422 5100 5199 4926 5216 5490 5472 5136 5159 5204 5343 5603 5423 5305 5250 5668 5112 4848 5209 5575 5636 5446 5379 4926 5350 5274 5273 5347 5506 5506 5240 5466 5382 5510 5686 5291 4833 5342 5048 5423 5175 5175 5068 5357 5262 5852 5644 5354 5607 5725 5443 5290 5440 5068 5689 5090 5216 5458 5473 5911 5457 5308 5459 5391 5672 5339 5408 5446 5400 5391 5603 5206 5226 5212 5462 5785 5538 5093 5120 5202 5495 4921 5318 4996 5451 5452 5187 5404 5212 5280 5245 5514 4929 6037 4814 5834 5251 5072 5601 5364 5485 5181 5132 5354 5474 5431 5301 5882 5164 5328 5060 4948 5286 4904 5317 5379 5979 5234 5646 5202 5340 5566 5216 5368 
5566 5047 5520 5196 5412 5812 5375 5466 5629 4700 5432 5253 5829 5700 5261 5397 5605 5681 4867 5542 5780 5308 4982 5016 5084 5207 5149 5303 5161 4952 5300 5654 5707 5097 5306 5188 5227 5272 5473 5485 5588 5541 5685 5298 5246 5027 5001 5498 5274 5773 5413 5308 5285 5475 5397 5290 5847 5283 5302 5527 5633 5781 5052 5709 5603 5221 5367 5733 5208 5050 5173 5712 5387 5487 4989 5749 5565 5146 5117 5440 5470 5492 5401 4977 5319 5045 5173 5191 5272 5300 5518 5253 5059 5311 4754 5719 5096 4871 5252 5175 5128 5464 5271 5268 5470 5733 5129 5535 5477 5406 5610 5084 5349 5237 5343 5672 5233 5251 5449 5590 5404 5130 5222 4996 5185 5613 5198 5261 5620 5940 5558 5401 5082 5263 4985 5056 5072 5452 5506 5287 5028 5150 5635 5497 5756 5588 5426 5822 5173 4984 5366 5721 5658 5598 5232 5182 5600 5459 5283 5303 5437 5649 5343 5481 5509 5778 5737 5478 5246 5532 4976 5483 5185 5371 4976 5417 5212 5899 5691 5309 5408 5649 5245 5181 5571 4935 5762 5139 5060 5372 5272 5611 5545 5474 5360 5660 5655 5328 5387 5282 5289 5666 5503 5381 5192 5306 5653 5638 5523 5382 5300 5427 5581 5013 5284 5343 5259 5181 5377 5395 5189 5494 5215 5459 4740 6095 5132 6042 5234 5557 5829 5440 5217 5217 5309 5540 5354 5373 5465 5924 5329 5437 5002 5114 5431 4813 5495 5484 5714 5227 5598 5288 5353 5496 5111 5438 
5038 4751 5216 4853 5120 5388 5072 5259 5087 4885 5081 4694 5492 5306 4888 4939 5017 5275 4478 4941 5174 4963 4604 5163 4757 4924 4870 4658 4852 4702 5098 5141 5022 4861 5103 4698 5091 4936 5141 5015 5068 5171 5445 5078 5020 4848 4934 5286 4931 5219 5010 5194 5065 4883 4786 5031 5123 4800 5176 5212 5208 5132 4504 5297 5117 5016 5071 5247 4959 4899 4592 5358 5079 4949 5027 5174 5049 5007 4912 5295 5242 5063 4917 5028 4897 4908 4751 5068 4988 5152 4875 4984 4458 5093 4775 5079 5190 4425 5036 4957 4732 4908 5043 4922 5080 5335 4652 5016 5124 4772 4980 4820 5033 5114 4873 5200 4991 5048 5007 5210 5222 4861 4794 4890 5113 5193 4705 4940 5182 5525 5137 4911 5021 5036 4756 4845 4731 5132 5281 4851 4880 4984 5451 5033 5426 5188 4975 5622 4685 4688 4808 5187 5238 4901 5048 4873 5137 4927 4907 5074 5285 5285 4781 5190 5084 5382 5338 5029 4589 5105 4906 5172 5264 4912 4733 4794 4875 5327 4987 5002 5416 5555 4989 5211 5002 5130 5269 4715 4877 4944 4824 5240 5166 5110 5084 5338 5602 4989 5168 5053 4956 5317 4943 5071 5031 5110 5196 5340 5248 5084 4664 4901 5133 4961 5168 4659 4916 5074 5011 5220 5050 5247 4746 5160 4610 5672 4702 5499 5009 4838 5392 5030 5164 4777 4644 4706 5195 5421 5112 5664 4868 5139 4671 4605 5091 4760 5260 5116 5435 4874 5051 5059 5019 4931 4948 5061 
5149 4789 4838 4578 5028 5400 4621 5145 5066 4521 4953 4601 5473 5282 4564 4605 5042 5366 4652 4893 5223 5150 4770 4838 4573 4834 4599 4739 4719 4597 4822 5027 5244 4837 4971 4757 4791 4924 5277 4908 4911 5367 5192 5210 4898 4662 4456 4893 4785 5259 4877 5025 5005 5029 5042 4622 5304 4773 4966 4839 5027 5267 4538 5294 5068 5023 4887 4810 5145 4630 4649 5281 4495 5029 4923 5067 5262 4686 4928 5225 5146 4668 4697 4991 4877 4856 4622 4646 5024 4917 4855 4692 4371 4813 4633 4702 4996 4385 4957 4576 4781 4861 4986 4566 5143 5118 4629 4744 4887 4848 5235 4796 4549 4984 5055 5248 4736 4997 5082 5156 5397 4614 4676 4628 4954 5107 4714 4769 4776 5453 4797 4981 4659 5006 4644 4235 4589 5033 5020 4640 4686 4746 5363 5057 4815 4824 5040 5268 4906 4361 4521 5018 5095 5048 4806 4554 5107 4627 4540 4817 4903 5159 4644 5113 5164 5243 4902 5131 4522 4645 4746 5120 4807 4538 4573 5000 4794 5498 4892 4807 5233 5286 4687 5126 5199 4877 5136 4832 4968 4862 4756 5514 5133 5180 5077 4848 5337 5098 5374 4800 4884 4923 4997 4887 4882 4945 5224 5321 5217 4717 4733 4818 5193 4467 4875 4794 4770 4901 4905 4915 4905 5054 4730 5050 4527 5683 4430 5318 4764 5026 5330 4814 4868 4966 4705 4858 4910 4941 4951 5315 5036 5127 4767 4449 4902 4546 5167 4996 5282 4789 4753 4939 4689 4812 4696 5076 
5433 4739 5232 4880 5222 5338 5219 5216 5164 4626 5075 4642 5675 5374 4905 5049 5215 5183 4607 5090 5151 5037 4775 5188 4863 5281 4647 4966 4821 4678 5014 5165 5472 4831 5316 4932 4993 5076 4820 5164 5444 5271 5444 5097 5051 4727 4780 5130 4758 5567 4934 5120 5131 4890 4978 5070 5127 5075 4975 5268 4881 5150 4400 5339 5333 5071 5056 5236 4976 4480 4876 5280 4873 5267 4986 5542 5459 4787 5093 4819 5121 4987 5223 5104 4834 4956 4892 4685 4889 5157 4920 4926 4920 5086 4843 5182 5102 4632 4984 4828 4769 5036 5153 4951 4943 4941 4736 5371 5251 4788 5114 4812 4996 4799 4932 5322 4900 5101 4995 5154 5305 4731 5020 4716 4876 5248 4667 5025 5410 5652 5364 5064 5058 4936 5053 4734 4818 5347 5449 4789 4639 4901 5177 5253 5431 5309 5193 5638 4843 4656 5015 5010 5369 5046 5145 4902 5214 4625 4851 4896 5101 5505 4851 5157 5383 5293 5260 5239 4830 5137 4685 5437 4696 5031 5004 5060 5046 5634 5120 5147 5445 5425 4779 5014 5087 4948 5379 4880 5009 5034 4859 5118 5095 5308 4988 5178 5693 5131 5297 5081 5056 5088 4967 4971 4798 5068 5055 5075 5379 4967 4909 5055 5473 4862 4850 4952 4978 4993 5088 5127 4893 5266 4941 5291 4964 5722 4565 5414 4908 5022 5469 5027 5244 5062 4913 4919 5009 5275 5275 5572 5282 5312 4813 4739 5091 4884 5146 5354 5294 4936 5392 5007 4812 4895 4794 5305 
5122 4927 5371 4855 4820 5267 4923 5036 5213 4481 4779 4659 5657 5008 4832 4731 4870 5146 4487 4974 5094 5089 4484 5205 4856 5072 4785 4982 4721 4849 5018 5306 5050 5020 5304 4533 5232 5130 4990 5155 4948 5181 5215 5163 4902 4714 4738 5033 5304 5331 5012 5103 5118 5081 4753 4984 5271 4874 5022 5059 5207 5008 4506 5455 5305 4775 5199 5099 5062 4834 4648 5661 5077 5112 4909 5274 5489 4884 5143 4901 5141 5269 4751 4873 4899 4808 4783 4853 4955 5035 4742 5098 4677 4836 4797 5205 5193 4630 5043 4659 5030 5197 5171 4611 5380 5210 4675 5163 4690 4897 5058 4780 4680 5026 5093 5164 4804 5111 5505 5123 5313 4615 4844 4588 5048 4963 4809 4986 5196 5610 5330 4869 4932 4804 4663 4757 4649 5088 5157 4836 4805 4720 5213 5264 5011 5371 4945 5610 4510 4588 4853 5347 5498 4846 4817 4745 5188 4562 4978 4968 5023 5145 4879 4888 5199 5245 5488 5117 4762 4898 4757 5145 4757 4952 4911 5122 4903 5330 5116 4970 5305 5371 4763 5046 5190 5202 5135 4812 5052 5122 5040 5476 5003 4845 5215 5141 5292 4958 5340 4836 5012 5023 4995 5139 5146 4868 5373 5384 5196 4958 4801 4973 5335 4691 4873 4809 5049 4673 5176 5186 4964 5195 4871 5064 4923 5210 4562 5411 4992 4928 5336 4820 5093 4941 4833 4821 4828 5316 5006 5599 5019 4923 4867 4472 5034 4801 5206 5200 5435 4807 5143 4588 4922 4773 4964 5193 
5273 4641 5263 4824 5142 5534 5212 5215 5095 4398 4946 4730 5648 5046 4934 4885 5427 5326 4630 5150 5280 4989 4620 5010 4972 4978 4613 4784 4555 4638 5216 5308 5155 4995 4955 4930 4812 5014 4884 5134 5097 5422 5376 5002 4781 4705 4785 5251 5101 5659 5162 5124 4890 5006 4671 4975 4874 4763 4880 5238 5090 5247 4336 5487 5051 4735 5319 5109 4970 4553 4690 5163 4969 5202 5050 5366 5442 4802 4824 4793 5406 4923 4977 5165 4945 4573 4709 5034 4854 5133 5179 5011 4726 4759 4607 5088 5080 4644 4717 4749 4803 4859 4863 4737 5026 5216 4664 5401 5127 4875 5076 5211 4941 4843 4915 5397 4769 5129 5172 5176 5433 4824 4876 4982 5009 5040 4553 5015 5106 5580 5222 4936 5065 5062 4851 4773 4807 5343 5189 4600 4758 4732 5210 5375 5152 5263 5107 5438 4552 4788 4990 5004 5033 4832 4778 4818 5375 4871 4778 4835 5371 5293 4727 5398 5304 5230 5094 5274 4749 5119 4726 5119 5129 4986 5013 4903 4734 5388 5004 4791 5331 5217 4712 5229 5221 4963 5211 4849 4909 4718 5088 5307 5007 5025 4855 5067 5202 4755 5319 5134 4702 5194 4782 5004 4956 4758 5321 5275 5373 5048 4830 4931 5320 4807 4613 4868 5106 4658 5086 4887 4947 5470 4769 5120 4865 5482 4492 5458 4912 5070 5123 5030 5173 4728 4570 4699 4754 5289 5089 5530 5074 5138 4551 5011 5037 4909 5338 5314 5453 5033 5097 4942 4935 4937 4831 5099 
5110 4591 5181 4796 4822 5250 4665 4864 4748 4639 4817 4493 5130 5103 4916 4808 4869 5041 4523 4881 5090 4770 4687 4961 4566 4827 4750 4678 4791 4764 4920 5034 5194 4719 4679 4628 4857 4702 4826 4640 5064 4888 5077 4988 4756 4623 4423 4906 4776 5173 4589 4934 4769 4807 4849 4614 4966 4646 4688 4832 4829 5252 4348 5067 4862 4609 4958 5198 4807 4443 4563 4984 4746 4747 4852 5166 4934 4561 4823 4580 4917 4587 4686 4867 4922 4963 4658 4520 4812 4821 4562 5085 4564 4755 4585 4598 4900 4502 4639 4706 4777 4740 4870 4755 4936 4911 4846 5170 5086 4636 5013 4661 4805 4706 4736 4989 4917 4920 4817 4835 4931 4365 4767 4624 4463 4961 4375 4773 5006 5467 4834 4604 4818 4655 4544 4548 4842 5017 5286 4721 4336 4895 4801 5098 5275 4922 5102 5509 4735 4815 4894 4653 5097 4497 4599 4940 5151 4699 4672 4635 4861 4967 4640 4915 5097 4988 5038 4840 4635 4870 4667 4884 4566 4817 5041 4838 4433 5216 4961 4924 4979 5151 4830 5041 4996 4728 5148 4633 4810 5022 4923 4981 4894 4748 4885 5210 5236 4889 4974 4720 4910 4715 4850 5049 4818 5137 5102 5136 5130 4778 4647 4932 4768 4636 4837 4658 4656 4783 4747 5010 4743 4853 4447 5131 4691 5494 4450 5186 4689 4814 5177 4799 4942 4704 4694 4616 4768 5191 5001 5565 4785 4729 4350 4454 4892 4574 4822 5084 4975 4578 4769 4747 4693 4890 4627 4899 
5262 4857 5360 5073 5242 5340 5045 5152 5235 4376 5010 4973 5579 5340 5055 4966 5199 5400 4408 4958 5302 5149 4776 5106 5056 5144 4938 4975 4900 4855 4940 5316 5291 4935 5331 5135 4990 5178 5361 4761 5307 5260 5262 5179 5182 4776 4912 5279 5047 5304 5146 5429 5030 5442 4806 5050 5187 4805 5234 5339 5233 5499 4534 5376 5109 5046 5210 5346 4958 4864 4732 5298 5065 5069 4888 5454 5486 4826 5009 5046 5156 4982 5043 4881 5166 4840 4857 4831 5023 5089 5069 5048 5035 5120 4820 5214 5061 4688 5185 4824 4894 5189 4974 4823 5377 5129 4893 5233 5300 5032 5203 5020 4942 5005 4917 5219 5048 5046 5340 5252 5496 4912 5125 5135 5009 5298 4753 5040 5054 5632 5671 5224 5038 5268 4828 4620 4815 5180 5470 4874 4816 4900 5428 5361 5069 5261 5062 5651 4760 4532 4965 5338 5300 5310 5022 5082 5513 5228 5018 4926 5331 5501 4847 5273 5279 5529 5454 5222 4695 5115 4885 5196 4935 5192 4548 5323 5083 5366 5136 5067 5415 5389 4761 5153 5140 5053 5338 4892 4758 5051 5339 5444 5337 5171 5019 5286 5446 5115 5337 5151 5361 5051 4931 5048 5119 5005 5290 5156 5527 4932 4657 5018 5395 4797 4730 4914 5159 5199 5231 5059 4881 5166 4881 5057 4780 5754 4797 5552 5030 5063 5351 5152 5308 5171 4950 4888 5159 5420 5319 5804 5320 5151 4756 5012 5252 4625 5505 5206 5369 4983 5375 5140 5185 5350 5020 5363 
5919 4984 5731 5243 5619 5875 5430 5571 5543 4885 5396 5038 5957 5790 5377 5365 5844 5650 5173 5453 5771 5472 4915 5541 5090 5439 5163 5482 5419 5209 5370 5776 5655 5400 5459 5297 5328 5494 5467 5497 5601 5637 5733 5929 5495 5194 4978 5484 5216 5989 5677 5469 5349 5813 5391 5301 5616 5442 5455 5500 5779 5684 5082 5908 5422 5439 5426 5804 5658 4909 5410 5816 5484 5650 5555 5866 5796 5110 5308 5575 5802 5519 5445 5400 5526 5218 5171 5385 5281 5558 5190 5591 5224 5515 5260 5432 5576 5113 5464 5350 5430 5376 5476 5193 5542 5713 5228 5587 5658 5473 5464 5312 5410 5433 5463 5588 5386 5351 5640 5441 5473 5023 5473 5180 5327 5836 4944 5424 5861 6219 5579 5363 5661 5434 5408 5361 5158 5778 5696 5114 4993 5311 5756 5699 5567 5576 5504 5886 5021 5052 5429 5633 5806 5585 5297 5260 5531 5418 5478 5490 5657 5850 5387 5712 5699 5833 5681 5359 5320 5589 5435 5740 5544 5621 5225 5205 5424 6109 5645 5554 5853 5865 5279 5536 5568 5362 5813 5371 5420 5362 5577 5842 5861 5739 5460 5570 5963 5622 5901 5503 5579 5529 5537 5393 5304 5356 5550 5759 5692 5309 5559 5289 5761 5338 5327 5221 5278 5543 5555 5257 5622 5599 5482 5416 4975 5944 4799 5894 5311 5353 5669 5782 5443 5638 5270 5321 5434 5750 5612 6211 5473 5604 4983 5211 5564 5086 5843 5868 6079 5343 5725 5388 5488 5619 5183 5544 
5069 4868 5223 4732 5148 5302 4691 4908 5127 4910 4722 4364 5593 5197 4638 4845 4979 5013 4570 4944 5386 4656 4477 4787 4695 4809 4597 4857 4942 4595 5061 5289 5077 4805 4648 4505 4738 4701 5221 4763 5432 4789 5202 5091 4859 5013 4656 5048 4756 5141 4808 5088 4783 4929 4878 4763 5111 4714 4986 4869 5202 4905 4259 5009 5307 4899 4860 5145 4927 4451 4684 5061 4865 4875 4713 5233 4970 4665 5065 4960 5152 4690 4710 4920 4861 4950 4750 4663 4907 4974 4689 4895 4624 4865 4778 4979 4826 4654 4904 4570 4877 4741 4855 4792 4947 4871 4763 4852 5083 4935 4633 4668 4631 4855 4975 5329 4991 4770 4830 5127 5070 4611 4899 4600 4891 5086 4427 4933 4964 5597 4766 4876 5092 4879 4561 4758 4557 5080 5143 4620 4651 4728 5137 5014 4912 4707 4897 5414 4652 4587 4691 4635 5180 4962 4548 4802 4989 4673 4783 4572 5012 4977 4687 5135 4966 5040 5132 5050 4544 4757 4459 4932 4630 4852 4868 4745 4779 5268 4696 5042 5251 5378 4780 5056 5064 5211 5165 4840 4834 4702 5130 5235 4912 4968 5053 5041 5572 4971 5027 4897 4829 4888 4802 4780 4681 4523 5032 4995 5174 4502 4582 4659 4835 4633 4809 4908 4891 4841 4712 4729 4793 5067 4498 5004 4532 5433 4519 5257 4668 4762 5076 4808 4909 4866 4879 4595 4943 5256 5038 5521 4915 5009 4521 4590 4806 4291 5167 5247 5281 4902 5349 4977 4822 4768 4972 4747 
5464 5203 5590 5408 5577 5841 5392 5697 5304 4814 5161 5079 5959 5466 5073 5165 5423 5584 5153 5233 5720 5195 5104 5329 5219 5630 5106 5225 5117 5280 5258 5588 5543 5018 5303 5231 5370 5417 5616 5335 5546 5553 5755 5661 5448 5207 5362 5724 5202 5864 5554 5426 5301 5571 5419 5064 5471 5210 5253 5318 5499 5833 4595 5649 5727 5534 5244 5538 5323 5065 5061 5701 5293 5638 5209 5601 5553 5215 5475 5438 5704 5436 5202 5487 5288 5332 5095 5360 5503 5523 5370 5244 4902 5406 5141 5205 5511 5192 5525 4800 5279 5272 5383 5124 5634 5567 5378 5667 5601 5227 5411 4851 5202 5401 5445 5661 5302 5372 5341 5572 5687 5094 5278 5081 5175 5683 4898 5372 5282 6046 5718 5506 5180 5720 5007 4957 5034 5396 5714 4866 5036 5390 5741 5708 5567 5242 5639 5971 5071 4920 5207 5421 5777 5523 5286 5140 5644 5098 5424 5283 5299 5748 4970 5555 5623 5886 5702 5596 5070 5145 4921 5625 5231 5250 5118 5616 5215 5625 5234 5456 5776 5737 5165 5584 5373 5439 5407 5325 5416 5120 5434 5603 5422 5465 5463 5681 5851 5408 5642 5156 5121 5357 5203 5415 5429 5358 5557 5416 5740 5097 5065 5320 5526 5049 5235 5074 5484 5372 5629 5519 5466 5745 5085 5329 5091 5949 4764 5938 5286 5142 5790 5400 5363 5590 5293 5114 5619 5322 5498 6066 5656 5448 4769 5223 5494 5051 5445 5523 5407 5480 5719 5348 5314 5093 5144 5586 
6070 5166 5809 5281 5511 5952 5593 5580 5524 4956 5311 5114 6135 5877 5289 5224 5620 5828 4902 5409 5755 5434 5169 5696 5208 5533 5416 5299 5165 5324 5761 5742 5828 5261 5527 5472 5513 5524 5483 5635 5856 5831 5680 5567 5615 5001 5109 5754 5409 6033 5668 5635 5471 5544 5253 5043 5594 5514 5533 5697 5699 6013 4715 5871 5510 5244 5624 5580 5467 5102 5022 5635 5363 5463 5490 5662 5911 5123 5278 5573 5757 5555 5220 5659 5611 5396 5430 5376 5599 5539 5252 5505 5215 5251 5384 5586 5680 4995 5380 5053 5614 5295 5396 5360 5758 5537 5413 5534 5721 5448 5753 5109 5253 5714 5693 5509 5418 5451 5377 5528 5810 5115 5427 5275 5380 5844 5355 5453 5710 6313 5605 5383 5494 5699 5041 5111 5182 5940 5843 5221 5047 5390 5444 5926 5861 5509 5578 6064 5096 5069 5403 5736 5848 5605 5518 5430 5635 5559 5330 5413 5743 5713 5349 5782 5659 5821 5934 5374 5344 5382 5271 5723 5337 5245 5537 5446 5528 5893 5703 5463 5777 5967 5305 5707 5843 5495 5983 5363 5439 5723 5558 5665 5538 5669 5460 5654 5848 5338 5826 5546 5671 5364 5561 5824 5381 5357 5554 5795 5986 5301 5391 5492 5635 5285 5523 5367 5203 5214 5413 5703 5657 5764 5528 5690 5146 6031 5091 5917 5225 5105 5651 5593 5577 5307 5235 5387 5507 5526 5712 6157 5707 5497 5247 5455 5487 5223 5831 5671 5772 5336 5600 5313 5453 5460 5380 5728 
5208 4882 5420 5003 5072 5527 5060 5334 4944 4483 4665 4734 5554 5205 5053 4998 5046 5121 4741 4907 5467 5157 4651 4964 4764 5162 4721 4828 4745 4809 5199 5377 4987 4699 5023 4720 5153 5224 5036 4995 5289 5285 5256 5026 4989 5068 4647 5064 5111 5203 5108 5054 4864 5057 4752 4824 5285 4841 5153 5018 5084 5049 4470 5400 5199 4973 5187 5261 4980 4478 5124 5320 5060 5311 4988 5143 5074 4987 5041 4945 5023 4922 4857 5037 4966 5134 4989 4832 4941 5127 4932 5010 4744 4887 4713 4848 5054 4712 5174 4818 4942 4997 4986 4604 5343 5220 4732 5333 4915 4897 5072 4983 4979 5027 5081 5176 5019 5093 5081 5333 5256 4737 4960 4662 4644 5172 4390 4751 5196 5711 5209 5307 5002 5129 4573 4874 4919 5133 5442 4884 4787 4982 5161 5222 5151 5091 5046 5539 4864 4789 4958 4973 5411 5121 4706 4961 5073 5010 4867 5003 5128 5133 4982 5154 5399 5639 5333 5314 4773 5109 4711 5041 4532 4881 4918 5270 4869 5634 5100 5074 5198 5575 5026 4982 5110 5115 5328 4692 5130 5180 5006 5409 5259 5134 5061 5419 5478 4995 5327 5045 5051 5171 4949 5116 4869 5071 5291 5344 5611 5060 4985 5003 5175 4598 4900 4883 4993 4867 4976 5068 5079 5227 4948 5161 4674 5672 4665 5425 4754 5022 5342 4819 5144 4747 4978 5214 5054 5111 5276 5724 5110 5003 4614 4838 5080 4994 5084 5256 5182 4932 5448 4969 5056 5017 4797 5221 
5284 4914 5583 4946 5346 5428 4954 5160 5259 4699 5013 4941 5518 5399 4942 4975 5448 5326 4653 5066 5360 5321 4656 5237 5137 5083 4883 4947 4599 5156 4980 5362 5361 4884 5388 4893 5183 5262 5190 5182 5464 5660 5481 5529 5057 4802 4613 5163 5215 5620 5280 5397 4970 5263 4878 4863 5227 5026 5082 5385 5552 5275 4449 5621 5203 5058 5270 5134 4967 4670 4966 5524 5105 5055 5159 5474 5580 4940 5303 5226 5503 5183 5070 5198 5149 5141 4741 4997 5094 5262 5258 5296 4521 4791 4935 5067 5266 4713 5470 4991 5105 5083 5325 4781 5313 5298 4764 5127 5424 5000 5390 4979 4976 5039 5410 5399 4953 5055 5377 5169 5477 4861 5237 5004 4949 5126 4962 4987 5068 5682 5262 5144 5170 5210 5026 4750 4827 5235 5471 5069 4959 4891 5356 5046 5135 5232 5128 5575 4923 4819 5048 5117 5462 5171 5053 4889 5314 4708 4647 5192 5112 5508 4983 5267 5516 5394 5350 5140 4703 4904 4708 5100 4892 5103 4848 5200 4956 5813 5261 5246 5225 5536 5034 5379 5063 5345 5400 4975 5421 5121 5219 5507 5482 5269 5303 4986 5447 5179 5422 4923 4939 5206 5044 4949 5141 4965 5263 5707 5365 4946 5064 4866 5603 4705 5183 4946 5389 5218 5258 5003 5258 5268 4872 5229 4818 5821 4493 5607 5119 5002 5361 5334 5382 5213 4911 5175 5115 5455 5211 5741 5112 5185 4816 4841 5040 4888 5264 5206 5537 5031 5183 4859 5273 5155 4980 5563 
5912 5182 5937 5340 5728 5927 5697 5635 5733 5040 5551 5305 6115 5809 5529 5268 5813 5896 5116 5520 5783 5297 5256 5464 5218 5868 5507 5571 5411 5076 5589 5677 5731 5427 5567 5312 5565 5542 5640 5644 5677 5545 6013 5683 5531 5427 5391 5693 5285 5928 5506 5633 5370 5495 5269 5611 5710 5396 5564 5801 5823 5864 5157 6130 5793 5679 5753 5838 5455 5194 5246 5829 5498 5531 5436 5889 5894 5151 5508 5564 5682 5519 5510 5788 5382 5573 5488 5429 5696 5599 5502 5615 5142 5545 5418 5654 5634 5332 5770 5311 5616 5747 5559 5091 5696 5698 5126 5583 5591 5260 5808 5185 5323 5507 5731 5864 5220 5393 5708 5708 5637 5607 5275 5400 5332 5963 5099 5617 5736 6376 5665 5669 5624 5800 5475 5369 5348 5659 5993 5143 5365 5368 5996 5644 5978 5759 5625 6153 5141 5226 5338 5553 5826 5482 5379 5313 5618 5637 5279 5680 5692 5847 5461 5748 5810 5757 5868 5528 5228 5934 5250 5733 5537 5535 5371 5570 5404 5959 5566 5711 5895 5824 5394 5741 5788 5302 5870 5444 5638 5309 5739 5638 5483 5798 5769 5693 6322 5418 5547 5660 5472 5564 5350 5651 5604 5433 5597 5711 5876 5546 5311 5357 5701 5482 5269 5384 5437 5340 5727 5490 5718 5827 5443 5691 5279 6246 5192 5923 5501 5441 5677 5480 5642 5312 5238 5508 5727 5640 5929 6423 5662 5699 5128 5522 5697 5199 5636 5891 5823 5392 5871 5607 5558 5615 5335 5783 
5333 4860 5324 5218 5006 5483 5075 5287 5272 4399 4796 4532 5588 5267 4762 5122 5213 5262 4517 4841 5354 5147 4469 4833 4759 5157 4856 4840 4845 4862 5114 5286 5219 4792 5231 4803 4856 5137 5098 5179 5159 5268 5236 5267 5043 4766 4841 5203 4919 5230 5097 5037 4914 4969 4900 4870 5185 4621 5077 5194 5147 5356 4498 5313 5172 5114 4956 5223 4905 4847 4732 5317 5042 5242 5078 5466 5399 4592 5054 4861 5197 4669 4958 5313 4956 5050 4791 4894 5186 5015 4939 4748 4762 5077 4675 5012 4923 4569 4976 4764 5041 5034 5182 4620 5387 5247 4647 5082 4882 4806 5041 4942 4722 5088 4985 5350 4985 4884 5327 5178 5378 4637 4915 4920 4937 5267 4480 5108 4945 5575 5350 5212 4822 5039 4732 4992 4802 5317 5473 5074 4543 5142 5262 5159 5037 4852 5068 5224 4596 4817 4819 5062 5060 5038 4743 5014 5194 5068 5090 5042 5108 5273 4826 5357 5121 5568 5018 5401 4512 5120 4907 5272 4911 4820 4730 4990 4736 5610 5217 5038 5097 5359 4796 5146 5070 4998 5355 5020 5023 4964 5240 5502 4959 5162 5119 5331 5506 5317 5290 4911 4930 5211 4992 4974 4896 5162 5196 5420 5271 5167 4905 5161 5107 4614 5012 4815 4802 4907 4967 4799 5256 4992 4866 5405 5028 5706 4574 5369 4904 5244 5421 4875 5197 5077 4677 5131 4993 5255 5258 5626 5194 5155 4714 4690 5149 4790 5140 5285 5303 5008 5556 5066 5074 4783 5041 5302 
5543 4826 5354 4974 5355 5754 5004 5563 5236 4861 5369 4917 5768 5415 5041 5027 5523 5663 4828 5582 5639 5106 4825 5045 4881 5146 5008 5147 4986 4968 5288 5324 5475 5147 5285 5084 5405 5347 5422 5218 5531 5685 5575 5539 5280 4954 5049 5151 5327 5814 5191 5378 5367 5396 4942 5075 5454 5102 5320 5427 5397 5469 4552 5633 5322 4984 5144 5341 5281 4912 4944 5408 5257 5258 5131 5628 5790 5057 4996 5478 5646 5176 5158 5378 5430 5167 5028 5092 5292 5212 5447 5262 4787 5485 5002 5406 5336 4819 5196 5015 5127 5100 5142 5121 5378 5631 4880 5528 5618 5429 5669 5036 5080 5086 5509 5527 5163 5381 5602 5418 5628 4818 5149 5158 5210 5533 4747 5365 5257 5909 5419 5527 5372 5235 5363 4970 5068 5530 5602 4967 5025 5437 5522 5418 5663 5114 5347 5812 4876 4810 5009 5438 5462 5530 5062 5166 5649 5115 5169 5367 5675 5399 4974 5683 5574 5731 5664 5435 5025 5216 5085 5574 5235 5131 5171 5356 5108 5911 5273 5301 5647 5614 5080 5781 5640 5174 5495 5057 5426 5035 5501 5459 5332 5252 5389 5419 5551 5290 5585 5506 5164 5521 5248 5304 5161 5166 5569 5479 5600 5152 5338 5073 5609 4933 5174 5199 5225 5209 5284 5083 5244 5474 5105 5633 5046 5832 4819 5796 4967 5189 5718 5500 5330 5192 4746 5372 5434 5699 5701 5849 5385 5499 4852 4820 5367 5087 5464 5503 5829 5199 5244 5366 5299 5177 5239 5338 
5301 4854 5622 5164 5530 5693 5106 5259 5270 4597 5198 4919 5680 5619 5194 5149 5500 5403 4873 5093 5731 4999 4999 5176 5077 5582 4816 5017 5071 5128 4993 5300 5870 4981 5411 5104 5323 5111 5331 5114 5366 5432 5542 5298 5028 4886 5109 5190 5136 5691 5406 5348 5331 5598 5049 4985 5062 4942 5123 5234 5415 5404 4693 5666 5270 5072 5167 5431 5018 4834 5162 5612 5494 5230 5284 5367 5286 4817 5190 5242 5657 5171 5325 5349 5225 5425 5011 4938 5218 5633 5226 5236 5026 5002 4861 5251 5554 4641 5243 5264 5226 5187 5134 5058 5524 5376 5200 5457 5414 5034 5310 4909 5191 5219 5091 5354 4892 5051 5294 5474 5398 4945 5175 4919 5142 5603 4770 5003 5441 5912 5281 5263 5265 5290 5110 4972 5102 5356 5901 5050 4971 5122 5433 5416 5607 5409 5166 5910 4902 5007 5110 5341 5748 5424 5021 5079 5292 5126 5051 5193 5378 5497 5303 5615 5664 5461 5662 5299 4862 5074 5012 5370 5221 5083 4707 5206 4901 5784 5333 5376 5512 5682 5326 5446 5165 5289 5388 5133 5234 5243 5276 5425 5562 5185 5454 5504 5731 5411 5345 5150 5192 5296 5311 5227 5296 5084 5174 5504 5597 5085 4954 5192 5653 5110 5038 5272 5289 5171 5281 5201 5360 5413 5132 5375 5084 5855 4739 5653 5080 4944 5652 5279 5298 5204 5076 5272 5320 5319 5424 5820 5232 4990 4967 5007 5336 4894 5431 5291 5628 5182 5376 4818 5527 5407 5112 5291 
4989 4698 5130 4597 5213 5064 4993 4910 4997 4484 4969 4609 5336 5106 4738 4769 5162 5211 4661 4943 5313 4729 4617 5020 4681 5048 4825 4678 4547 4652 4914 5035 5297 4901 5188 4696 4838 4977 4845 5136 5097 5121 5312 5124 4818 4558 4541 5077 4772 5375 5084 5222 4940 5110 4924 4698 5171 4874 4940 5014 5059 5185 4453 5116 5063 4657 4850 5099 4871 4608 4690 5204 4970 5071 5037 5159 5459 4664 4885 4862 5113 4833 4828 5161 4992 4741 4685 4951 4852 5018 4840 4983 4656 4852 4545 4886 4886 4458 4803 4910 4859 4892 5057 5039 4969 5079 4675 5297 5179 4837 5204 4660 4864 4606 4889 5170 4610 5126 4884 4877 5112 4621 4963 4725 4612 4911 4516 4849 5094 5672 4886 5183 5010 4745 4743 4716 4772 5211 4909 4670 4640 4981 4983 5050 5389 5103 5117 5312 4583 4717 4668 4921 4993 4775 4843 4454 5378 4798 4750 4821 4821 5238 4960 5030 5156 5184 5272 5182 4679 4882 4672 5306 4785 5043 4794 4861 4772 5483 4804 4744 5379 5126 4776 5011 5057 4923 5081 4710 4871 5065 4816 4893 5063 4870 5027 5211 5287 4901 5141 5078 4802 4819 4856 4801 4913 4990 4971 5231 5324 4980 4859 5123 5062 4462 4846 4440 4947 4885 4921 4807 5098 5159 4541 4914 4681 5425 4495 5259 4634 5020 5516 4831 4975 4861 4683 4831 5179 5181 5003 5389 4935 4858 4501 4565 5081 4768 5044 5207 5105 4782 5123 4828 4640 4851 4734 5180 
5265 4666 5255 4760 4749 5299 4781 4901 4797 4440 4914 4447 5212 4858 4702 4878 4853 5075 4335 4768 5165 4627 4312 4851 4623 4745 4470 4734 4709 4368 4644 5030 4892 4783 4662 4841 4963 5025 4937 4738 5211 5156 5153 5157 4764 4615 4749 4677 4897 5048 4750 4770 5033 4978 4312 4819 5072 4751 4700 4992 4931 5112 4393 5121 5102 4759 4994 5082 4691 4428 4569 5231 4698 4875 4762 4974 5147 4459 4886 4803 5035 4789 4613 5134 4566 4856 4623 4748 4808 4894 4714 4650 4549 4883 4649 4814 4816 4473 4914 4488 4667 5019 4915 4603 5034 4968 4633 5203 4880 4736 4876 4638 4736 4852 4653 5239 4692 4895 5176 5198 5162 4455 4701 4787 4740 5173 4350 4738 4808 5354 5112 4963 4844 4883 4540 4632 4590 5232 5261 4380 4865 4659 5139 5051 4988 5165 4752 5453 4605 4437 4722 5125 4845 5132 4765 4704 4875 4937 4933 4682 5040 4956 4680 5088 5049 5362 4893 4888 4557 4611 4426 5084 4852 4876 4842 4861 4553 5363 5023 5030 4927 5374 4627 4941 5109 4878 4982 4624 4878 4867 5026 4982 4910 5014 4917 4983 5368 4854 4984 4846 4900 4738 4795 4927 4584 4643 5157 5284 4968 4900 4615 4535 4957 4661 4823 4564 4826 4781 5004 5003 4717 5068 4556 5134 4521 5510 4208 5107 4438 4864 4973 4761 4975 4661 4475 4903 4920 5034 4991 5358 4951 4826 4460 5032 4756 4504 4989 5134 5135 4839 4986 4719 5139 4945 4761 5101 
5322 4938 5364 4938 5328 5385 4988 5482 5298 4802 5134 4992 5487 5442 5275 5110 5654 5491 4660 5153 5458 5100 4882 5126 4987 5077 5032 5022 4777 5074 5022 5463 5323 5006 5290 4922 5119 5523 5424 5229 5501 5423 5381 5123 5156 4856 4703 5404 5345 5625 5125 5388 5243 5130 5004 4939 5516 4911 5291 5391 5352 5322 4769 5619 5516 5041 5226 5193 5019 4807 4936 5495 5219 5056 5285 5662 4997 4649 4791 5075 5251 5066 5072 5141 5077 5231 5072 5278 4930 5167 4961 5141 4720 5142 4827 5274 5431 4647 5294 4876 4969 5213 5153 5066 5438 5278 4852 5490 5085 5111 5395 4951 5167 5153 5388 5429 5000 5371 5203 5339 5757 5066 4948 4956 4973 5386 4747 5180 5313 5938 5218 5019 5056 5083 5139 4887 5072 5438 5406 4932 4900 4795 5480 5448 5373 5196 5253 5652 4898 4911 4975 5187 5180 5031 5113 4912 5276 4977 4853 5187 5371 5471 5038 5376 5282 5450 5357 5154 4814 5196 4978 5194 5172 5089 5026 5156 4959 5721 5282 5104 5491 5697 4980 5651 5351 5473 5203 5058 4928 5361 5022 5468 5284 5382 5213 5480 5654 5185 5297 5120 5430 5297 4891 5360 5225 5164 5448 5420 5597 5132 5037 5147 5375 4950 5194 4992 5104 5168 5046 5383 5260 5533 4852 5197 4907 5958 4849 5509 5147 5025 5558 5223 5390 5223 4779 4919 5054 5617 5395 5884 5177 5308 5016 4908 5155 4653 5247 5337 5329 5021 5474 5050 5187 5247 5109 5133 
5552 5161 5818 5143 5308 5829 5138 5318 5198 4866 5223 4891 5680 5493 5416 5047 5339 5544 4745 5384 5379 5402 5023 5441 5050 5406 5058 5163 4966 5067 5572 5341 5542 5112 5310 5134 5204 5420 5442 5222 5255 5573 5600 5214 5187 5050 5015 5373 5411 5748 5479 5237 5408 5327 5205 5320 5161 5174 5218 5259 5277 5479 4835 5656 5467 5241 5308 5672 5197 4910 5025 5632 5554 5481 5088 5592 5779 4938 5103 5318 5658 5221 5160 5405 5223 5251 5150 5100 5093 5342 5073 5305 4984 4916 5263 5478 5548 4895 5165 5141 4978 5264 5192 5030 5605 5506 4912 5329 5281 5073 5309 5159 5197 5298 5409 5384 4959 5330 5149 5474 5451 5068 5139 4923 5163 5503 4670 5027 5539 5973 5470 5085 5152 5433 5261 4944 4860 5382 5474 5002 4929 5020 5599 5651 5497 5407 5064 5813 4960 4690 5265 5563 5466 5320 5112 5075 5523 5236 5244 5336 5484 5517 5081 5432 5603 5613 5482 5378 4873 5281 5027 5323 4953 5304 5049 5290 5215 5773 5348 5526 5999 5736 5319 5392 5509 5258 5414 5079 5221 5450 5584 5460 5350 5356 5538 5165 5523 5352 5706 5245 5389 5397 5360 5491 5408 5415 5452 5568 5767 5355 4984 5361 5576 5110 4796 4999 5253 5072 5362 5330 5279 5579 5192 5394 4913 5960 4869 5861 5290 5030 5448 4903 5652 5152 5154 5122 5261 5460 5464 5793 5472 5129 5021 4906 5537 4889 5250 5523 5627 5045 5277 5053 5424 5275 5113 5537 
5363 4784 5448 5057 5261 5286 4722 5336 5220 4469 5119 4985 5559 5367 4775 4830 5146 5403 4804 5210 5257 4995 4665 4910 4965 4731 4817 5078 5065 4815 5121 5359 5326 4874 5057 4750 5015 4972 5333 5195 5192 5144 5208 5395 5314 4963 4804 5043 5204 5312 5180 5101 5005 5238 4831 5004 5221 5007 5149 5290 5231 5173 4536 5371 5257 4990 4892 5207 4745 4692 4798 5223 5125 5183 4856 5517 5216 4825 4972 4806 5382 5093 5077 5252 5165 5190 5009 4557 5063 5073 4838 5229 4650 5218 4829 5102 5156 4650 4943 5011 5047 4929 4910 5151 5278 4939 4818 5204 5305 5230 5266 5068 4850 5107 5114 5578 5061 4858 5169 5233 5454 4545 5120 4712 4712 5312 4752 5090 5131 5677 5202 5145 5232 5061 4704 4556 5239 5395 5435 4813 4681 5146 5210 5510 5156 4953 5203 5804 4984 4751 4928 5081 5180 4845 5060 5087 5213 5017 4912 5024 5438 5299 4721 5343 5236 5548 5209 5110 4805 4998 4789 5194 4927 4931 5252 5175 5085 5703 5198 4861 5314 5294 4972 5152 5249 4901 5346 4958 5168 5332 5283 5413 4951 5215 5126 5222 5247 5199 5260 5172 5214 5193 5032 5090 4954 5059 5187 5348 5510 4971 4908 5102 5258 5092 4976 4936 4814 4755 4836 5070 5084 5400 5030 5320 4713 5739 4662 5478 4966 5136 5124 5174 5354 5129 4568 5221 4905 5085 5343 5767 5156 5039 4766 4641 5141 4785 5295 5150 5312 5070 5325 5138 5197 5145 4831 5209 
5703 5151 5597 4763 5528 5462 5014 5290 5192 4924 5142 5080 5674 5407 4784 4933 5405 5259 4757 5331 5594 5225 4848 4924 4852 5129 5113 5239 5002 5091 5034 5234 5480 5201 5451 5027 5219 5152 5181 5210 5876 5460 5631 5385 4908 5121 4749 5190 5461 5635 5050 5404 5180 5146 5110 5164 5468 5242 5326 5426 5337 5516 4926 5543 5584 5108 5252 5436 5120 4947 4900 5376 5016 5261 5155 5727 5484 4712 5145 5289 5830 5264 5159 5281 5166 5114 4697 4990 5253 5094 5254 5006 4854 5284 5010 5086 5232 4664 5209 4759 5118 5202 5223 5120 5185 5308 5055 5371 5350 5414 5343 5149 4924 5166 5027 5624 4970 5048 5234 5005 5280 5047 5291 5051 4926 5481 4876 5252 5231 6160 5175 5181 5067 5227 5077 4997 5016 5446 5481 5020 5035 5040 5597 5615 5377 5116 5333 5751 5261 4813 5276 5393 5338 5413 4876 4983 5423 5351 5266 5199 5386 5582 4797 5478 5396 5408 5392 5160 5010 5385 5145 5404 4889 5229 5161 5277 5101 5874 5275 5384 5250 5636 4802 5492 5473 4992 5606 4912 5130 5197 5370 5533 5220 5401 5309 5332 5886 5088 5330 5348 5100 5264 5327 5481 5266 5265 5498 5322 5429 5165 4904 5202 5450 4842 4942 5091 5243 4969 5588 5089 5028 5161 5015 5470 5070 5796 4985 5529 5014 5260 5684 5305 5417 5482 4846 5136 5071 5354 5464 5895 5185 5614 4727 5086 5249 5126 5384 5318 5435 5080 5382 5195 5067 5312 5072 5374 
4933 4493 5450 4825 4799 5407 4843 4876 4882 4471 4780 4651 5133 5042 4822 4884 5056 5118 4351 4816 5291 4859 4592 4917 4642 4894 4398 4709 4526 4942 4745 4943 4983 4753 5031 4606 4998 4768 5041 4606 5207 5192 5201 5060 5114 4950 4740 4679 5090 5223 4895 4992 4867 4882 4674 4699 4934 4670 4872 4780 5280 5142 4352 5257 4949 4810 4781 5066 4736 4369 4591 5256 4944 4759 4938 5206 5104 4721 4649 4821 5488 4754 4833 5157 4733 4809 4617 4591 4850 4941 4880 4991 4659 4642 4591 5025 4865 4434 4964 4564 4818 4841 4782 4651 5256 5080 4581 5206 5045 4864 4960 4889 4768 4968 4943 5108 4885 4854 4890 5347 5183 4465 5000 4749 4752 5143 4151 4626 5036 5456 5038 4609 4714 4930 4672 4537 4771 4901 5326 4820 4489 4817 5036 4944 5008 4824 4884 5356 4372 4634 4989 4959 5303 4825 4707 4688 5095 4988 4543 4866 5019 5154 4582 5138 5069 5539 5169 4941 4480 4783 4718 4857 5003 4926 4745 4718 4956 5583 5145 5021 5281 5248 4928 4981 4983 4734 4977 4506 4572 4725 4949 4959 4944 4777 4980 5051 5386 4963 5159 4875 4964 4958 4678 4923 5018 4860 5122 5175 5256 4695 4642 4655 5037 4663 4810 4719 5147 4772 4959 5256 4938 5285 4765 5084 4631 5360 4484 5304 4746 4831 5117 4918 4872 4708 4684 4507 4880 5184 5105 5623 4682 4786 4596 4491 4992 4383 5033 5059 5163 4836 5111 4770 4968 4761 4702 4761 
5587 4978 5725 5164 5478 5574 5104 5420 5633 5235 5299 4921 5936 5508 5230 5079 5538 5580 4882 5188 5730 5416 4959 5242 5086 5160 5012 5034 5326 5167 5446 5552 5758 5171 5453 5148 5519 5250 5561 5434 5482 5525 5490 5940 5090 5198 4834 5618 5377 5708 5514 5384 5434 5599 5235 5178 5525 5252 5377 5658 5465 5543 4820 5715 5554 5049 5563 5600 5388 5166 5023 5928 5527 5372 4985 5756 5742 5077 5462 5243 5451 5316 5211 5225 5435 5370 5083 5167 5313 5010 5066 5419 4927 5116 5085 5288 5423 4986 5394 4943 5161 5430 5654 5171 5274 5471 5085 5381 5551 5172 5310 5096 5092 5277 5310 5603 5101 5095 5343 5237 5799 4980 5470 5250 5191 5661 4781 5441 5482 6074 5302 5337 5404 5255 5371 5156 4841 5588 5611 5103 4969 5390 5642 5477 5813 5404 5440 6137 5254 5100 5155 5388 5654 5542 5397 5061 5657 5155 5201 5142 5478 5663 5331 5490 5454 5740 5606 5391 5071 5303 5128 5535 5133 5370 5149 5233 5110 5813 5431 5360 5778 5697 5106 5498 5455 5494 5616 5087 5208 5299 5392 5520 5463 5478 5284 5387 5672 5394 5869 5450 5538 5584 5308 5494 5222 5412 5520 5554 5554 5362 5085 5257 5761 4833 5543 5065 5551 5316 5361 5517 5437 5271 4939 5341 5088 5677 5065 5951 5145 5452 5712 5242 5497 5564 5026 5043 5599 5556 5469 5943 5493 5350 4813 5100 5364 4859 5492 5640 5518 5375 5257 5008 5272 5105 4970 5714 
5213 4645 5591 4800 5238 5411 5175 5403 5371 4861 5199 4472 5382 5481 4963 4962 5247 5478 4844 5067 5347 5265 4800 5427 4953 4727 4839 5168 4948 4923 4998 5479 5496 4907 5386 5021 5082 5174 5185 5246 5447 5453 5635 5335 5036 4917 4740 5143 5181 5552 4963 5186 5306 5161 5050 4985 5189 4912 4950 5266 5359 4944 4400 5561 4993 5026 5171 5235 4921 4705 4728 5387 5228 5244 5126 5542 5385 4858 5174 5083 5425 5092 5040 5257 5096 5272 4889 4883 5063 5160 5128 5328 4763 4908 5012 5283 5470 4593 5133 5030 4915 4989 5294 5136 5261 5254 4738 5232 5142 5165 5261 4782 4901 5085 5218 5422 5079 4877 5175 5215 5327 4644 5036 4758 5045 4967 4871 5174 5293 5794 5334 5064 5032 5261 4958 5045 4785 5350 5508 4893 4634 4795 5210 5182 5387 5442 5041 5792 4856 4658 5162 5037 5242 5150 5058 4836 5345 4885 5004 5205 5430 5357 4944 5258 5302 5761 5405 5267 4817 5102 4973 5159 5111 4920 4809 5203 5039 5682 5289 5377 5607 5617 5019 5460 5152 5202 5140 4866 5046 5011 4887 5394 5077 5108 5040 5262 5689 5236 5377 5273 5216 5090 5009 5207 5056 5101 5187 5446 5457 5113 4991 5087 5465 5075 5298 4839 5131 5185 5140 5344 4986 5378 5138 5363 4766 5858 4988 5668 5216 5123 5440 5267 5246 5345 4900 4841 4918 5405 5098 5826 4827 4947 4804 4843 4914 4796 5350 5341 5279 4977 5064 5212 5054 5226 4732 5349 
5367 4775 5637 4971 5276 5662 5301 5236 5412 4652 5261 4792 5764 5401 5082 5230 5676 5509 4932 5243 5570 5300 4883 5122 4849 5448 4919 4974 4652 5234 5177 5277 5309 5183 5318 4958 5332 5187 5382 5270 5543 5394 5446 5488 5325 5139 4867 5207 5299 5484 5391 5327 5364 5299 4948 5399 5195 5239 5321 5546 5101 5379 4595 5547 5434 5091 5260 5306 5253 4950 5083 5535 5194 5191 5393 5612 5514 4959 5009 5393 5372 5289 5088 5433 5261 5259 5101 5266 5375 5267 5050 5270 4648 5097 5001 5425 5305 4867 5414 5003 5183 5359 5317 5064 5368 5527 4924 5404 5600 5102 5489 5096 5058 5088 5344 5595 5134 5234 5377 5185 5589 4491 5060 4978 5167 5522 4626 5177 5291 5934 5571 5151 5221 5327 5065 4841 4996 5313 5629 5211 4718 5188 5598 5632 5596 5436 5482 5720 5091 5027 5176 5409 5465 5263 5068 5070 5513 5187 5166 5651 5515 5614 4887 5331 5690 5617 5497 5436 5020 5328 5126 5410 5026 5419 5184 5245 5145 5933 5462 5123 5629 5752 5168 5327 5411 5033 5530 5205 5081 5248 5404 5363 5283 5274 5221 5371 5584 5323 5726 5457 5256 5266 5168 5374 5317 5432 5557 5700 5812 5149 5056 5450 5465 5086 5128 4924 5026 5194 5246 5212 5504 5303 5249 5314 4567 5744 4653 5486 5286 5195 5616 5246 5467 5330 4903 5243 5079 5455 5297 5955 5326 5306 4967 5111 5180 5013 5430 5484 5394 5119 5473 5079 5429 5127 5180 5440 
5691 4707 5768 5204 5279 5598 5141 5314 5291 4760 5132 5084 5603 5522 5271 5360 5761 5506 4849 5514 5503 5291 4910 5287 5061 5247 5126 5264 5099 5056 5140 5736 5539 4999 5504 5182 5356 5238 5185 5383 5449 5360 5730 5586 5364 5010 5108 5403 5080 5760 5435 5492 5247 5344 5119 5171 5293 4903 5147 5481 5513 5632 4966 5654 5321 4992 5343 5724 5183 5037 4834 5630 5060 5091 5232 5597 5609 5033 5208 5218 5552 5082 5361 5310 5236 5170 5369 5104 5286 5316 5146 5456 4869 5195 5158 5434 5382 4832 5123 4912 5144 5184 5189 5160 5446 5128 4969 5324 5467 5244 5416 5202 5080 5152 5399 5690 5216 5393 5261 5426 5511 5088 5212 5114 5033 5548 5083 5241 5643 6248 5365 5317 5428 5313 5001 5112 4934 5372 5577 4962 5127 5142 5334 5584 5348 5480 5448 5933 5156 4942 5223 5457 5367 5350 5100 5234 5563 5279 5021 5253 5607 5494 4995 5388 5380 5532 5732 5407 4929 5205 4879 5534 5256 5285 5211 5205 5224 5528 5342 5217 5594 5723 5081 5479 5567 5220 5578 5283 5154 5607 5464 5426 5421 5368 5244 5427 5626 5344 5552 5535 5313 5544 5083 5362 5304 5055 5573 5456 5845 5145 5108 5312 5385 5197 4871 4944 5238 5029 5366 5496 5237 5541 4887 5298 5117 5816 4888 5389 5086 5105 5673 5531 5247 5358 4741 5181 5253 5530 5689 5778 5539 5523 4817 5157 5415 4989 5578 5557 5434 5250 5487 5295 5288 5293 5323 5407 
5538 4928 5443 5437 5318 5519 5151 5326 5672 4837 5245 5220 5906 5862 5140 5216 5682 5468 5141 5306 5754 5256 5063 5561 4986 5353 4979 5010 4954 5151 5359 5779 5717 5219 5277 5026 5242 5340 5361 5326 5381 5488 5635 5488 5131 5067 5265 5099 5631 5533 5179 5409 5056 5289 5177 5333 5502 5348 5366 5543 5726 5690 4619 5761 5563 5120 5497 5649 5235 5113 5105 5897 5346 5402 5268 5846 5532 5368 5599 5266 5670 5379 5271 5509 5174 5273 4956 5323 5311 5519 5096 5490 5060 5134 5124 5276 5243 4838 5520 5060 5224 5335 5220 5446 5736 5543 4989 5579 5566 5440 5416 5384 4889 5441 5433 5592 5260 5268 5522 5647 5633 4883 5083 5068 5375 5492 4527 5327 5487 5942 5584 5534 5293 5325 5160 4865 5365 5710 5826 5268 5129 5323 5653 5763 5601 5421 5264 5811 4720 4864 5138 5429 5515 5075 5230 5202 5548 5085 5117 5200 5561 5633 5243 5697 5495 5590 5247 5316 5238 5314 5227 5484 5240 5255 5253 5427 5323 5882 5381 5242 5802 5718 5027 5602 5301 5484 5669 5177 5446 5175 5504 5683 5214 5490 5399 5608 5584 5290 5690 5315 5295 5466 5264 5518 5406 5380 5714 5890 5637 5090 5013 5331 5446 4922 5307 5380 5386 5208 5177 5507 5541 5651 5110 5487 5150 5994 4899 5904 5231 5327 5700 5557 5491 5196 4960 5103 5456 5744 5592 6283 5467 5525 4902 5038 5494 5012 5685 5840 5844 5213 5690 5263 5261 5294 5354 5454 
4932 4711 5220 4875 4951 5409 4809 4592 4899 4417 4845 4557 5355 5088 4778 4681 5026 5102 4521 4878 5302 4758 4601 4688 4912 4901 4505 4536 4541 4784 4892 4978 5360 4500 4853 4625 5066 4522 5063 4698 5340 4905 4924 5008 4715 4630 4666 4895 5100 5055 4998 5059 4974 4820 4676 4747 4899 5145 5077 4923 5019 5291 4368 5288 5016 4646 4735 5316 4727 4842 4499 5134 4785 4994 4978 5138 5240 4669 4721 4832 5183 4790 4959 5013 4953 4920 4767 4467 5167 4929 4760 4846 4617 4673 4768 5194 5002 4586 4813 4803 4835 5126 4741 4745 4939 5076 4903 5168 4974 4877 5006 4785 4926 4797 5175 5117 4645 4925 4788 5110 5103 4635 4720 4625 4786 5145 4529 5051 5143 5515 4968 5078 5067 5120 4877 4565 4617 5122 5304 4685 4612 5039 5185 5087 5147 4949 4829 5757 4644 4902 5056 5094 5174 5090 4649 4833 5055 4996 4710 4624 5151 5250 4645 5206 4960 5135 5058 5141 4649 4936 4724 5148 5053 4924 4828 4475 4915 5151 4987 4882 5264 5433 4794 5018 5208 4823 5190 4583 4752 4761 5179 5286 4885 4836 4698 5185 5425 4884 5048 4994 5050 4998 5114 4815 4899 4716 5056 5110 5324 4800 4260 5048 5335 4659 4889 4935 4853 4627 4865 4996 5111 4835 4895 4965 4392 5788 4809 5314 4800 4870 5242 4807 5232 4738 4721 4996 5008 4934 5471 5490 4871 5122 4476 4623 4806 4549 5082 4868 5197 4685 5066 4939 4705 4910 4953 4863 
5863 5373 5735 5378 5773 6134 5716 5542 5659 5022 5725 5235 5860 5749 5268 5503 5555 5889 5092 5366 5895 5670 5133 5452 5353 5490 5189 5257 5351 5102 5391 5825 5613 5253 5365 5463 5600 5591 5615 5495 5948 5763 5702 5743 5421 5424 5236 5800 5227 5811 5694 5647 5531 5580 5388 5213 5740 5303 5478 5811 5672 6070 4794 5813 5637 5390 5323 5733 5520 4985 4931 5802 5471 5520 5488 5658 5703 5249 5451 5642 5810 5351 5380 5717 5378 5490 5171 5464 5664 5335 5172 5496 5179 5416 5314 5644 5488 5196 5663 5202 5389 5479 5549 5340 5500 5494 5197 5705 5828 5382 5703 5305 5386 5266 5720 6058 5375 5388 5523 5901 5927 5280 5516 5335 5577 5939 5313 5483 5589 6236 5539 5543 5558 5523 5390 5328 5276 5573 5999 5081 5340 5653 5933 5805 5717 5335 5627 6122 4994 4994 5448 5460 5805 5594 5507 5416 5611 5615 5335 5500 5617 6002 5269 5833 5662 5964 5745 5621 5127 5350 4942 5644 5400 5518 5585 5535 5313 5828 5549 5678 5744 5864 5381 5747 5629 5440 5810 5211 5424 5290 5527 5774 5672 5522 5706 5840 6078 5542 5820 5486 5379 5524 5366 5399 5507 5667 5718 5768 5962 5576 5232 5380 5847 4907 5555 5365 5295 5239 5557 5553 5427 5544 5199 5587 5178 6179 5145 6155 5294 5650 5685 5515 5662 5305 5422 5298 5600 5583 5772 6249 5589 5681 5095 5248 5427 5029 5650 5579 5762 5653 5783 5443 5595 5336 5342 5751 
5534 4910 5743 5186 5241 5716 5335 5337 5617 4711 5397 5044 5984 5668 5257 5321 5305 5674 5066 5196 5810 5194 5062 5345 5055 5385 5204 5212 5068 5081 5347 5643 5638 4944 5420 5199 5277 5329 5606 5057 5711 5508 5645 5376 5377 5098 5095 5543 5299 5887 5596 5222 5236 5432 5107 5284 5462 5219 5170 5595 5639 5762 4838 5707 5876 5410 5354 5730 5208 5132 5124 5548 5243 5251 5186 5542 5546 4923 5139 5506 5711 5241 5476 5493 5116 5051 5023 5306 5205 5723 5390 5533 4999 5465 4935 5444 5537 4895 5459 5060 5448 5366 5053 5264 5856 5451 5484 5332 5394 5149 5664 5364 5105 5228 4974 5771 5405 5221 5172 5707 5630 5098 5374 5200 5131 5604 4906 5239 5540 6201 5628 5332 5264 5323 5067 4748 5082 5426 5509 5120 5154 5243 5686 5508 5614 5526 5427 5963 5001 5145 5341 5507 5638 5415 5111 5091 5481 5351 5106 5459 5468 5697 5208 5617 5461 5572 5666 5431 5330 5373 5128 5769 5548 5256 5292 5187 5260 5751 5524 5353 5784 5945 5483 5655 5498 5545 5624 5189 5465 5191 5395 5587 5421 5379 5378 5616 6043 5310 5528 5338 5347 5411 5536 5655 5265 5448 5554 5760 5562 5052 5238 5207 5485 5238 5044 5230 5202 5252 5424 5364 5168 5747 5069 5509 4878 5878 4795 5808 5217 5198 5741 5272 5400 5493 5153 5097 5312 5586 5566 6060 5302 5497 4894 5077 5353 5212 5511 5525 5773 5288 5662 5377 5446 5626 5186 5352 
5335 5199 5110 4868 5231 5557 5231 5339 5145 4607 5148 4812 5679 5468 5024 4780 5249 5460 4751 5185 5130 5050 4804 5139 4833 5200 5051 5101 4988 4758 5044 5484 5300 4942 5162 5147 5202 5053 5078 5108 5078 5151 5448 5092 5040 5038 5016 4976 5068 5488 5111 4967 5271 5043 5138 4943 5246 5000 5039 5338 5165 5399 4654 5401 5439 5167 5111 5445 5089 4844 4709 5579 5206 5461 5107 5482 5208 4997 5079 5121 5228 5252 5094 5188 5041 5344 4999 4968 5006 5355 4890 5032 4918 5125 4882 4867 5123 4713 5126 4981 5161 5023 5066 5184 5226 4946 4964 5172 5217 4874 4954 4950 5053 5046 4928 5432 4981 5003 5364 5285 5231 4857 5027 4840 5221 5203 4624 5031 5195 5846 5102 5409 5228 5018 4820 4642 4759 5287 5357 4876 4847 5384 5585 5483 5318 5069 5124 5601 4920 4867 4850 5253 5355 5048 4853 4984 5228 5081 4935 4955 5261 5254 4847 5378 5341 5429 5394 5315 4834 5229 4802 5193 4766 5073 4777 5258 4713 5683 5080 5344 5461 5601 4963 5254 5214 4909 5553 5099 5250 5181 5312 5634 5207 5042 5304 5401 5642 5137 5268 5098 4693 5353 4967 5138 5128 5304 5252 5543 5436 5199 4790 5115 5226 4624 4798 4693 4915 4878 5426 5021 5365 5212 4827 5289 4803 5695 4648 5373 4804 4957 5483 5082 5162 5037 4966 5255 5085 5285 5278 5863 5301 5204 4617 4908 5054 4862 5144 5181 5515 4863 5519 5043 5046 5206 4812 5216 
5520 5152 5733 5062 5193 5876 5239 5375 5301 4694 5351 4842 6006 5486 5110 5187 5541 5614 5010 5283 5575 5175 5089 5154 5318 5543 4980 5166 4748 5094 5407 5604 5475 5258 5440 4996 5138 5440 5246 5360 5391 5207 5709 5364 5155 5115 5109 5376 5375 5849 5627 5523 5304 5621 4987 5266 5532 5093 5331 5448 5438 5454 4764 5591 5213 4975 5253 5548 5357 4889 4981 5339 5330 5437 5049 5373 5632 5057 5423 5223 5485 5341 5372 5413 5335 5166 4886 5193 5118 5289 5351 5246 4867 5374 5026 5540 5325 5062 5368 4865 5386 5200 5373 5150 5320 5388 5207 5204 5509 5327 5263 5172 5249 5160 5369 5526 5112 5259 5110 5424 5574 5033 5246 5096 4930 5436 4716 5199 5629 6118 5572 5362 5076 5246 4871 5168 4657 5650 5657 5023 5059 5020 5578 5401 5472 5478 5285 5829 5153 4891 5219 5399 5591 5363 5191 4833 5376 5249 5329 5377 5466 5491 5055 5425 5606 5602 5769 5382 4961 5297 5048 5500 5180 5058 4802 5197 5014 5866 5267 5405 5517 5756 5178 5411 5541 5437 5506 5128 5353 5448 5117 5534 5283 5319 5356 5475 5772 5360 5460 5080 4911 5295 5246 5340 5302 5041 5498 5424 5636 5136 5278 5509 5548 4877 5026 5072 5271 5100 5305 5342 5088 5357 4956 5576 5112 5987 4793 5848 5121 4916 5595 5319 5526 5294 5107 5269 5342 5634 5661 5877 5196 5247 5010 5165 5343 4882 5213 5506 5596 5174 5557 5156 5291 5243 5092 5339 
5292 4586 5151 4877 5089 5421 5056 5159 5048 4427 4884 4772 5411 4983 4824 4790 5090 5105 4503 4906 5069 5039 4516 4943 4831 4884 4757 4716 4763 4703 4923 5104 5270 4858 4961 4781 4990 4949 4963 5039 5032 5111 4956 5192 5022 4994 4678 4871 5058 5392 4800 5103 4835 4980 4874 4903 5118 4915 4888 5090 5177 5210 4685 5398 5217 4964 5222 5075 4874 4399 4578 5392 5101 5078 4922 5182 4916 4653 5027 4798 5148 4855 5001 5110 4998 4926 4802 4784 4798 5043 4982 4948 4780 4847 4724 4992 5024 4625 4758 4791 4715 5032 4827 4893 5168 5150 4703 4998 5029 4890 5080 4738 4807 4872 4903 5018 4711 4876 4913 5122 5067 4786 5032 4632 4753 5025 4427 4989 5115 5708 4976 4972 4917 4814 4766 4529 4690 5212 5307 4741 4587 4860 5102 5068 5124 4867 5195 5397 4810 4474 4884 5120 5505 4948 4744 5009 5107 4828 4614 4722 5118 5233 4919 5152 5053 5201 5229 4907 4706 5016 4694 4946 4793 4944 4727 4690 4807 5488 5057 4829 5410 5317 4534 4946 5182 4764 4977 4621 5023 4852 5046 5122 5133 4918 4981 5069 5363 5147 5245 5041 5080 5113 4667 4950 5115 4801 4898 5242 5175 4853 4655 4831 5104 4841 4793 4746 4762 4649 5037 4890 5028 5209 4967 5170 4732 5415 4661 5199 4691 4907 5225 4922 4896 4967 4862 4684 4996 5138 4964 5592 4923 5006 4458 4476 5037 4765 5125 5081 5206 4849 5119 4764 4955 5015 4598 5083 
5070 4898 5269 4956 5008 5593 4891 5310 5077 4558 4972 4603 5472 5121 5027 4995 5314 5169 4481 5050 5556 5342 4903 4966 4871 5274 5174 4819 4477 4692 5056 5322 5128 4788 5155 4641 5256 5021 5295 4980 5250 5362 5104 5132 4960 4791 4764 5241 5172 5208 4995 5104 5061 5062 4870 4772 5207 4793 5120 5235 5142 5298 4562 5472 5034 4758 5346 5228 5006 4668 4640 5543 5053 5198 5118 5250 5325 4823 4987 5157 5126 4950 4871 5090 4857 5103 4658 4831 5213 4986 4950 4773 4700 5040 4837 4924 5259 4670 4964 4699 4656 4910 4932 4821 5211 5377 5002 5181 5365 4910 5225 4829 5058 4987 5192 5433 4732 5008 5138 5103 5195 4793 4587 4895 4539 5175 4487 4892 5301 5597 5397 4984 4985 4973 4885 4976 4737 5094 5486 5024 4758 4733 5307 5113 5148 5063 5100 5445 4881 4855 4888 5172 5135 5035 4758 4925 5267 4968 4844 5172 5044 5327 5062 5435 5266 5501 5198 5180 4455 5081 4819 5249 4768 5089 4838 4839 4729 5647 5231 5047 5162 5409 5213 5182 5140 5175 5233 4809 5104 5112 5154 5341 5116 5059 5202 5247 5534 5186 5318 4981 5001 5126 4997 4709 5016 5056 5214 5412 5318 4953 5173 5202 5407 4732 5024 5068 4840 4890 5159 4999 5136 5017 4855 5242 4848 5677 4394 5392 4679 5030 5202 4882 5340 5035 4839 5183 4915 5246 5364 5723 5023 5167 4488 4816 5007 4730 5024 5468 5197 5046 5345 4734 5050 4938 5237 5168 
5231 4955 5131 5022 5124 5356 5100 5268 5236 4822 5204 4833 5419 5522 5229 5045 5324 5306 4605 5128 5511 4934 4553 5087 5046 5159 4669 4700 4776 4964 5010 5072 5438 4885 5146 4832 4876 5263 5031 5037 5324 5234 5381 5063 5031 4684 4849 5324 5029 5733 5160 5063 4895 5038 5106 4720 5061 4738 4824 5375 5182 5407 4426 5338 5375 4992 5362 5411 4936 4838 4488 5186 5334 5059 5132 5446 5207 4953 4917 4968 5432 5071 5334 4964 5228 5108 4829 4915 4961 5317 5250 4964 4957 4934 4936 5055 5272 4602 4963 4867 5057 5038 4908 5068 5109 5260 4749 5223 5116 4947 5221 4753 5019 4996 4963 5347 4837 5077 5073 5198 5431 4758 4766 4885 5082 5311 4645 5120 5186 5897 5019 4926 5306 5067 5072 4635 4961 5343 5466 4865 4594 4829 5132 5253 5328 5183 4765 5672 4653 4592 4878 5414 5309 5211 4949 4999 5425 4850 4748 4977 5156 5379 5063 5477 5294 5251 5237 5078 4894 5215 5037 5164 4698 5051 4819 5082 4968 5538 5112 5061 5502 5314 5097 5285 5164 5095 5138 4736 5053 5258 5282 5446 5055 4941 5319 5086 5325 5102 5537 5049 4997 4962 5194 5252 4824 5113 5380 5452 5493 4910 4861 5039 5185 4863 4854 4804 5234 4879 5331 5137 5012 5307 5164 5454 4991 5649 4740 5775 4797 5006 5475 5081 5312 4989 4861 4983 5105 5223 5438 5985 5180 4902 4645 4722 5160 4945 5149 5203 5391 5043 5191 4754 5157 5451 4954 5129 
5519 4949 5336 5071 5093 5745 5272 5286 5567 4700 5093 4930 5621 5378 4982 5025 5492 5411 4722 5286 5529 5504 4958 5125 5083 5444 4962 5100 4911 4983 5181 5471 5275 4887 5352 5137 5337 5241 5183 5377 5506 5537 5632 5375 5114 4906 5022 5373 5161 5564 5142 5315 5328 5254 4842 5054 5542 5039 5069 5370 5193 5421 4626 5599 5175 4936 5127 5191 5035 4864 4881 5765 5275 5374 5135 5394 5666 4945 5184 5141 5534 5255 5296 5145 5274 5155 4753 5106 5048 5035 5138 5350 4635 5260 5041 5442 5515 4854 4965 4700 5201 5167 5346 5210 5274 5506 5099 5206 5372 5065 5106 5164 4943 5131 5408 5614 5083 4965 5278 5507 5332 4861 5120 5094 4969 5192 4848 5380 5432 5742 5227 5340 5315 5052 4939 5228 4859 5491 5220 4846 4871 4935 5435 5280 5256 5120 5161 5913 4931 4801 5074 5381 5501 5252 5070 4964 5441 4999 5076 5349 5331 5516 5037 5376 5357 5659 5675 5224 4930 5105 4976 5430 5043 5379 4794 5456 4926 5761 5449 5546 5404 5405 5031 5384 5432 5128 5488 5052 5035 5315 5271 5385 5278 5099 5454 5253 5489 5436 5510 5059 5271 5336 5175 5258 5074 5077 5219 5381 5285 5274 5011 5285 5540 4994 5124 5055 5259 5254 5556 5192 5387 5063 5379 5316 4994 5705 4778 5674 5258 5030 5504 5200 5020 5338 5116 5286 5227 5311 5360 5649 5255 5377 4931 5098 5405 4976 5211 5398 5523 5027 5500 5102 5292 5069 4892 5444 
5303 4467 5560 5095 5247 5643 5163 5210 5434 4707 5246 4799 5382 5728 5181 4935 5410 5563 4739 4988 5482 5246 5012 5355 4945 4958 5044 4924 4833 4815 4998 5399 5528 5310 5345 5078 5128 5082 5354 4966 5522 5436 5406 5123 5130 4795 4880 5094 5240 5374 5003 5115 5155 5433 5212 5122 5383 4919 5398 5185 5282 5478 4559 5688 5286 4987 4994 5420 4809 5049 4775 5457 5154 5034 4989 5537 5585 4830 5336 5267 5424 5100 5013 5015 5248 5024 4797 4721 5084 5029 5026 5243 5019 4987 4702 4965 4883 4668 5209 4930 5060 5196 5461 4811 5425 5476 5109 5255 5445 5094 4970 5014 5113 5114 5211 5369 5320 5029 5201 5605 5528 5043 4889 4647 5204 5437 4603 4932 5113 5820 5161 5097 5086 5341 4869 4890 4819 5131 5649 4983 4967 5145 5435 5318 5568 5009 5413 5836 4942 4879 5337 5335 5607 5164 5202 4959 5379 5219 5199 5023 5245 5259 4741 5304 5257 5622 5359 5346 4841 5064 4885 5137 4940 5278 4751 5436 5195 5723 5113 5111 5552 5737 5014 5291 5094 5011 5369 4788 5305 5220 5294 5463 5041 5293 5229 5525 5459 5235 5392 5139 5012 5463 5072 5152 5150 5142 5409 5635 5550 5026 5253 5007 5306 4697 5184 4794 5156 5387 5246 5322 5202 5458 5001 5273 5014 5767 4895 5521 5002 5411 5619 4973 5251 5168 4808 4719 5083 5520 5407 5886 4976 5285 4809 4976 5419 4989 5307 5484 5579 5112 5231 5218 5074 5159 5140 5456 
5643 4980 5600 5326 5667 5822 5310 5605 5312 5090 5491 4882 5685 5585 5289 5260 5683 5457 4895 5510 5695 5390 5014 5208 5198 5077 5256 5193 5212 4718 5439 5580 5519 5252 5418 4781 5198 5347 5370 5475 5546 5538 5512 5517 5246 5409 5089 5310 5236 5721 5215 5489 5089 5378 5101 5183 5494 5012 5342 5729 5450 5676 5107 5943 5526 5273 5389 5642 5453 4921 4979 5435 5332 5248 5375 5958 5673 5250 5224 5469 5495 5321 5235 5305 5334 5438 5033 5035 5458 5578 5203 5287 5068 5193 5113 5246 5457 4991 5382 4922 5225 5312 5382 5145 5430 5465 5045 5238 5337 5283 5603 5154 5323 5356 5289 5771 5285 5112 5280 5376 5601 5173 5300 5240 5116 5607 5004 5294 5543 6048 5355 5350 5176 5319 5274 5030 5108 5602 5468 4999 4843 5073 5563 5626 5772 5473 5537 5934 5095 4789 5138 5446 5721 5421 5428 5230 5432 5145 5213 5254 5505 5749 5086 5731 5454 5773 5464 5376 5170 5396 4979 5454 5295 5527 5469 5295 5396 5890 5370 5239 5805 5898 5142 5632 5399 5181 5494 5005 5188 5494 5563 5638 5564 5414 5173 5324 5853 5476 5653 5574 5396 5427 5112 5411 5227 5156 5555 5746 5521 5246 5002 5297 5636 5133 5158 5079 5160 5097 5337 5557 5342 5662 5091 5557 4994 5879 4962 5971 5229 5379 5647 5128 5587 5383 4991 5136 5338 5541 5426 6113 5244 5350 4923 5037 5435 5171 5420 5516 5730 5240 5258 5324 5473 5476 5172 5426 
5110 4387 5181 4714 5192 5171 4834 5033 4978 4514 4900 4590 5396 5317 4883 4795 5039 5274 4663 4854 5246 4807 4475 5122 4786 4748 4567 4993 4619 4671 4611 5157 5259 5009 5231 4519 4880 5201 5008 5025 5141 5051 5256 5077 4981 4751 4757 5154 4788 5296 4971 5061 4892 5113 4853 5007 5102 4803 4862 5187 5078 4990 4408 5331 4842 4644 4980 5256 5044 4423 4868 5142 4818 5106 4890 5122 5169 4509 4995 4963 5142 4917 5091 4871 4922 4851 4697 4846 5020 4825 4820 4921 4380 4817 4773 5102 5027 4773 4689 4745 4893 4865 5174 4719 4916 4943 4715 5045 4899 4751 5023 4507 4883 4815 5226 5310 4810 4869 5037 5143 5279 4858 4834 4703 4916 5279 4459 4843 4995 5628 5044 4857 5038 5064 4680 4907 4750 5043 5612 4473 4761 4591 5211 5267 5172 5014 4927 5245 4626 4616 4926 4687 5336 5030 4699 4599 5237 4714 4711 5020 5303 5284 4729 4952 5294 5111 5163 5061 4655 4712 4574 5024 4907 4876 4909 4886 4794 5360 4888 4880 5265 5276 5095 4891 5070 5215 5075 5001 5227 4940 4903 5295 4918 5144 4847 4859 5335 4707 5387 5113 4800 5034 4853 4893 4681 4844 4908 5032 5167 4944 4958 4878 5284 4524 5015 5042 4840 4827 4870 5011 4872 5058 4916 4957 4841 5574 4609 5690 4885 4917 5333 5049 5120 4784 4490 4668 4926 5019 5256 5351 5047 4998 4578 4734 5037 4702 4927 5221 5182 4904 5076 4810 5066 4726 4778 5218 
5540 5037 5155 5079 5189 5426 5298 5502 5304 4673 5399 4970 5727 5476 5232 4999 5416 5657 4908 5300 5517 5124 4758 5222 5137 5074 5220 5014 5030 4740 5326 5571 5416 4910 5246 5196 5226 5396 5256 5185 5413 5385 5767 5620 5150 4871 4758 5377 5156 5681 5174 5122 5281 5350 4978 4900 5374 4904 5241 5383 5257 5539 4755 5540 5495 5005 5181 5495 5266 4664 4807 5562 5336 5332 5280 5423 5450 5268 4885 5219 5668 5112 5155 5477 5017 5246 4760 5109 5123 5424 5203 5142 4849 5231 5010 5538 5608 4600 5215 5072 4989 5095 5032 5222 5403 5476 4884 5463 5360 5052 5510 5160 5093 5101 5207 5537 4866 5301 5158 5435 5558 5115 5210 5022 4970 5419 4576 4921 5494 5960 5567 5260 5332 5134 5137 5051 4989 5466 5596 4904 4909 5223 5241 5401 5531 5253 5422 5803 4729 4789 5147 5296 5534 5090 5192 4961 5302 4926 5400 5332 5555 5398 5115 5573 5270 5379 5500 5336 4955 5289 4654 5678 5152 5151 4894 5307 5035 5606 5289 5459 5346 5600 5056 5531 5578 5049 5460 4920 5226 5275 5164 5428 5426 5235 5088 5447 5691 5260 5448 5321 5076 5370 5109 5128 5092 5093 5346 5357 5672 5048 5221 5493 5554 5159 4979 5026 5123 5190 5356 5140 5198 5260 4845 5470 4917 5962 4683 5784 4948 4958 5330 5386 5332 5227 4848 4945 5515 5676 5409 5922 5099 5221 4712 5098 5273 4965 5242 5616 5518 5087 5537 5213 5438 5134 5172 5425 
5176 4596 5306 4947 5151 5305 4974 5373 5153 4289 4789 4831 5416 5117 4851 4732 5272 5097 4666 5187 5230 4841 4800 5124 4781 5069 4755 4733 4887 4671 4789 5313 5169 4744 5055 4718 4936 5282 4988 4868 5174 5219 5291 5339 4837 4747 4967 5121 4877 5405 4881 5420 4849 4890 5013 4824 5161 4637 5131 4854 5168 5346 4620 5136 5091 4991 4944 5070 5143 4788 4676 5567 5029 5187 4805 5094 5346 4836 5250 5159 5221 5073 5337 4957 5015 5003 4774 4821 5110 5243 4924 5240 4620 5075 4751 4821 5124 4669 5147 4788 5174 4989 4918 4886 5195 4894 4674 5278 5036 4913 5026 4614 4911 4953 5197 5294 5022 5001 5033 5323 5240 4937 4716 4605 4621 5399 4425 4973 5381 5743 5239 5004 5192 5000 4852 4797 4913 5293 5385 4791 4714 4711 5337 5494 5021 4881 4846 5430 4692 4592 5193 4936 5195 4986 4795 4666 5030 4871 5000 4955 5202 5464 4574 5136 5091 5557 5465 5052 4805 4857 4651 5399 4783 4820 4604 5094 4748 5307 4984 5061 5474 5608 4842 5413 4975 5123 5096 4836 4842 5173 5017 5199 5212 4977 5087 5314 5422 4965 5278 5152 4747 5143 4965 4980 5060 5023 5253 5083 5364 4947 4724 4786 5073 4658 4806 4976 5049 4941 5032 5426 5280 5321 5017 4971 4607 5826 4652 5228 4914 4946 5244 5021 5102 4959 4677 4666 5108 5215 5368 5734 5289 4895 4431 4854 4864 4628 5056 5207 5087 5056 5397 5063 4914 4824 4865 5158 
5429 5016 5766 5011 5339 5640 5181 5260 5428 4796 4886 5228 5691 5672 5012 4914 5563 5628 4988 5218 5522 5196 4875 5054 5209 5164 5212 5246 5051 5246 5100 5569 5523 5263 5388 5237 5198 5422 5330 5393 5549 5801 5764 5657 5134 5183 4740 5350 5321 5751 5410 5637 5233 5265 5331 5073 5538 5183 5508 5490 5431 5276 4736 5433 5439 5371 5146 5387 5205 4998 5034 5455 5460 5271 5174 5690 5444 4954 4836 4970 5725 5117 5111 5200 5454 5518 5058 5060 5152 5431 5185 5441 4995 5028 5248 5421 5334 4818 5330 5002 5078 5161 5384 5164 5310 5270 4857 5464 5584 4860 5486 5339 4921 5125 5204 5626 5109 5252 5360 5416 5664 5133 5310 5218 5088 5508 4663 5172 5198 6041 5445 5190 5168 5342 5173 5131 5199 5503 5566 5046 4941 5549 5428 5385 5537 5377 5569 5652 4936 4930 5392 5318 5710 5069 5283 4622 5657 4947 5142 5225 5577 5545 5109 5457 5333 5758 5640 5440 4624 5179 4855 5458 5209 5254 4881 5631 5154 5732 5154 5517 6033 5498 4904 5566 5437 5247 5540 5235 4905 5200 5198 5489 5537 5459 5382 5516 5850 5251 5435 5251 5218 5348 5158 5529 5320 5135 5487 5458 5597 5180 5059 5199 5553 4891 5172 5180 5511 5284 5369 5152 5079 5304 4810 5421 5126 5676 4817 5786 5219 5492 5399 5393 5293 5276 5167 4976 5343 5429 5590 5927 5180 5405 5048 4964 5278 4970 5488 5484 5498 5207 5449 5461 5474 5244 5144 5526 
5685 5303 5341 5183 5268 5695 5255 5513 5429 4690 5246 4865 5979 5638 4977 5051 5441 5517 5014 5215 5644 5195 5211 5286 4944 5261 5030 5108 5004 5198 5272 5202 5470 5242 5311 5126 5079 5329 5324 5113 5615 5516 5681 5361 5333 5107 4900 5296 5129 5832 5384 5482 5276 5271 5192 5159 5367 5072 5307 5332 5203 5795 4660 5421 5496 5261 5177 5313 5452 4936 4962 5456 5092 5121 5289 5657 5635 5354 5013 5457 5497 5531 5479 5284 5396 5008 4983 5259 5404 5411 5142 5196 4823 5234 4800 5209 5306 4807 5472 4936 5181 5205 5399 5315 5590 5285 4993 5477 5670 5221 5637 5264 5203 5175 5111 5752 5047 5312 5364 5379 5631 4812 5421 5056 5188 5479 4821 5153 5630 6156 5303 5257 5267 5316 4941 4918 5200 5314 5748 5002 5081 5256 5538 5607 5544 4945 5384 5919 5232 5208 5134 5389 5732 5222 5548 5321 5261 5078 5294 5382 5514 5762 5070 5674 5478 5621 5463 5419 5141 5232 5375 5501 5271 5002 4893 5248 5310 5746 5583 5371 5675 5780 4957 5519 5311 5362 5561 5333 5254 5446 5343 5678 5637 5298 5369 5243 5883 5183 5513 5465 5352 5480 5263 5151 5193 5458 5313 5759 5449 5110 5172 5234 5625 4901 5295 5295 5219 5424 5458 5485 5330 5470 4961 5614 5023 6035 4747 6006 5061 5119 5533 5487 5313 5073 5001 5437 5089 5532 5684 6141 5340 5145 4981 5068 5452 5078 5606 5528 5729 5295 5670 5283 5112 5416 5238 5331 
5459 4888 5601 5213 5018 5635 4902 5105 5469 4816 5080 4927 6051 5349 5078 5145 5325 5267 4818 5202 5622 5102 5090 5255 4958 5322 5016 4990 4793 5092 5041 5068 5410 4868 5347 5230 5050 5328 5529 4774 5829 5674 5545 5260 5293 5226 5010 5323 5487 5566 5285 5196 5316 5220 4860 5081 5377 5035 5217 5340 5194 5449 4428 5446 5374 5231 4989 5422 5055 4756 5206 5667 5095 5197 5166 5017 5478 5127 5082 5424 5271 5171 5176 5280 5310 5378 5023 4881 5188 5338 4934 5197 4968 5187 4897 5249 5321 4897 5250 4774 5375 5178 5196 4785 5529 5330 4842 5332 5384 5318 5482 4881 5245 5283 5330 5485 5048 5176 5157 5498 5718 5039 5065 4806 4874 5241 4658 5313 5552 5793 5381 5317 5011 4981 4814 5004 4695 5283 5753 5153 4942 5013 5636 5412 5362 5238 4980 5869 4997 4973 5309 5271 5286 5475 5202 5010 5288 5033 5065 5249 5160 5497 4861 5471 5624 6094 5533 5369 4835 5051 4949 5398 4918 5198 5143 5239 5292 5614 5383 5301 5489 5571 5114 5265 5402 5298 5353 4704 4993 5337 5187 5125 5254 5478 5135 5513 5745 5353 5629 5166 5319 5288 5260 5321 5096 5291 5503 5499 5546 5017 5079 5295 5539 4647 5235 5086 5224 5087 5317 5608 5127 5290 5085 5365 4980 5805 4828 5459 5062 5272 5628 5139 5185 5083 5181 5065 5222 5459 5424 5806 5403 5113 5061 5047 5072 4934 5350 5395 5267 5174 5509 5160 5342 5142 5132 5564 
5284 4784 5341 5030 5259 5385 4961 5459 5333 4527 5080 4849 5641 5562 5095 5055 5308 5447 4819 5268 5431 5122 4833 5056 4685 5159 4948 5002 4763 4957 5021 5320 5125 5073 5376 4999 5044 5126 5385 5042 5409 5391 5497 5124 5217 5129 4856 5156 4976 5561 5142 5134 5038 5212 4997 5302 5304 4676 5161 5038 5128 5344 4693 5370 5340 5264 4913 5352 5183 4540 4822 5508 5079 5379 4918 5300 5388 4883 4926 5308 5143 5179 5068 5277 5096 5101 4799 4969 5183 5117 5097 4946 4802 4988 4843 4920 5224 4648 5009 4805 5206 5121 5258 4688 5222 5157 4882 5119 5405 5214 5479 4903 4977 4896 5079 5470 5159 4994 5150 5165 5286 4787 5085 4864 5055 5195 4770 5086 5169 5781 5322 5152 4973 5167 4880 4858 5242 5150 5549 4848 4738 4878 5364 5372 5183 4903 5256 5608 4859 4889 4820 5092 5374 5067 4973 5017 5152 5011 4974 5189 5193 5405 4825 5455 5494 5669 5261 5267 4779 5185 4956 5527 4718 5014 4750 5285 4902 5591 4969 5085 5445 5471 4829 5485 5288 4821 4999 4787 5193 4998 5002 5480 5168 5362 5279 5406 5519 5440 5347 5004 4925 5321 5113 5036 5273 5227 5379 5407 5470 4774 4868 5242 5357 4900 4875 5024 5144 5183 5191 5133 4946 5335 4805 5265 4863 5627 4951 5530 4968 5102 5678 5012 5275 5142 5095 4962 5249 5228 5376 5801 5103 5254 4934 4827 5023 4980 5149 5555 5664 5113 5357 5298 5189 5179 4934 5188 
5167 4799 5028 4925 4884 5464 5052 5128 5057 4548 4616 4587 5446 5117 4757 4883 5064 5029 4439 4908 5311 4976 4734 5011 4567 5045 4647 4649 4571 4578 5056 5102 5160 4672 4924 4653 4849 5139 4911 4997 5173 5238 5127 5283 4853 4806 4543 5047 5064 5561 4942 5108 5033 5016 4727 4646 5197 4849 4989 4832 5006 5243 4259 5325 4985 4935 4910 5102 5131 4532 4795 5365 4852 4886 4828 5129 5187 4813 4771 5026 5028 4766 4691 4874 5045 4784 4814 4811 4901 4883 4777 4944 4805 4952 4709 5005 5070 4676 4873 4650 4881 4866 4956 4686 5193 5121 4808 5110 4893 4946 5038 4724 4822 4972 4902 5332 4743 4711 4934 5091 5185 4524 5177 4898 4822 5321 4618 5098 5138 5498 5176 4890 4975 5020 4642 4679 4730 5240 5280 4651 4515 4701 5077 5109 5070 4813 4976 5373 4577 4639 4622 5110 5319 5181 4873 4960 5056 4937 4802 5056 5253 5237 4962 5312 5125 5319 5236 5101 4731 4804 4655 5140 4870 5059 5046 4957 4987 5385 4987 4960 5374 5309 4857 5082 5116 5002 5065 4603 4914 5076 5108 5317 5064 4798 4938 4813 5142 5071 5400 5063 4792 4703 4857 4720 4719 4826 4909 5288 5081 4767 4889 4800 5342 4717 4852 4603 5023 4905 5003 4918 4961 4934 4888 5035 4825 5427 4518 5205 4797 4855 5250 4906 4957 4954 4562 5016 5097 5095 5049 5466 5108 4827 4404 4790 4902 4799 4972 5010 5223 4914 5025 4661 5115 4703 4770 5126 
5281 4760 5570 5344 5408 5724 5066 5373 5099 4748 5080 4782 5530 5063 4930 5236 5184 5360 5019 5122 5411 5235 4759 5024 4847 4879 4859 5101 5067 5135 4969 5454 5265 4836 5330 4978 5130 5157 5054 5192 5442 5364 5502 5486 5227 4974 5030 5356 5084 5520 5323 5088 5053 5206 5177 4889 5248 4899 5285 5547 5318 5270 4663 5283 5269 5247 5552 5480 5166 4788 5022 5351 5171 5532 5108 5639 5554 4903 5185 5138 5468 5062 5269 5193 5050 5153 4930 4975 5255 5240 5069 5257 4967 4847 4944 5200 5349 4765 5323 4900 5121 5230 5244 5254 5448 5203 4963 5333 5314 5183 5381 4911 5138 4988 5145 5247 5070 5083 5395 5173 5141 4719 5160 4818 4845 5473 4506 5198 5325 5797 5249 5286 4957 5070 4763 4757 5001 5221 5566 4829 4803 5015 5464 5346 5067 4892 5341 5589 4760 4807 5206 5250 5319 5292 5033 5037 5053 5190 4731 5375 5157 5639 4909 5428 5343 5532 5346 5350 4944 5186 4902 5281 4771 5135 4966 5316 4767 5683 5242 5359 5752 5565 5123 5183 5160 4752 5197 5171 5126 5262 5202 5624 5204 5378 5423 5379 5548 5379 5428 5141 5010 5150 5033 5264 5071 5083 5396 5423 5450 5171 5017 5162 5466 4936 5226 4910 5192 5128 5247 5232 5226 5397 5201 5361 4850 5862 4755 5601 5227 5106 5506 5272 5331 5247 4969 5014 5130 5116 5456 5491 5306 5156 4730 5111 5344 4896 5179 5395 5541 5006 5221 5130 5338 5173 4705 5320 
5186 4980 5325 5304 5350 5347 5015 5475 5395 4693 5008 4688 5621 5411 5184 4941 5537 5381 4768 5346 5260 5111 4906 5091 4932 5034 4919 5203 4891 4955 4822 5486 5551 4974 5216 4651 5436 5229 5309 5115 5362 5261 5368 5137 5160 5109 5007 4988 5336 5359 5240 5083 5155 5218 4815 5212 5318 5121 5230 5241 5222 5287 4745 5554 5591 4975 5198 5515 5154 4872 4776 5782 5212 5250 5037 5623 5426 4817 5064 5092 5293 5181 5097 5272 5010 5157 4932 4992 5202 5304 5145 5003 4703 4839 4901 5202 5118 4952 5143 4961 5009 5051 5013 5065 5429 5360 4910 5279 5148 5037 5462 4960 5043 4976 5275 5446 5015 5177 5395 5352 5372 5025 5145 4854 5017 5297 4878 5062 5154 5827 5314 5543 5297 5096 4962 4808 5001 5424 5747 4824 4886 5203 5497 5161 5100 5115 5525 5725 5069 5127 5063 5431 5668 5184 4977 5058 5349 5139 4884 4733 5621 5308 5253 5224 5361 5563 5309 5417 4773 5037 4864 5152 5137 5099 4838 5085 5194 5513 5324 5273 5551 5454 4953 5447 5306 5080 5329 5167 5411 4989 5231 5531 5098 5066 5320 5381 5784 5271 5347 5046 5274 5271 5168 5050 5291 5162 5372 5559 5341 5108 4962 5121 5326 5009 4908 5164 5150 4895 5502 5144 5230 5332 4995 5568 4881 5758 4901 5695 4830 4872 5622 5087 5295 5059 4914 5327 5242 5200 5623 5862 5556 5216 4869 4520 5331 4781 5329 5287 5469 5201 5612 5042 5268 5108 5042 5258 
5531 5053 5785 4973 5491 5792 5456 5523 5122 4851 5386 4960 5671 5444 4998 5373 5375 5422 4926 5280 5618 5217 4992 5079 5088 5203 5105 4862 4913 5143 5500 5431 5772 5198 5427 5212 5282 5364 5306 5509 5563 5498 5487 5541 5124 5184 4926 5294 5145 5617 5578 5262 5273 5434 5206 5223 5568 5337 5358 5337 5355 5731 4738 5566 5274 5208 5299 5646 5321 4747 4794 5436 5393 5364 5289 5598 5595 5094 5214 5482 5677 5300 5036 5598 5321 4977 5093 5102 5233 5535 5433 5029 4971 5289 5086 5316 5379 4701 5309 4905 5243 5332 5435 5024 5455 5208 5361 5447 5463 5369 5828 4898 5141 5126 5411 5556 5213 5113 5388 5414 5528 4673 5038 5035 5089 5488 5026 5144 5422 5851 5283 5319 5181 5406 5211 4824 5150 5478 5645 5091 4941 5409 5431 5556 5589 5465 5447 5743 4946 5020 5079 5334 5531 5238 5090 4949 5676 5027 5200 5248 5408 5447 5259 5569 5507 5679 5904 5533 4850 5256 5032 5614 5241 5241 5246 5352 5262 6010 5264 5418 5701 5590 5397 5405 5562 5176 5504 5249 5154 5294 5263 5697 5385 5439 5439 5507 5742 5413 5584 5281 5113 5228 5258 5180 5187 5295 5397 5564 5795 4958 5219 5266 5451 4940 5084 5205 5472 5313 5281 5372 5256 5363 5028 5328 4890 5709 4798 5715 4974 5198 5695 5214 5603 5373 5305 5458 5292 5190 5577 6057 5345 5402 5038 4985 5201 4894 5327 5546 5697 5194 5465 5252 5261 5218 5125 5613 
5250 5004 5298 4997 5052 5545 5036 5225 5030 4613 5091 4724 5645 5306 5003 4895 5321 5395 4698 4944 5452 5215 4795 4831 4776 5393 4919 4920 4864 5095 5010 5354 5153 4749 5215 4883 4767 5170 5300 5215 5202 5126 5365 5227 4927 4906 5038 5088 5454 5347 5038 5029 5036 5045 5019 5005 5252 5188 4928 5374 5223 5513 4709 5436 4998 5062 4960 5303 5162 4473 4796 5403 4895 5250 5119 5302 5377 5153 5112 5110 5302 5129 5021 4893 5128 5070 4764 4902 5073 5049 4960 5077 4882 4982 4705 5157 5188 4656 5305 4841 4880 5199 4984 4848 5189 5406 4924 5167 5464 5232 5169 5000 4670 5122 5201 5373 4932 4939 5160 5448 5364 4888 5035 4922 4853 5411 4598 4960 5318 5761 5432 5244 5093 5146 4889 5097 4948 5278 5455 5149 4698 4995 5300 5299 5329 5251 5029 5762 4904 4608 4911 5305 5376 5010 4982 5179 5351 5057 5024 5038 5301 5316 4990 5223 5119 5644 5061 5200 4815 5166 4942 5191 5019 5128 5041 5098 5215 5482 5401 5317 5376 5599 4928 5257 5273 5070 5622 4782 4956 5215 5289 5441 5239 5216 5191 5485 5503 5154 5497 4983 5035 5240 4979 5011 5087 5230 5323 5438 5349 4819 4944 5117 5507 4627 4854 4951 5173 4939 5221 5139 5033 5194 5068 5508 4921 5634 4443 5830 5019 5082 5370 5221 5201 5267 5027 5165 4988 5296 5393 5753 4966 5036 4797 5119 5110 4812 5233 5434 5338 4985 5499 5021 5212 5105 5109 5208 
5316 4754 5229 5011 5146 5367 4991 5200 5176 4455 5014 4755 5634 5330 4972 4935 5205 5413 4603 5026 5414 5177 4838 5085 4955 4997 4785 4943 4883 4789 4795 5196 5171 4902 5236 4880 4907 5176 5201 4817 5305 5155 5334 5147 5049 4822 4682 5176 4983 5253 5245 4945 5078 4987 4739 4761 5010 4832 5068 5223 5293 5196 4587 5355 5365 4966 5121 5055 5008 4760 4881 5429 5036 5064 4886 5243 5341 4628 5011 5044 5200 5073 5152 5094 5042 4806 4826 4874 4764 5470 4976 4678 4717 5021 4938 5088 5134 4613 5064 4891 4984 4846 4933 4777 5153 5314 4658 5145 5010 4809 5030 4989 4892 5029 4966 5274 4898 4856 5297 5322 5179 4819 4668 4869 4954 5266 4553 4891 5183 5448 5237 5156 4825 4939 4915 4623 4805 5296 5443 4811 4610 4851 5100 5204 5072 4874 5134 5593 4819 4553 5073 5262 5541 5091 5333 4767 5172 5119 4857 4991 5331 5433 4702 5195 5208 5473 5260 5263 4832 5040 4830 5208 4926 4928 4619 5231 5052 5638 5019 5356 5320 5574 4875 5227 5142 4935 5281 4800 5183 5170 4803 5428 5092 5083 5184 5328 5362 5150 5025 4793 5139 4920 4953 5401 5030 5004 5096 5285 5140 4995 4778 4943 5568 4860 4904 5037 5155 4920 5082 4986 4942 5098 5011 5423 4770 5791 4731 5371 4964 4977 5238 5022 5259 4904 4787 4947 4925 5098 5083 5775 5337 5102 4568 4784 5041 4826 5021 5160 5431 4986 5187 4822 5054 5077 4976 5069 
5513 4912 5681 4966 5460 5327 5073 5309 5248 4707 5361 4820 5629 5518 5042 5038 5811 5588 4861 5371 5489 5372 5001 5186 4985 5382 4968 4972 4980 4859 5158 5636 5654 4957 5504 4817 5237 5603 5094 5265 5555 5484 5539 5503 5183 5022 4978 5254 5387 5587 5520 5551 5254 5475 5023 4861 5497 5152 5520 5301 5567 5566 4667 5660 5397 5103 5421 5469 5567 4932 5239 5601 5361 5302 5299 5649 5700 4824 5106 5205 5506 5288 5377 5295 5261 5307 4986 5095 5355 5451 5224 5377 5023 5263 4951 5389 5416 4780 5214 5305 5368 4833 5229 5309 5447 5388 5133 5361 5463 5370 5547 5103 4944 4976 5408 5562 5379 5320 5436 5498 5627 4956 5292 5308 5185 5370 4984 5048 5533 6104 5427 5401 5144 5264 5325 4944 4833 5535 5627 5104 4898 5045 5571 5514 5421 5259 5285 5746 5024 4764 5098 5275 5558 5062 4960 4959 5377 4988 5338 5362 5501 5594 5178 5383 5468 5601 5721 5281 4982 5109 5166 5473 5156 5029 4970 5431 5141 5938 5099 5492 5574 5722 5125 5627 5606 5399 5563 5198 5346 5397 5265 5544 5528 5288 5411 5665 5927 5172 5541 5304 5109 5407 5405 5148 5313 5341 5351 5784 5709 5205 5094 5293 5560 4788 5024 5420 5292 5449 5271 5131 5461 5323 5023 5310 4927 5894 4934 5665 5210 5133 5743 5322 5678 5569 5191 5082 5328 5467 5707 5943 5318 5274 4973 4896 5321 4926 5463 5407 5524 5164 5612 5225 5290 5310 5105 5423 
5485 4949 5437 4974 5168 5296 5263 5607 5205 4532 5133 4828 5582 5252 4870 4867 5302 5355 4774 5057 5527 5230 4668 5325 4802 5074 5121 4970 4656 5003 5279 5617 5267 5105 5188 4926 5368 5112 5142 5299 5344 5468 5465 5235 5199 4924 5022 5343 5169 5390 5208 5288 5270 5088 5002 4980 5296 4833 5204 5400 5416 5434 4503 5474 5170 4889 5175 5550 5059 5017 4860 5683 5090 5293 5084 5572 5349 5129 5171 5164 5273 5076 5353 5218 5223 5162 4842 5090 5082 5119 5280 5232 4760 4958 4821 5075 5131 4610 5129 5031 5214 5364 5059 5067 5423 5234 5046 5395 5014 5149 5284 5054 4944 5116 5161 5334 4873 5369 5506 5398 5482 4893 4996 4902 5123 5374 4693 5339 5427 5776 5366 5006 5064 5178 4866 5011 4922 5430 5551 4766 4898 5110 5248 5546 5348 5098 5154 5678 4892 4784 5091 5274 5412 5141 5143 4977 5405 5102 5132 5360 5177 5237 4928 5421 5281 5280 5344 5286 4805 4986 4856 4961 5006 5096 4926 5073 5203 5705 5269 5203 5367 5787 5173 5172 5472 5110 5414 4836 5076 5263 5098 5635 5385 5391 5267 5229 5821 5047 5535 5002 5017 5178 5038 5228 5204 5177 5328 5402 5567 5245 4874 5218 5426 5034 5052 4837 5015 5040 5301 5263 5234 5731 4980 5390 4751 5772 4703 5516 5053 5268 5579 5172 5144 5090 4927 4777 5116 5394 5298 5755 5337 5205 4827 4873 5386 4749 5267 5520 5532 5088 5223 4942 5128 5024 5025 5299 
5524 4758 5030 4770 5358 5535 5104 5273 4927 4518 4943 4710 5506 5207 4907 4751 5309 5279 4727 4935 5061 4876 4749 5027 4673 5046 4590 5028 4788 4729 4900 5003 5294 4776 5012 4961 4996 5098 5005 5057 5115 5261 5215 5070 4711 4857 4555 5169 5065 5502 4972 4845 4935 4984 4818 4735 5202 4946 5105 4979 5346 5237 4521 5275 4882 4795 4834 4905 5087 4374 4757 5261 4617 5035 4986 5107 5465 4584 4695 4954 5507 4920 4921 4718 4931 4733 4876 4996 5030 5190 4865 4716 4625 4816 4736 4957 5082 4719 4678 4769 4879 4886 5137 4884 4952 4966 4511 5283 5161 4973 5134 4728 4861 5079 5015 5178 4659 4981 5141 5213 5211 4596 4963 4816 4733 5135 4511 4773 5259 5551 4941 5052 5268 5105 4860 4805 4830 5200 5203 4722 4588 4988 5374 5118 5153 5059 4979 5369 4727 4637 4790 5088 5382 5171 4957 4858 5020 4796 4958 4890 5130 5201 4939 5352 5146 5235 5446 5057 4846 5055 4667 4898 4754 4973 4913 4990 5031 5567 4978 5100 5440 5435 4837 5296 5448 4976 5208 4927 4932 5251 4906 5050 5139 4951 4776 4935 5399 5094 5404 5037 5000 4951 5013 4896 4971 4723 5185 5290 5308 4732 4893 4853 5142 4872 4742 4873 4707 4839 4846 5059 4835 5004 5012 5249 4647 5634 4525 5465 4961 4989 5290 5141 5244 5137 4782 4906 4873 5142 5040 5688 5264 5049 4524 4885 5203 4624 4962 5067 5225 5134 4855 4650 4774 4967 4778 4945 
5295 5102 5617 4973 5139 5459 5228 5231 5409 4368 4869 4845 5688 5615 4992 5289 5491 5484 4819 5107 5592 5082 4703 5003 4989 5361 4976 4916 4716 4646 5053 5386 5354 5124 5550 4973 5060 5128 5313 5117 5313 5318 5468 5317 5213 4882 4783 5054 5120 5460 5100 5371 5278 5316 5030 5007 5236 4977 5073 5225 5470 5440 4493 5511 5565 5079 5106 5422 5193 4875 4567 5272 5114 5087 4786 5460 5287 4781 5081 5026 5472 5164 5202 5545 5019 5123 5049 4930 4850 5078 5066 5327 4618 4938 4860 5117 5022 4759 5044 5094 5157 5123 5415 4975 5258 5151 4787 5066 5393 4944 5248 4969 4843 5042 5151 5527 5071 5059 5009 5290 5445 4722 5029 4822 4899 5370 4745 5185 5250 5860 5053 5052 5245 5246 4943 4929 5105 5237 5510 5155 4785 4992 5324 5434 5292 5386 5138 5622 4854 4765 4874 4948 5446 5247 5174 4836 5294 5211 5015 5014 5343 5245 5057 5395 5220 5434 5281 5072 4699 5177 4877 5275 4970 5206 4808 5206 5109 5730 5160 5197 5573 5821 5214 5501 5284 5052 5407 5024 5125 4916 5232 5497 5247 5179 5364 5296 5807 5147 5273 5130 5027 5190 5167 5038 5185 5152 5401 5204 5420 5036 4895 5172 5154 4871 4708 4802 4949 5120 5214 5079 5458 5351 5363 5461 4899 5819 4332 5546 4906 5110 5252 5263 5214 5169 5057 4926 5133 5299 5478 5848 5188 5066 4861 5107 5109 4761 5126 5486 5565 5113 5554 4936 5177 5146 4975 5178 
5654 5007 5618 5159 5351 5511 5207 5277 5482 4851 5122 5066 5746 5374 5330 4987 5393 5455 4700 5453 5551 5308 5139 5160 5090 5408 5033 5053 4828 4952 5282 5356 5607 5162 5416 4986 5118 5266 5204 5395 5224 5292 5503 5359 5081 4917 4948 5388 5431 5438 5508 5255 5244 5720 4885 5361 5423 5206 5228 5272 5433 5510 4791 5428 5431 5211 5284 5566 5660 5074 5114 5482 5281 5343 5176 5613 5655 4713 5202 4958 5552 5249 5149 5328 5220 4899 4811 5177 4951 5091 4979 5119 4934 5344 4944 5150 5142 4631 5066 4782 5199 5289 5203 5070 5359 5574 5266 5273 5326 5170 5466 5336 4892 5136 5152 5482 5275 5320 5073 5314 5497 4986 5328 5052 4799 5491 4741 5177 5318 5826 5510 5341 4875 5308 4946 4972 4821 5566 5698 4784 4868 5074 5348 5517 5344 5448 5375 5870 5032 4647 5087 5424 5395 5094 5023 5172 5387 5273 5356 5365 5357 5444 5136 5270 5204 5685 5576 5441 4939 5171 5034 5672 5065 5391 5243 5380 5300 5860 5181 5165 5771 5786 5125 5477 5625 4983 5283 5155 5129 5462 5163 5514 5216 5316 5237 5585 5662 5409 5702 5302 5194 5381 5448 5263 5164 5086 5419 5718 5522 5419 4991 5399 5179 5010 5007 5059 5207 5069 5300 5262 5178 5178 5188 5296 4888 6024 4789 5609 5298 5424 5522 5173 5340 5302 5061 5021 5173 5349 5554 5809 5437 5271 4821 5056 5523 4942 5181 5307 5522 4980 5370 5337 5387 5600 5228 5555 
5435 4754 5148 4834 5132 5326 4935 5319 5060 4622 4975 4794 5499 5342 5042 5028 5285 5474 4619 4977 5262 4888 4475 4788 4832 4840 4866 4907 4561 4790 5299 5357 5311 4825 5093 5008 5126 5274 5044 5162 5065 5372 5254 5247 5014 4720 4786 5235 4984 5401 5106 5304 4945 4933 4656 4939 5223 4962 5000 5297 5218 5128 4407 5216 4976 4905 5326 5324 5002 4807 4792 5246 5082 5336 5138 5538 5528 4720 5014 4643 5324 4979 5080 5374 4964 4865 4698 4843 4922 5293 5097 4967 4542 4772 4951 5183 5126 4512 5038 4947 5043 4948 5167 4954 4832 5309 4875 5051 5175 4915 5158 4906 5271 5060 5190 5251 4844 5077 5028 5066 5057 4792 4772 4860 4965 5123 4331 5063 5391 5648 5354 4943 4862 5018 4946 4906 4811 5308 5294 4787 4725 4832 5520 5175 5053 5189 4925 5704 4732 4729 4948 5124 5038 4845 4891 4813 5277 4908 5035 5002 5142 4985 4788 5234 5326 5254 5207 5279 4854 5016 4821 5022 4878 4805 5016 5008 4782 5708 4928 4986 5207 5234 4783 5381 5023 5126 5380 4713 5080 5280 5111 5238 5102 5145 5025 5164 5364 4875 5187 5096 5116 4999 4917 5012 5072 4893 5500 5121 5425 5153 4949 4854 5298 4712 5090 5019 5071 4961 4831 4969 4955 5043 4652 5336 4745 5728 4740 5530 5113 4870 5290 5194 5401 4903 4719 4909 5032 5423 5237 5330 4989 5093 4682 4798 5147 4631 5156 4989 5338 4729 5154 4890 5067 4967 4796 5128 
5352 5139 5556 4973 5302 5280 5093 5117 5207 4680 5016 5033 5820 5294 4747 5062 5279 5283 4568 4927 5383 5218 4813 5151 4886 5196 4837 4946 4708 5030 5196 5273 5365 5097 5188 4871 5234 5082 5246 5093 5317 5428 5376 5391 5128 4722 4760 5419 5192 5507 5171 5454 5151 5338 4890 4932 5144 5087 5174 5290 5338 5313 4485 5539 5392 5074 5071 5222 5233 4763 4917 5482 5164 5079 5120 5509 5377 4626 4997 4882 5331 5281 5134 5297 5190 5155 4878 4956 4746 5075 4999 5164 4512 4930 4987 5246 5250 4649 4999 5021 5100 5230 5246 4921 5371 5279 5078 5071 5071 4971 5396 5120 4745 5150 5251 5333 5045 4930 5228 5199 5291 4975 4997 4869 5042 5231 4898 5075 5171 5561 5375 5286 5036 5224 4994 4746 4568 5481 5566 5067 4634 5130 5355 5281 5363 4999 5210 5574 4864 4749 5041 5289 5406 5202 4985 4856 5198 4996 4982 4858 5397 5321 4892 5147 5217 5623 5465 5211 4660 4914 4918 5156 4811 4886 4895 4966 5079 5568 5070 5183 5197 5458 4885 5433 5348 5276 5145 4989 5234 5164 5090 5422 5286 5380 5237 5421 5508 5129 5338 5230 5079 5031 5397 5076 4904 4962 5284 5635 5388 5020 4819 5020 5482 4968 4866 5070 5004 5192 5114 5184 5170 5367 5004 5309 4654 5822 4878 5438 5122 5113 5426 5098 5167 5054 4879 4971 5212 5299 5574 5593 5274 5278 4825 4967 5045 4653 5251 5217 5406 5100 5219 4935 5017 5215 4941 5369 
5432 5072 5399 5008 5211 5338 5104 5151 5276 4625 5012 4992 5566 5016 4966 5145 5368 5241 4690 5027 5412 4790 4930 5019 4789 5078 4986 4912 4885 4759 5107 5222 5285 5094 5214 4795 5176 5118 5210 5086 5272 5422 5533 5148 4995 4942 4876 5394 5090 5482 4914 5253 5016 5180 4959 4799 5010 4953 5175 5422 5312 5374 4377 5387 5260 4986 5225 5448 4828 4775 4770 5433 5089 5032 5163 5278 5308 4805 5130 5027 5195 5040 4957 5322 5040 5094 5004 5013 5236 5335 5085 5069 4595 4942 4966 5258 5056 4837 5231 4881 5107 5184 4994 5006 5253 5286 4666 5494 5210 5130 5582 4726 5116 5318 5238 5339 5012 5134 5282 5222 5611 4762 5047 4966 4827 5257 4896 5057 5100 5543 5323 5098 4977 5296 4821 4935 4920 5360 5570 4947 4782 5150 5302 5426 5328 5249 5234 5609 4597 4972 4901 5156 5253 5092 5113 4905 5210 5047 4877 5010 5356 5428 5039 5167 5378 5474 5230 5122 4635 5066 4746 5390 5185 5057 5065 5395 5321 5538 5094 4949 5099 5311 5133 5112 5171 4894 5379 4724 4912 5016 5070 5153 5117 5070 5274 5311 5678 5018 5361 5208 5111 4871 5026 5083 5245 4757 5211 5318 5402 4902 4920 5157 5248 5082 5026 4816 5136 4995 5187 5286 5126 5218 4876 5423 4747 5800 4414 5407 4863 5055 5515 5026 4955 5057 4886 4765 5351 5215 5363 5648 5166 5290 4596 4849 5195 4841 5196 5471 5407 5015 5173 4776 5072 4938 5048 5446 
5312 4980 5244 4940 5365 5425 4968 4977 4996 4662 4916 4726 5419 5238 4846 4743 5143 5180 4511 5076 5141 5037 4504 4929 4796 5172 4716 4954 4835 4649 5106 5437 5452 4806 5115 4899 5141 4909 5074 5141 5293 5338 5635 5228 5027 4678 4899 5081 4886 5235 5021 5212 5005 4929 4848 4704 5229 4816 5014 5143 5111 5258 4610 5614 5112 4933 5094 5074 5058 4699 4756 5467 5039 5153 4783 5320 5364 4954 5096 4958 5083 5085 4861 5072 5355 5293 4956 4655 5196 5242 5125 4957 4809 4967 4840 4985 5340 4769 4970 4974 5082 5014 4932 4968 5312 5200 4944 5102 5096 4867 5039 4732 4748 4973 4965 5429 4602 4761 4963 5103 5301 4908 5156 4935 4885 5193 4657 5268 5023 5522 5274 5131 5037 5184 4680 4797 4756 5092 5227 4657 4811 4997 4992 5259 5022 5172 5292 5826 4916 4484 4687 5234 5439 4963 5080 4886 5260 4984 4894 4954 5199 5132 5146 5435 5213 4997 5356 5174 4747 4829 4652 5054 4947 4899 4823 5071 4913 5314 4888 4942 5308 5365 4835 5191 5193 4964 5307 4919 4926 4837 5035 5482 5455 5128 5207 4710 5466 4872 5013 5057 4967 4887 4752 5394 4971 4744 5235 5509 5225 5028 4804 5025 5477 4769 4749 4925 5240 4711 5155 4868 4928 5113 4835 5040 4808 5578 4860 5539 5039 5098 5436 5074 5097 5080 4717 5033 5206 4980 5205 5625 5081 5134 4532 4922 5247 4671 4940 5101 5327 4944 5180 4756 5271 4929 4880 5184 
5439 4867 5705 4978 5305 5580 5121 5199 5413 4423 5158 4869 5828 5477 5122 4977 5349 5368 4573 4998 5485 5208 4843 5304 4908 5619 5060 5060 4681 5003 5226 5455 5318 4978 5287 4815 5057 5104 5513 4970 5474 5461 5543 5397 5002 4826 4987 5220 5270 5553 5107 5371 5214 5149 5074 4933 5340 5203 5376 5158 5316 5593 4548 5478 5198 5052 5082 5120 5019 4898 4831 5695 5261 5236 4761 5341 5494 4892 5211 5442 5273 5354 5293 5104 5210 5170 4836 5137 5129 5269 5037 5171 4841 5056 4812 5120 5269 5010 5316 4995 5197 5187 4894 5164 5385 5290 4932 5455 5580 4966 5184 4665 4812 5080 5204 5411 5072 4985 5310 5287 5280 4884 4974 4946 5089 5343 4705 5205 5302 5847 5327 5114 5336 5191 4977 5037 5118 5404 5559 4952 4987 4866 5242 5488 5487 5374 5147 5661 4800 4975 4939 5445 5417 5029 5027 5094 5470 5372 5004 4953 5202 5530 5161 5446 5358 5223 5413 5250 4685 5167 4715 5163 5004 5359 4996 5152 4974 5584 5277 5276 5396 5773 5192 5287 5359 5151 5373 4988 4959 5215 5326 5229 5214 5355 5401 5256 5535 5202 5181 5020 5065 5180 5181 5618 5239 5237 5533 5402 5388 5007 5130 5151 5542 5002 5265 5277 5278 5225 5421 5369 5452 5407 5235 5369 4971 5795 4919 5634 5123 5098 5575 5155 5118 4935 4869 4940 5304 5188 5133 6202 5180 5116 4913 4936 4963 5004 5358 5246 5689 5336 5283 4904 5085 5221 5120 5226 
5057 4754 5098 4783 4791 5400 4984 4802 4906 4694 4925 4709 5252 5101 4739 4652 5242 4979 4495 4789 4991 4874 4481 4951 4634 5154 4516 4692 4599 4609 4640 4878 5084 4739 4614 4861 5006 4721 4757 4756 5041 4972 5318 4794 4679 4754 4808 4688 4890 5115 5044 4977 4958 4925 4732 4831 4966 4897 4776 4904 5099 5048 4368 5068 4970 4652 4783 4800 4765 4495 4540 5168 4728 4950 4800 5180 5251 4645 4875 5038 5184 5097 5043 4738 4677 4752 4637 4723 5016 4960 4964 4637 4548 4814 4855 4814 5013 4547 4886 4439 4731 4964 4904 4698 4857 5058 4337 5012 5137 4877 4928 4705 4725 4684 4863 5023 4698 4901 4961 5007 4978 4450 4732 4521 4713 5034 4213 4817 5094 5482 4807 5087 4937 4844 4742 4411 4427 4905 5314 4587 4705 4821 5112 4988 4998 4793 4898 5495 4675 4665 4828 5215 5353 4812 4781 4816 5029 4640 4871 4569 5138 5112 4585 5042 5254 5167 5262 4911 4718 4926 4757 5047 4729 4985 4724 4740 4777 5377 4975 5086 5128 5152 4537 5088 5094 4672 5254 4731 4687 5030 5083 4830 5217 4745 5102 5000 5376 4907 4984 4962 4749 4784 4747 4966 5068 4828 5142 5130 5089 4550 4552 4745 5119 4738 4660 4641 5021 4848 4864 4872 4797 5071 4786 4987 4688 5436 4561 5109 4666 4689 5307 4908 5080 4753 4599 4836 4786 5043 5211 5493 5022 5074 4443 4483 4886 4489 5000 4888 5281 4876 4857 4876 4614 4911 4717 5233 
5279 4793 5144 4895 4883 5500 5047 4972 5216 4421 4737 4929 5705 5257 4802 4796 5150 5272 4542 5005 5374 5067 4508 4888 4889 5097 4764 4699 4979 4556 4812 5320 5196 4579 4898 4698 4981 4931 5095 5051 5105 5190 5367 5396 4720 4971 4627 5228 5114 5367 5003 5169 4961 4832 5136 4683 5381 4868 4810 5103 5243 5460 4312 5429 5254 4838 5050 5194 4967 4746 4849 5422 4948 5108 4886 5286 5392 4882 4953 5096 5231 5003 4793 4784 4933 4851 4703 4970 5048 5134 5058 5003 4523 4932 4852 5172 5076 4844 4826 4702 4937 5123 4707 4868 5088 5418 4597 5120 5147 5090 5091 4789 4804 4880 5102 5300 4941 5064 5027 5361 5290 4689 4894 4439 4839 5009 4697 5017 5048 5748 5047 5039 4929 4996 4827 4529 4803 5195 5352 4785 4848 4893 5225 5297 5316 5157 4943 5380 4630 4555 4708 4884 5328 5179 5175 4674 5104 4945 4566 5003 4962 5167 4782 5167 5116 5142 5426 5022 4860 4842 4699 5159 4932 5101 4771 5098 4916 5340 5060 4754 5225 5353 4731 5135 5088 4938 5193 4930 4874 4774 5116 5372 5190 5057 4885 4967 5422 4950 5251 4831 5028 5047 5026 5073 4795 4806 5314 5106 5168 4789 4688 5016 5074 4644 4960 4882 5099 4803 5054 5093 5143 5216 4802 4888 4797 5554 4581 5506 5072 4900 5084 5126 4941 4926 4853 4794 5263 5198 5145 5625 4896 4990 4505 4721 4914 4756 4879 4923 5353 5017 5208 4842 4856 4985 4974 4970 
6115 5342 5900 5649 5990 6005 5681 6001 5823 5045 5794 5414 6317 5945 5638 5425 6001 5930 5263 5798 5973 5684 5449 5871 5480 5742 5275 5384 5521 5258 5391 6064 5999 5677 5752 5301 5760 5714 5750 5723 5955 5996 5972 5944 5458 5627 5597 5778 5847 6096 5820 5797 5756 5865 5730 5468 6035 5375 5898 5741 6035 5955 4835 6139 5792 5386 5498 6285 5699 5229 5625 6001 5545 5780 5919 6229 6064 5388 5621 5757 5866 5728 5716 5698 5697 5646 5377 5517 5685 5795 5502 5746 5196 5653 5560 5488 5702 5627 5704 5486 5555 5711 5777 5572 5857 5716 5192 6227 5906 5536 6066 5590 5493 5451 5689 6209 5694 5775 5788 5779 6152 5214 5562 5381 5636 5770 5339 6008 5684 6467 5579 5887 5401 5763 5450 5742 5666 6053 6287 5274 5295 5671 5888 6009 5888 5716 5738 6155 5290 5532 5451 5676 5954 5809 5779 5350 5925 5522 5565 5614 5859 6201 5449 5803 5834 6108 5801 5819 5296 5694 5197 5966 5738 5602 5512 6083 5530 6176 5698 5848 6130 6082 5581 5999 5544 5622 5729 5611 5627 5608 5466 6168 5727 5753 5599 5986 6324 5852 5796 5691 5734 5860 5576 5900 5704 5771 5751 5650 6042 5490 5660 5703 5957 5333 5641 5387 6017 5960 5890 5576 5809 5708 5445 5722 5366 6262 5151 6233 5590 5836 6149 5706 5699 5550 5208 5458 5800 5852 5927 6382 5869 5693 5388 5272 5992 5364 6067 5895 6233 5676 5950 5619 5949 5793 5456 5948 
5282 5122 5638 5142 5176 5236 4995 5202 5323 4647 5020 4763 5911 5507 5124 5146 5514 5451 5082 5181 5509 5132 4834 5065 4927 5268 5332 4975 4718 4989 5110 5333 5204 4976 5114 4976 5365 5098 5374 5018 5405 5279 5435 5177 5008 4694 5009 5363 5052 5787 5179 5252 5119 5480 5178 5161 5070 5372 4990 5445 5305 5653 4473 5496 5405 4978 5051 5571 5081 4885 4758 5541 5349 5031 5180 5490 5392 4958 5227 5258 5564 5311 4919 5505 5069 5378 4879 5078 5125 5300 5081 5113 4904 5169 5122 5204 5230 5035 5148 4972 5269 5197 5107 4973 5198 5355 5030 5345 5462 5136 5363 5143 5045 4962 5253 5438 4979 4877 5297 5360 5405 4762 4940 4903 5081 5475 4746 5128 5144 5925 5274 5037 5160 5264 5012 4946 5153 5376 5604 5099 4869 5115 5533 5687 5348 5148 5270 5817 4844 4974 5071 5207 5469 5087 5021 4852 5648 5173 5050 5093 5409 5304 5117 5324 5418 5595 5345 5157 4618 4894 4827 5365 5077 5105 5169 5034 5018 5617 5051 5055 5438 5404 4971 5429 5486 5328 5178 4910 5171 4946 5198 5428 5253 5349 5323 5289 5865 5095 5517 5139 5074 5203 5036 5193 5168 5233 5491 5547 5350 4938 4969 5414 5546 5001 5026 5151 5214 5089 5426 5079 5276 5424 5110 5548 5044 5753 4551 5690 4939 5084 5509 5234 5393 5065 5029 5037 5270 5271 5593 6074 5210 5288 4668 4863 5214 4788 5258 5698 5535 5243 5583 5052 5222 5167 5191 5325 
5510 5088 5757 5038 5153 5676 5165 5096 5347 4783 5163 4995 5762 5466 5263 5258 5435 5559 4816 5293 5469 5295 4875 5224 4933 5242 5076 4886 5130 4867 5292 5461 5430 4820 5030 5045 5161 5273 5213 5196 5563 5640 5631 5103 5066 4952 4756 5245 5171 5769 5059 5146 5284 5420 5185 5252 5303 5059 5016 5223 5384 5279 4584 5735 5523 5129 5312 5421 5380 4968 4774 5193 5330 5341 5055 5558 5465 5198 4987 5076 5495 5259 5272 5175 5202 5048 5343 4997 5083 5236 5138 5320 4954 5147 4843 5052 5244 4738 5025 4954 5007 4826 5172 5029 5481 5452 5054 5367 5276 5179 5223 5398 5240 5069 5159 5348 5142 5167 5357 5385 5392 4861 5353 5160 5099 5479 4657 5094 5295 6011 5472 5184 5300 5181 4966 4947 5023 5358 5601 5105 4788 4963 5230 5173 5510 5543 5307 5925 4757 4821 4995 5415 5167 5186 4926 5034 5482 5233 5005 5143 5542 5331 4824 5697 5329 5657 5485 5416 4974 5215 5039 5565 4952 5181 5089 5111 5432 5699 5316 5279 5407 5605 5047 5372 5432 4919 5506 4976 5158 5162 5501 5497 5130 5218 5266 5452 5483 5225 5567 5445 5098 5409 5060 5303 5141 5190 5471 5734 5520 4970 5101 5117 5376 4873 5255 4952 5408 5254 5204 5436 5054 5232 5062 5356 4910 6069 4872 5650 5174 5481 5533 5131 5377 4968 4958 5286 5013 5284 5343 5868 5268 5497 4818 5017 5142 5023 5408 5356 5517 5008 5460 5382 5355 5432 5008 5330 
5242 4852 5219 4956 5147 5317 4848 5107 5153 4538 5157 4765 5520 5268 5021 4656 5358 5248 4620 5066 5238 4822 4640 5052 4734 5198 4933 4842 4827 4808 5044 5239 5157 4730 5122 5003 5016 5032 5049 4994 5028 5246 5443 5186 4910 4799 4839 5053 4990 5459 5303 5148 5199 5193 4957 5028 5014 5017 4959 5134 5091 5333 4450 5275 5205 4968 5104 5184 5219 4538 4715 5543 5150 5105 4968 5270 5324 4852 4986 5007 5151 4957 5167 5054 5156 5001 5086 4898 5103 4959 4996 5290 4612 4925 5019 5221 5049 4807 4873 4880 4915 5165 5064 5003 4919 5178 4808 5090 5277 5101 5222 4925 4739 4928 5084 5358 4794 4904 4980 4873 5437 4767 4996 4861 4888 5459 4688 5078 5271 5788 5065 5079 5013 5019 5005 4729 4497 5253 5435 4680 4566 4967 5442 5435 5174 5234 4939 5610 4741 4817 4745 5255 5322 5017 5035 4918 5250 4976 5060 4963 5224 5163 5259 5072 5324 5455 5510 5065 4608 5139 4708 5264 4858 5080 4652 5104 5226 5364 5017 4910 5415 5263 5046 5215 5342 5040 5232 4835 4992 5040 5037 5130 5254 5007 5202 5070 5254 5043 5426 5119 4768 5141 4990 4989 5225 5117 5224 5207 5266 4892 4714 5118 5281 5000 4675 4970 5061 4964 5165 4988 5040 5080 4734 5033 4778 5523 4780 5287 5236 4954 5356 4863 5151 5029 4680 4943 5216 5039 5289 5536 5204 5134 4543 4759 5218 4790 5115 5264 5328 5276 5364 4767 5062 4886 4910 5346 
5421 4583 5334 4743 4780 5307 4880 5089 5003 4419 4821 4664 5581 4972 4469 4680 5092 5015 4372 4727 5151 4967 4693 4772 4532 4596 4834 4762 4735 4782 4948 5169 5154 4828 4854 4629 4836 4884 4753 5049 4930 5058 5077 4883 4906 4774 4506 5142 4961 5494 4736 4849 4878 4854 4936 4772 5028 4736 4794 5162 4995 5185 4473 5336 5166 4906 4993 5133 4809 4713 4613 5187 4766 4771 4907 5052 5061 4566 5034 4805 5056 4665 4860 4884 5125 4824 4689 4813 4830 4835 4867 4994 4544 4878 4639 4959 4928 4290 4938 4746 4775 4755 4773 4778 4920 4995 4825 4923 4837 4937 5012 4670 4410 4746 5016 5142 4836 4697 4893 5188 5065 4497 4775 4631 4790 4981 4403 5011 5031 5580 4707 4726 4912 4786 4668 4637 4531 5156 5085 4631 4442 4814 5064 5004 5012 4474 4966 5314 4848 4384 4697 4961 5162 5043 4480 4684 5083 4839 4788 4938 4956 5095 4759 5117 4906 4951 5240 4815 4590 4969 4921 5065 4752 4999 4731 4880 4742 5337 5068 4935 5167 5092 4856 5018 5085 4816 5280 4700 4709 5098 5035 5058 5004 4827 4988 5015 5363 5129 5232 4907 4571 5107 5075 4725 4975 4986 4863 5104 4977 5207 4622 5047 4985 4755 4762 4587 4621 4604 5116 4710 4892 5010 4680 5030 4463 5418 4704 5163 4788 4763 5298 4758 4946 4751 4658 4785 4919 5166 5122 5484 4914 5004 4558 4654 4986 4762 4848 5121 5279 4729 5142 4896 4810 4718 4778 5014 
5355 4641 5111 4960 5186 5646 4969 5381 5109 4265 5091 4627 5427 5194 4814 5129 5104 5437 4541 4858 5316 4957 4663 5053 4808 4990 4809 4920 4682 4747 4730 5362 5165 4829 5119 5009 4860 5122 5269 4654 5201 5150 5362 5111 5185 4651 5045 5095 4847 5395 5000 4881 5129 5176 5059 4725 5020 4872 4888 4852 5229 5354 4667 5450 5270 5216 4855 5212 4873 4468 4910 5248 4879 5255 5063 5189 5301 4796 4968 5098 5016 4992 5065 5118 4884 4902 4777 4901 4941 5136 4910 5036 4577 5035 4941 4799 5197 4727 4577 4941 4998 4945 5041 4821 5101 4991 4625 5166 4893 4962 5118 4758 4924 5136 5277 5504 5028 4945 5179 5176 5183 4834 4776 4550 4943 5139 4877 4947 5258 5706 4844 5154 4908 4840 4648 4907 4582 5045 5356 4968 4878 4900 5417 5162 4985 4921 4865 5503 4636 4452 4773 5006 5336 5202 4976 5055 5135 4874 4795 4878 5140 5541 4761 5254 4995 5530 5135 5264 4695 5037 4521 5058 4800 4948 4812 4790 4839 5483 5029 4992 5400 5572 4832 5176 5066 4918 5159 4713 5177 5175 4918 5415 5189 5017 5087 5207 5379 5167 5332 4834 5020 4843 4898 4976 4915 5075 5100 5241 5225 5042 4998 5188 5388 4926 4927 4936 4701 5108 5189 4941 5055 5174 4874 5035 4604 5691 4641 5412 4838 5066 5342 5083 4972 4897 4952 5030 5273 4905 5235 5316 5129 4872 4767 4801 4964 4567 5318 5088 5228 4992 5299 4860 5124 5109 4790 5333 
5458 4924 5842 5388 5432 5931 5243 5523 5441 4953 5328 4855 5915 5948 5330 5331 5424 5853 4979 5268 5844 5436 5207 5268 5036 5396 5337 5122 5167 5027 5202 5659 5602 5281 5262 5058 5344 5315 5538 5462 5672 5592 5888 5457 5512 5185 5096 5256 5245 5822 5575 5502 5404 5317 5334 5215 5653 5328 5503 5601 5428 5630 4961 5785 5531 5318 5284 5590 5483 4853 5327 5480 5187 5477 5309 5702 5640 5246 5353 5587 5620 5132 5354 5441 5389 5406 4958 5244 5544 5389 5315 5386 5255 5164 5308 5378 5379 5044 5419 5139 5523 5258 5302 5450 5686 5397 5047 5293 5369 5374 5786 5258 5373 5541 5309 5647 5315 5187 5709 5657 5882 5353 5129 5108 5188 5748 4971 5387 5526 6176 5435 5416 5543 5410 5211 5100 5372 5523 5804 5244 5141 5478 5752 5644 5670 5497 5361 6097 5327 4983 5453 5569 5689 5536 5370 5240 5541 5321 5236 5399 5440 5707 5038 5604 5565 5867 5663 5696 5225 5466 5258 5641 5195 5249 5240 5414 5515 5740 5441 5610 5772 5995 5268 5539 5842 5409 5782 5275 5518 5416 5750 5934 5505 5498 5464 5678 5911 5581 5683 5364 5561 5530 5449 5534 5507 5336 5735 5568 5761 5176 5208 5358 5756 5368 5295 5334 5471 5283 5378 5413 5465 5565 5301 5554 5237 6031 4924 6139 5237 5293 5816 5297 5392 5247 5369 5161 5346 5731 5730 6045 5352 5371 5018 4933 5538 5211 5665 5401 5727 5359 5634 5324 5338 5361 5301 5745 
5255 4834 5352 4881 5207 5280 5026 5243 5068 4824 4957 4776 5519 5406 4801 4846 5235 5500 4720 4854 5175 4896 4782 5198 4814 5057 4670 5002 4956 4894 4699 5201 5501 4953 5274 4687 4920 4892 5113 5149 5310 5239 5343 5024 4937 4758 4737 4988 5114 5062 5056 5305 5237 5295 4995 4799 5264 5105 5143 4996 5216 5206 4635 5327 5129 4955 4974 5412 5237 4675 4641 5353 5153 5368 5014 5271 5554 4596 5220 4924 5361 5144 5042 5056 5016 4831 4672 4762 4994 5264 4942 5067 4835 5120 4729 5079 4871 4657 4881 4758 4984 5037 5138 5157 5023 5132 5036 5230 5319 4945 5068 4872 5133 4634 5143 5175 5038 4920 5099 5054 5148 4611 5115 5115 5110 5335 4648 4926 5242 5740 4968 5066 5102 5177 5046 4894 4893 5272 5540 4735 4530 5029 5405 5243 5174 5136 5122 5404 4637 4710 5020 5220 5453 5059 5034 4813 5268 4963 4982 5113 5392 5222 5063 5171 5056 5344 5422 5139 4713 4776 4930 5213 4698 5065 4953 5253 5073 5566 5072 5188 5435 5549 4992 5360 5185 4950 5220 5080 5002 5180 4956 5374 5163 5098 5231 5298 5766 5314 5314 5302 4933 5329 5353 4936 4981 5012 4962 5330 5285 4936 4732 5187 5151 4589 4987 4935 5249 4957 5086 4933 5101 5055 4955 5426 4902 5720 4697 5803 4930 4929 5481 5040 5341 5239 5065 4997 5045 5213 5228 5651 4797 5253 4683 4650 5245 4787 5212 5277 5221 5200 5496 5074 4966 4777 4875 5356 
5645 5218 5660 5437 5813 5984 5609 5760 5745 4884 5583 5248 6124 5847 5380 5246 5818 5884 5090 5509 5999 5503 5188 5573 5498 5688 5057 5432 5365 5207 5248 5813 5787 5361 5568 5334 5477 5402 5694 5429 5755 6079 5898 5511 5546 5747 5164 5599 5700 5728 5759 5862 5499 5736 5231 5221 5668 5426 5245 5380 5778 5684 4895 5862 5552 5474 5615 5850 5324 5060 5421 5744 5483 5787 5213 5824 5742 5275 5374 5307 5720 5403 5453 5629 5532 5543 5416 5375 5453 5406 5559 5545 5135 5240 5110 5646 5704 4998 5457 5375 5504 5438 5516 5250 5630 5682 5139 5761 5578 5382 5580 5594 5298 5384 5538 5724 5584 5521 5466 5832 5917 5218 5769 5007 5499 5609 4945 5524 5433 6310 5723 5704 5401 5712 5244 5547 5500 5695 6064 5419 5215 5326 5774 5809 5606 5946 5351 6172 5214 5196 5213 5661 5764 5514 5616 5205 5621 5527 5552 5547 5708 5680 5218 5611 5759 5898 5881 5688 5207 5651 5415 5510 5388 5594 5302 5536 5290 6069 5592 5354 5827 5869 5372 5846 5438 5488 5808 5159 5536 5344 5494 5818 5557 5688 5497 5545 5942 5842 5620 5401 5503 5687 5575 5770 5631 5394 5743 5557 6058 5368 5273 5647 5878 5021 5377 5370 5565 5395 5374 5666 5587 5679 5277 5539 5168 6074 5170 6258 5425 5516 5643 5533 5697 5507 5062 5361 5618 5840 5712 6131 5567 5605 5338 5072 5561 5101 5872 5801 5751 5497 5897 5578 5617 5500 5191 5741 
5721 5183 5494 5367 5275 5656 5454 5450 5576 4779 5451 5237 5846 5413 5354 5153 5520 5783 4837 5444 5654 5328 4937 5423 5211 5409 4814 5151 5082 5105 5273 5291 5771 4981 5418 5360 5241 5406 5451 5080 5599 5610 5578 5657 5397 5311 5136 5573 5454 5649 5304 5253 5353 5436 5179 5350 5518 4938 5183 5606 5112 5621 4652 5818 5576 5162 5293 5404 5353 5026 4784 5675 5189 5390 5321 5537 5452 5208 5207 5310 5591 4901 5434 5483 5395 5160 5239 5113 5370 5249 5311 5095 4775 5257 4996 5346 5453 4914 5268 5095 5358 5290 5450 5177 5460 5560 5025 5458 5404 5263 5310 5254 5090 5392 5284 5760 5333 5274 5136 5433 5829 5044 5297 5047 5207 5471 4872 5380 5376 5829 5359 5566 5227 5210 4997 5153 5130 5532 5819 5222 5010 5061 5564 5667 5358 5405 5535 5900 5098 4813 5276 5519 5569 5485 5235 5532 5549 5229 5198 5323 5657 5622 5224 5650 5302 5678 5676 5341 5022 5351 5140 5624 5163 5537 5277 5333 5149 5672 5567 5175 5689 5680 5307 5478 5751 5388 5672 5139 5493 5392 5295 5518 5340 5072 5431 5547 5863 5641 5809 5413 5269 5411 5343 5472 5173 5154 5575 5737 5796 5399 5031 5424 5643 4898 5001 5354 5341 5064 5379 5583 5317 5230 5226 5684 5297 6092 4957 5817 5081 5337 5343 5297 5615 5082 4906 5212 5335 5452 5607 6076 5530 5292 5069 5221 5476 5191 5334 5670 5539 5228 5685 5177 5605 5159 5379 5321 
5351 5353 5467 5103 5333 5757 5032 5337 5464 4783 5125 4855 5898 5684 5160 5146 5376 5616 4873 5564 5384 5342 5021 5285 4991 5211 5209 5117 4823 4991 5294 5613 5594 5049 5436 4990 5252 5319 5312 5189 5452 5424 5850 5572 5240 5010 4870 5410 5349 5644 5355 5487 5123 5229 5371 5162 5275 5334 5082 5321 5248 5589 4750 5487 5305 5415 5410 5567 5223 4880 4932 5523 5189 5425 5202 5864 5553 5003 5153 5139 5384 5255 5137 5399 5234 5365 4839 5040 5295 5300 4927 5125 5068 5164 5077 5468 5472 4880 5321 4893 5390 4993 5100 5091 5276 5426 5215 5415 5560 5120 5211 5044 5043 5177 5439 5532 5096 5277 5357 5633 5411 4965 5362 5191 4890 5443 4817 5073 5377 5719 5418 5171 5445 5310 5126 4940 4951 5411 5498 4857 5120 5266 5526 5454 5085 5389 5439 5838 4950 4824 5152 5194 5351 5206 5224 5168 5331 5298 5260 4950 5396 5520 5056 5428 5544 5723 5423 5603 4953 5261 4940 5402 5098 5405 5092 5441 5089 5690 5150 5407 5583 5578 5280 5404 5257 5044 5635 5210 5101 5036 5257 5481 5519 5490 5477 5499 5711 5383 5446 5345 5311 5130 5207 5254 5269 5245 5604 5391 5344 5282 5047 5341 5335 4858 5222 5055 5210 5244 5416 5216 5395 5212 5021 5628 5100 5891 4807 5763 5151 5102 5554 5196 5242 5283 5245 5135 5175 5347 5532 5906 5455 5354 4866 5065 5311 4992 5268 5477 5800 5219 5543 5356 5027 5336 5101 5407 
5686 5099 5300 5293 5407 5750 5206 5528 5424 4812 5359 5091 5847 5657 4868 5100 5481 5654 5070 5406 5506 5083 4851 5108 5086 5400 5079 5011 4860 4905 5210 5468 5526 5152 5390 5084 5356 5345 5596 5271 5359 5301 5587 5371 5310 4851 4935 5305 5257 5597 5398 5208 5655 5116 5023 5049 5363 5222 5189 5404 5618 5845 4711 5739 5338 5001 5494 5522 5398 4828 4811 5684 5160 5348 5128 5670 5528 5399 4950 5418 5540 5338 5303 5121 5331 5224 4842 5143 5342 5043 5374 5191 4901 5242 5072 5436 5226 4921 5210 5035 5187 5176 5124 5034 5312 5449 5082 5322 5295 5160 5571 4989 4939 5394 5495 5600 5018 5355 5367 5301 5489 4944 4969 4880 5178 5409 4906 5485 5395 6106 5715 5315 5321 5157 5061 4828 5105 5518 5865 5128 4902 5177 5511 5482 5608 5333 5097 5828 4809 5133 5183 5544 5488 5418 5220 5177 5790 5051 4970 5337 5489 5463 5053 5542 5457 5530 5479 5361 5040 5293 5060 5403 5284 5253 5040 5237 5212 5641 5488 5064 5564 5661 5391 5585 5352 5201 5737 5005 5396 5179 5377 5677 5476 5383 5370 5303 5769 5567 5442 5441 5026 5164 5320 5230 5296 5469 5619 5496 5818 5207 5064 5433 5590 5130 5060 5153 5419 5299 5403 5496 5113 5477 4969 5280 5057 5975 5129 5882 5386 5454 5592 5009 5201 5334 4907 5166 5332 5453 5620 5921 5359 5338 4878 4995 5403 4953 5406 5676 5576 5124 5610 5277 5259 5262 5101 5445 
5576 4869 5271 4938 5178 5468 5048 5418 5169 4720 5016 4829 5452 5131 4990 4722 5207 5249 4726 5076 5245 5033 4773 5152 5006 5026 4875 4940 4876 4859 5030 5473 5288 5019 5287 5087 5047 5124 5204 5047 5286 5449 5569 5050 5229 4914 5029 5102 5007 5543 5306 5010 5146 5096 4929 4790 5360 4921 5268 5524 5232 4916 4784 5566 5419 5232 5164 5125 5114 5022 4818 5438 5222 5239 4872 5620 5711 4905 4897 4856 5567 4954 5264 5229 5364 5062 5126 4973 5133 5199 5250 5138 4858 5210 4877 5291 5240 4649 5133 4968 5139 5043 5102 5321 5443 5234 4909 5210 5212 5192 5196 5019 4921 5151 5198 5362 4975 5009 5192 5086 5384 4772 4843 5060 4862 5346 4689 5018 5419 5659 5256 5284 4961 5223 5184 4607 4709 5372 5266 5031 4779 5186 5358 5208 5530 5000 5387 5764 4891 4580 5094 5565 5228 5162 5112 5061 5319 4950 5065 5036 5535 5510 5084 5416 5279 5392 5549 5065 4589 5120 4981 5270 4956 5057 4552 5285 5140 5633 5446 5235 5472 5284 4836 5391 5555 4867 5348 4945 5037 4875 5405 5818 5436 5184 5313 5439 5755 5241 5265 5120 5026 5296 5055 5142 5176 4960 5347 5476 5171 5278 4856 5038 5423 4999 5074 5025 5217 4927 5213 5102 5150 5617 4762 5335 4917 5883 4785 5467 5176 4988 5673 5048 5073 5190 4989 4997 5205 5207 5456 5764 5105 5198 4751 4737 5421 4823 5207 5275 5390 5103 5379 4908 4970 4975 5036 5206 
5430 5049 5576 5070 5054 5487 5248 5560 5219 4725 5130 4782 5552 5286 5080 5177 5299 5478 4585 5272 5353 5077 4587 4953 4935 5103 5152 5025 4841 5028 5118 5245 5295 5123 5043 5022 4989 5358 5372 5101 5480 5305 5420 5057 5094 4857 4966 5326 5028 5694 5204 5137 5345 5190 4888 5123 5163 5028 5229 5346 5121 5483 4641 5676 5278 5349 5268 5374 5043 4817 4731 5438 5308 5304 4973 5375 5212 5095 5025 5468 5392 4996 5057 5166 5099 5113 5093 5055 5032 5061 4931 5035 4591 4905 5150 5174 5418 4969 5000 5060 5154 5397 5298 4996 5302 5235 4817 5177 5182 5001 5396 4766 4999 5137 5120 5554 4993 5158 5103 5187 5359 5047 4813 4724 4939 5289 4555 5411 5396 5868 5260 5086 5316 5370 5008 5055 4813 5320 5505 4819 4885 5005 5450 5337 5301 5204 5241 5837 4953 4754 5009 5305 5190 5267 5039 4841 5462 5128 4992 4814 5487 5162 5114 5462 5456 5476 5528 5181 4452 5021 5065 5297 5167 5213 4856 5117 5049 5512 5216 5131 5710 5825 4990 5253 5515 5028 5226 4791 5049 5200 5208 5377 5288 5188 5025 5379 5918 5424 5578 5203 5132 5125 5009 5124 5076 4896 5260 5321 5364 4957 5025 5106 5361 4827 4762 4811 5178 5033 5566 5310 5405 5433 5194 5292 4891 5685 4540 5763 5119 4976 5427 5013 4976 4966 4968 4996 5348 5212 5564 5729 5294 5095 4740 4936 5100 4839 4927 5251 5251 5295 5469 4705 5353 5037 5025 5416 
5405 5002 5646 5103 5383 5629 5196 5457 5391 4667 5018 5192 5990 5373 4939 5041 5098 5555 4950 5267 5465 5222 4726 5352 4833 5420 5086 5028 4754 4816 5299 5540 5533 4963 5385 4993 5167 5114 5377 5385 5326 5669 5742 5545 5308 5092 4959 5315 5244 5908 5098 5342 5391 5076 5176 4907 5264 5133 5161 5427 5306 5430 4532 5499 5386 5131 5143 5465 5172 5101 5114 5623 5092 5391 5049 5710 5511 5293 5468 5331 5574 5185 5371 5307 5363 5273 4843 5016 5073 5306 4990 5467 4726 5012 4979 5300 4992 4687 5252 5123 5304 5329 5186 5167 5668 5438 5141 5376 5150 5072 5116 4931 4958 5287 5033 5532 5031 5184 5387 5430 5713 5114 5320 5097 5175 5525 4774 5394 5374 5792 5285 5024 5172 5271 4935 4818 4957 5302 5744 5077 5017 5296 5362 5412 5466 5499 5274 5757 4981 4871 5043 5216 5420 5078 5216 5047 5452 5199 5126 5146 5307 5221 4883 5470 5134 5614 5243 5397 4777 5078 4744 5470 5090 5245 4967 5453 5218 5884 5014 5350 5710 5745 5423 5631 5366 5092 5319 5032 5215 5358 5556 5729 5348 5342 5367 5471 5653 5169 5326 5390 5079 5389 5289 5419 5304 4955 5200 5294 5525 4920 5008 5254 5675 5018 5232 5071 5353 5273 5298 5205 5567 5561 5041 5461 5041 6057 4720 5679 5277 5276 5475 5172 5347 5177 5097 5046 5188 5523 5350 5638 5100 5183 5141 5091 5251 4914 5301 5272 5639 4924 5426 5043 5428 5220 5146 5427 
5612 4844 5267 5152 5328 5300 4946 5331 5063 4666 5051 4650 5582 5475 4792 5172 5413 5436 4805 4869 5416 5233 5155 5095 4812 4929 4884 4791 5049 5119 5092 5337 5412 4902 5228 5136 5080 5187 5224 5160 5551 5467 5330 5226 5220 4887 4832 5340 4931 5687 5286 5138 4942 5020 4967 4920 5182 4908 4919 4978 5138 5462 4643 5345 5215 5398 5086 5393 5054 4593 5052 5253 5002 5460 5046 5385 5231 4637 4929 5149 5518 4860 5391 5292 5035 5166 4713 5153 5126 5036 5123 5125 4603 5203 4798 5164 5327 4735 5143 4741 5190 5167 4947 4848 5477 4993 5140 5355 5195 5174 5481 4979 4905 5053 5265 5406 5164 5003 5189 5488 5247 4979 4855 4864 4638 5393 4685 5228 5300 5915 5049 4975 5019 5160 4794 5100 5037 5514 5485 4818 4652 5021 5535 5383 5064 5127 4987 5324 4926 4916 5245 5002 5219 5007 5165 5145 5118 5013 5289 5258 5315 5380 4985 5433 5190 5458 5291 5111 4705 5160 4885 5380 4976 4862 4970 5245 4959 5355 5336 5026 5418 5287 4791 5334 5051 4966 5242 5059 5187 5102 4847 5444 5225 5281 5356 5135 5525 5359 5221 5040 5092 5136 5182 5195 5170 5121 5369 5134 5552 5023 5134 5187 5078 5007 5099 5186 4898 5065 5177 5198 5021 5413 4776 5454 4912 5766 4586 5554 4977 5060 5582 5126 5063 5287 4993 5037 5400 5207 5488 5562 5171 5175 5004 4754 5457 4694 5284 5374 5102 5092 5478 5237 5034 4951 4941 5447 
5531 4958 5628 5341 5410 5769 5292 5357 5517 4953 5324 4719 5919 5544 5308 5180 5710 5613 5020 5234 5605 5545 5242 5304 5159 5394 4950 5122 4988 4997 5325 5593 5536 5285 5620 5006 5207 5300 5354 5480 5793 5734 5696 5595 5143 5137 5150 5374 5201 5692 5500 5381 5125 5467 5391 5131 5439 5173 5406 5414 5478 5641 4841 5506 5751 5286 5388 5450 5450 4802 5150 5400 5338 5405 5426 5721 5703 5013 5390 5535 5441 5512 5315 5318 5425 5584 5125 5341 5479 5566 5283 5206 5110 5047 5006 5310 5617 4914 5188 5173 5359 5220 5616 5068 5581 5553 4992 5360 5567 5350 5299 4963 5009 5190 5171 5535 5149 5216 5502 5736 5624 5140 5272 5344 5369 5526 4684 5158 5475 5842 5193 5616 5417 5393 5135 5027 5026 5554 5664 4886 5062 5378 5467 5594 5517 5351 5192 5827 4991 4913 5138 5436 5772 5424 5235 5172 5291 5473 5340 4921 5471 5605 5377 5666 5643 5820 5651 5574 4995 5244 5289 5365 5091 5203 5217 5272 5148 6109 5419 5350 5720 5855 5373 5523 5271 5412 5760 5263 5302 5461 5322 5677 5487 5266 5544 5454 5845 5173 5591 5575 5163 5303 5515 5401 5374 5308 5577 5746 5546 5501 4947 5151 5835 4893 5162 4903 5496 5020 5366 5503 5238 5471 5342 5598 5014 5740 4924 5955 5176 5225 5719 5421 5361 5307 5260 5232 5457 5348 5572 5928 5203 5330 4929 5146 5303 5030 5400 5490 5919 5557 5458 5267 5011 5399 5259 5586 
5325 4672 5368 4815 4918 5630 5000 5171 5173 4665 5031 4921 5733 5441 4942 4884 5462 5322 4608 5144 5321 5062 4916 5159 4810 5171 5038 5044 5025 5034 5277 5610 5464 4806 5286 4843 5032 5089 5208 5001 5761 5403 5411 5304 5131 4832 4684 5180 5100 5457 5180 5064 5199 5198 4872 5092 5298 5247 5091 5138 5467 5534 4637 5431 5454 5099 5105 5130 5099 4666 4814 5428 5052 4949 5014 5495 5681 4780 5107 5277 5572 5239 5324 4986 5032 4951 4953 4898 5280 5040 5296 5272 4715 5215 5113 5329 5071 4409 5177 5111 5127 4904 5051 5011 5206 5171 5137 5063 5198 4879 5293 4873 4820 5321 5250 5381 4982 4915 5268 5478 5370 5022 5010 4967 5244 5483 4813 5016 5241 5895 5263 4885 5188 4997 4876 4633 4775 5435 5594 4859 4891 5083 5580 5297 5300 5209 5084 5891 4888 4684 5154 5289 5435 5221 4858 4850 5322 5102 5149 5139 5184 5303 5135 5507 5257 5440 5538 5282 5016 5147 4999 5225 4974 4905 4981 4995 5142 5551 5291 5108 5575 5694 5272 5156 5278 5100 5458 4813 5348 5100 5255 5318 5165 4973 5062 5071 5697 5109 5532 5126 4921 5214 5159 5159 5296 5354 5403 5595 5283 5097 4886 5215 5305 4970 4945 4853 5049 4936 5227 5283 4975 5122 5117 5588 4628 5671 4724 5578 4906 4958 5401 5070 5397 5419 4958 5365 5305 5128 5199 5744 5170 5303 4946 4902 5293 5045 5292 5424 5507 5129 5348 5017 5254 4889 4965 5253 
5881 5666 6167 5221 5707 6075 5737 5596 5375 5231 5569 5135 6066 5871 5543 5551 5923 5942 5214 5357 5974 5514 5353 5498 5362 5675 5335 5377 5415 5376 5352 5811 5727 5359 5691 5252 5479 5541 5631 5512 5752 5735 5890 5806 5288 5339 5299 5789 5447 5918 5691 5849 5660 5647 5595 5509 5732 5287 5489 5554 6083 5885 5106 5807 5823 5641 5494 5814 5681 5264 5254 5725 5574 5793 5472 5955 5876 5238 5262 5440 5932 5712 5583 5556 5381 5381 5486 5375 5474 5572 5702 5510 5029 5424 5244 5532 5802 5239 5598 5467 5438 5606 5745 5339 5688 5680 5348 5698 5561 5525 5673 5281 5474 5557 5637 5938 5486 5726 5747 5918 5609 5281 5458 5587 5291 5716 5121 5408 5814 6453 5744 5693 5752 5915 5343 5273 5292 5837 5821 5519 5242 5298 5915 5854 5738 5855 5466 6232 5280 5491 5499 5676 6035 5677 5386 5276 5687 5603 5541 5375 5830 5848 5532 5753 5769 5833 5952 5738 5258 5430 5351 5626 5516 5527 5218 5340 5738 6082 5716 5489 6026 6225 5340 5673 5726 5735 5859 5512 5653 5891 5732 5847 6055 5670 5828 5760 6230 5655 5842 5781 5596 5468 5730 5468 5545 5535 5990 6005 5834 5417 5135 5153 5679 5312 5567 5231 5607 5591 5535 5835 5531 5986 5278 5986 5420 6405 5232 6321 5461 5398 5991 5598 5651 5651 5568 5583 5686 5718 5825 6232 5380 5562 5205 5371 5674 5267 5707 5856 5935 5578 5645 5571 5333 5856 5298 5717 
5560 5006 5626 4873 5028 5591 5226 4876 5025 4699 4915 4865 5655 5451 4881 5019 5409 5147 4740 5277 5389 5077 4922 4880 4832 5099 5008 4673 5071 4693 5177 5221 5449 5064 5250 4874 4864 4983 4884 5435 5458 5481 5486 5229 4699 4911 5118 5165 4963 5477 5201 5213 5157 5187 4756 4896 5218 4937 5174 5237 5240 5523 4501 5416 5187 5146 5218 5141 5478 4751 4798 5361 5141 4987 5003 5365 5389 4952 4960 5146 5380 5204 5200 5086 4986 4986 4918 4794 5164 5316 5097 4862 4705 5023 4961 5132 5110 4545 5074 4994 4781 5211 5245 4927 5229 5180 5015 5086 5381 4939 5337 4818 5042 5018 4990 5419 5057 5036 5295 5236 5336 5023 4890 4922 4997 5370 4832 5184 5421 5923 5166 5126 5014 5056 4929 4964 4821 5353 5464 5004 4831 5086 5232 5402 5558 5311 5459 5881 4877 4870 5110 5542 5312 5039 5178 4765 5234 5207 5134 4995 5524 5373 4950 5250 5184 5443 5427 5181 4751 5025 5062 5407 5094 4876 4951 4915 5374 5513 5061 5095 5390 5657 4936 5456 5299 5019 5389 4850 5128 5178 5269 5449 5280 5127 5347 5322 5549 5294 5391 5246 4992 5348 5231 4881 5197 5070 5408 5599 5258 4936 4859 5200 5447 5049 4859 5240 5100 4801 5198 5469 5136 5284 5027 5601 4887 5868 4816 5529 5142 5095 5437 5204 5318 5042 5053 5030 5063 5391 5298 5795 5116 5429 4629 4985 5382 4877 5126 5462 5450 4967 5131 4959 5004 5093 5160 5210 
5277 4730 4991 4934 5039 5355 5069 5020 5236 4370 4944 4531 5532 5506 5021 4731 5254 4959 4607 5100 5245 4948 4620 4931 4579 5071 4683 4696 4895 4646 4931 5452 5171 4828 4800 4973 4804 5207 4840 5078 5367 5292 5334 5078 4716 4940 4604 4928 4815 5268 5014 5152 4835 4918 4721 4834 5117 4688 4852 5110 5006 5270 4458 5183 5002 4860 4721 5073 5083 4836 4754 5269 4982 5074 4857 5452 5199 4611 4848 4856 5174 4785 5153 5134 4836 4855 4938 4753 4920 5097 4967 4936 4605 4714 4926 4842 5003 4655 4956 4766 4898 5031 4833 4990 5051 5182 4743 5142 5086 4757 5114 5117 4934 4737 4530 5240 4986 4968 4811 5182 5220 4583 4819 4702 5023 4992 4323 4902 5185 5645 5017 4968 5005 4979 4892 4681 4879 5324 5325 4520 4642 4692 4991 5284 5021 5075 5080 5575 4829 4569 4907 5192 5173 4805 4848 4906 5175 5044 4953 4753 5394 5209 4735 5241 5147 5230 5383 5187 4862 5043 4673 5160 4914 5049 4694 5076 4774 5578 5051 5145 5373 5174 4592 5157 5046 4777 5051 4898 4649 4971 5235 5419 5020 4906 5007 4989 5272 5111 5151 5102 4771 4966 5004 5008 4653 4959 5053 5370 5252 4727 4785 4898 5189 4869 4713 4948 5220 4658 5112 4976 5214 5347 5087 5195 4786 5563 4341 5263 4801 4797 5221 5061 5112 4832 4758 4840 4941 5137 5061 5601 5197 5127 4636 4590 4776 4742 5079 5215 5523 4932 5351 5054 4926 4845 4806 4976 
5457 5069 6014 5309 5402 5984 5488 5486 5665 5135 5381 5175 6185 5754 5263 5279 5897 5691 4911 5636 5687 5648 5256 5688 5246 5680 5344 5005 5272 5181 5448 5340 5902 5322 5681 5412 5189 5522 5771 5492 5699 5570 5788 5406 5294 5025 5169 5405 5444 5953 5473 5411 5428 5924 5346 5408 5594 5159 5684 5391 5571 5826 4983 5808 5689 5581 5642 5597 5468 5131 5357 5871 5636 5716 5430 5679 5965 5281 5426 5601 5921 5464 5494 5097 5605 5451 5074 5110 5560 5517 5526 5400 5322 5507 5161 5482 5796 5120 5416 5322 5472 5411 5560 5358 5722 5616 5383 5673 5708 5286 5595 5163 5183 5512 5501 5766 5563 5135 5733 5897 5818 5075 5142 5194 5357 5719 4976 5615 5547 6257 5653 5527 5509 5451 5247 5172 5251 5623 5831 5122 5115 5271 5637 5801 5764 5531 5518 6100 5235 4957 5463 5510 5590 5276 5193 5206 5572 5439 5623 5452 5671 5682 5123 5782 5821 5867 5800 5582 5069 5378 5374 5871 5245 5487 4983 5493 5546 6223 5545 5586 5808 6069 5330 5682 5541 5340 5713 5328 5339 5441 5812 5971 5654 5710 5738 5780 5837 5645 5762 5459 5637 5664 5315 5289 5446 5449 5552 5927 5809 5108 5326 5465 5642 5018 5549 5407 5348 5478 5431 5688 5526 5837 5611 5666 5142 6161 4982 6047 5276 5621 5697 5383 5682 5498 5521 5356 5471 5737 5980 6290 5555 5607 5183 4797 5564 5210 5261 5763 5592 5261 5590 5430 5378 5567 5218 5940 
5391 4733 5435 4963 5141 5363 4981 4967 5030 4662 5078 4840 5604 5418 4646 4983 5215 5179 4516 4989 5407 5130 4674 5087 5004 5127 4705 4938 4700 4607 5064 5175 5251 4770 5147 4864 5070 5046 5119 4998 5354 5092 5357 5157 4889 4738 4773 5131 5138 5385 5136 5149 5258 5198 4800 4869 5306 4889 5193 5308 5311 5417 4632 5377 5240 4907 5033 5367 5114 4515 4781 5504 5105 4997 5194 5471 5521 4667 5364 5063 5289 4962 4915 5124 5061 4899 4703 5194 5152 5153 5059 4947 4756 5009 4749 5165 5135 4778 5086 4806 5186 4751 5018 5109 5193 5082 4934 5334 5191 5019 5047 5019 4758 5131 5113 5313 4648 4928 5440 5272 5510 4757 4997 5047 4838 5373 4644 4818 5281 5756 5146 5077 5111 5336 5175 4568 4622 5346 5287 4929 4770 4975 5090 5247 5383 5035 5090 5587 4876 4660 4845 5085 5229 5273 4719 4853 5191 5289 4909 4912 5272 5357 4815 5175 5246 5441 5527 5077 4376 5091 4825 5083 4856 5015 4766 4892 5134 5742 5236 5322 5247 5423 5132 5304 5418 5154 5330 5088 5180 4793 5369 5348 5141 5139 5140 5125 5793 4894 5410 4921 4940 5335 5073 5022 5108 4998 5176 5329 5261 5001 4679 5160 5418 4822 4718 5135 4935 4896 5071 5247 5266 5257 4846 5409 4819 5597 4651 5520 4929 4775 5535 5093 5529 5158 4817 4875 4990 5230 5263 5681 5164 5102 4717 5006 5077 4412 5105 5367 5399 5007 5252 4604 4870 5019 4922 5114 
5732 5138 5621 5249 5629 6075 5115 5211 5344 5074 5331 5137 6000 5630 5113 5388 5685 5529 5075 5087 5518 5346 5019 5341 5102 5561 5368 5295 5021 5173 5353 5528 5540 5287 5647 4918 5264 5469 5347 5404 5710 5627 5602 5535 5298 5193 5209 5724 5296 5586 5502 5414 5162 5439 5129 4937 5710 5383 5440 5301 5350 5706 4959 5672 5558 5231 5220 5598 5286 4961 5074 5605 5266 5301 5434 5712 5869 4818 5608 5441 5738 5410 5305 5295 5455 5135 5085 5183 5521 5431 5326 5458 4913 5128 5211 5377 5400 4903 5331 5244 5388 5458 5381 5158 5518 5329 5079 5476 5758 5350 5496 5039 5283 5387 5602 5806 5348 5250 5223 5522 5480 5250 5267 5016 5122 5651 4769 5426 5571 5964 5555 5441 5403 5349 5087 5294 5278 5396 6046 5003 4785 5404 5648 5357 5561 5190 5320 5997 4986 5101 5506 5279 5611 5363 5327 5264 5327 5368 5317 5180 5490 5730 4982 5831 5602 5607 5816 5500 4858 5545 5034 5420 5032 5393 5152 5219 5239 5815 5486 5357 5773 5729 5302 5722 5473 5396 5794 5376 5279 5480 5554 5883 5439 5472 5638 5518 5839 5163 5643 5230 5209 5326 5270 5414 5543 5395 5546 5544 5756 5168 5065 5070 5595 5053 5222 5036 5303 5234 5350 5408 5676 5457 5294 5547 5122 5773 4942 5635 5418 5300 5856 5500 5416 5470 5029 5263 5565 5261 5549 6047 5604 5688 5000 5185 5335 5077 5243 5574 5404 5263 5503 5255 5262 5058 5319 5688 
5596 4962 5479 5074 5237 5429 5238 5488 5125 4637 5354 5094 5815 5529 5251 5326 5258 5293 4891 5311 5651 5186 4696 5440 5009 5134 4948 4890 4838 4835 5236 5361 5436 5007 5265 5400 5087 5239 5389 5174 5533 5519 5805 5278 5282 5025 5291 5510 5273 5632 5250 5266 5254 5404 5031 5176 5334 4861 5222 5258 5508 5462 4582 5782 5430 5292 5150 5473 4950 4674 4917 5567 5037 5310 5031 5536 5532 5107 5131 5305 5515 5252 5136 5206 5083 5312 5134 5280 5198 5080 5104 5198 4836 5392 4929 5325 5432 4917 5333 4699 5046 5298 5386 5020 5318 5208 4867 5448 5363 4989 5411 4906 5011 5091 5194 5468 5140 5185 5276 5200 5755 5144 5184 4868 5095 5470 4844 5234 5312 5939 5317 5206 5052 5298 5138 5010 5052 5386 5647 4844 5065 5198 5540 5694 5146 5144 5246 5659 4929 4745 5315 5359 5480 5334 5087 5237 5420 5095 5392 5411 5307 5571 5090 5416 5446 5495 5560 5155 4840 5236 5002 5500 5284 5013 5294 5300 4995 5703 5199 5255 5420 5633 5214 5259 5394 5282 5397 5094 5130 5201 5212 5509 5619 5529 5179 5379 5652 5293 5526 5539 5046 5600 5093 5353 4961 5191 5592 5440 5211 5278 5125 5290 5359 4932 4850 4955 5268 5185 5396 5235 5003 5556 5085 5375 5065 5918 4923 5843 5288 5010 5647 5188 5484 5218 4942 5034 5414 5304 5607 5780 5562 5420 4942 4815 5666 5030 5251 5413 5606 5341 5597 5150 5498 5146 5116 5506 
5532 5198 5501 5367 5294 5687 5418 5465 5338 4891 5371 4987 5830 5885 5093 5334 5615 5446 4933 5228 5376 5058 5011 5397 5224 5386 5174 5065 4902 5193 5356 5566 5642 5384 5590 5220 5014 5313 5277 5197 5405 5527 5725 5642 5280 4871 4997 5405 5251 5803 5399 5408 5286 5101 5298 5262 5438 5123 5392 5351 5689 5875 4526 5742 5470 5412 5104 5212 5383 5085 4855 5306 5291 5446 5580 5677 5561 4992 5096 5253 5460 5287 5184 5151 5120 5092 5119 5300 5293 5528 5114 5433 4967 5349 5029 5277 5431 4819 5374 4973 5414 5060 5366 5339 5605 5384 5151 5552 5433 5379 5357 4990 5227 5232 5256 5568 4873 5383 5460 5580 5781 4957 5198 4989 5174 5328 4720 5259 5382 6228 5420 5416 5290 5489 5309 4869 5079 5623 5876 5208 4931 5059 5461 5547 5408 5451 5479 5731 4906 5101 4927 5290 5501 5362 5611 5315 5459 5191 5280 5487 5368 5465 5207 5836 5488 5735 5701 5461 5054 5059 5177 5459 5009 5299 5007 5252 5400 5988 5144 5147 5741 5719 5180 5554 5470 5316 5504 5179 5200 5319 5338 5530 5292 5150 5379 5239 5715 5356 5591 5416 5146 5479 5115 5262 5192 5154 5519 5587 5824 5331 5240 5616 5547 4966 5210 5016 5028 5037 5226 5446 5446 5621 5055 5728 5039 6049 4853 5731 5317 5400 5670 5488 5486 5265 4973 5001 5200 5697 5654 6188 5382 5229 4911 5136 5278 4997 5249 5352 5585 5450 5615 5347 5215 5375 5174 5582 
5604 4955 5405 5045 5346 5982 5403 5386 5262 4662 5244 4959 5918 5404 5168 4932 5697 5541 4743 5477 5395 4959 4910 5206 5142 5445 5222 4984 4788 4886 5407 5800 5724 5000 5441 5183 5328 5344 5540 5128 5433 5537 5532 5459 5245 5181 5013 5438 5198 5704 5422 5316 5161 5110 5149 5141 5383 5243 5438 5572 5236 5800 4861 5601 5403 5472 5259 5573 5236 4929 5182 5667 5251 5366 5205 5570 5714 5006 5071 5331 5415 5426 5183 5292 5375 5147 5119 4898 5329 5436 5259 5325 4943 4962 5144 5399 5171 4690 5356 5072 5004 5311 5120 5125 5390 5531 5223 5234 5515 5234 5400 5201 5262 5196 5232 5714 5029 5295 5124 5715 5651 4789 5276 5119 5221 5515 4707 5151 5423 6020 5483 5393 5184 5335 5235 4924 4741 5235 5761 5072 4990 5370 5420 5231 5479 5354 5235 5857 4895 5182 5427 5656 5768 5303 5220 5195 5185 5286 5102 5202 5413 5461 5220 5651 5306 5701 5581 5388 5101 5148 5031 5456 4999 5376 4953 5157 5269 6127 5375 5208 5541 5762 5238 5370 5396 5080 5633 5017 5309 5412 5553 5581 5549 5523 5234 5446 5797 5359 5721 5288 5502 5215 5032 5243 5295 5141 5273 5615 5666 5086 5302 5307 5481 5067 5203 5017 5126 5014 5236 5422 5331 5703 4806 5552 4912 6033 4852 5575 5118 5209 5733 5239 5342 5325 5453 5301 5230 5524 5498 5982 5156 5319 4822 4854 5316 4849 5421 5449 5747 5450 5718 5176 5409 5212 5114 5373 
5313 4965 5404 5006 5203 5552 5366 5501 5405 4905 5213 4824 5408 5559 5038 4906 5322 5473 4568 5005 5332 5022 4860 5102 5076 5327 4835 5011 4723 5015 5297 5291 5486 5066 5471 5056 5326 5112 5322 5455 5344 5511 5520 5379 5259 4800 4706 5158 5421 5509 5277 5480 5420 5085 5027 4997 5280 5198 5108 5296 5290 5437 4712 5450 5394 5132 5156 5558 5112 4887 4865 5373 5320 5285 5117 5518 5663 4840 5088 5059 5546 5076 5332 5429 5286 5080 4941 5092 5161 5317 5126 5104 4764 4879 4797 4839 5245 4659 5065 4621 5145 5101 5124 5131 5197 5297 5139 5243 5409 5013 5293 5116 5165 5049 5265 5480 5254 5219 5293 5526 5426 4919 5242 5073 4801 5382 4804 5061 5510 5943 5402 5384 5105 5485 5123 4805 4904 5432 5611 4996 4919 5081 5344 5347 5272 5006 5288 5859 5188 5019 4856 5203 5275 5200 5171 4937 5390 5011 4975 5056 5169 5302 4904 5435 5149 5725 5557 5294 4787 5122 4880 5328 4964 5048 4812 5072 5189 5818 5352 5129 5502 5620 4741 5264 5418 5085 5543 5068 5349 5185 5349 5561 5412 5388 5565 5286 5699 5079 5487 5170 5304 5424 5107 5069 5243 5166 5286 5225 5554 5086 4922 4968 5326 5073 5135 5130 5212 5169 5267 5632 5582 5376 5081 5200 4830 5748 4566 5507 5050 4911 5567 5214 5293 5184 4776 4935 5218 5515 5349 5943 5203 5219 4760 5361 5087 4808 5380 5109 5365 5087 5437 5263 4938 5248 4855 5363 
5744 5020 5590 5356 5488 5833 5311 5411 5608 4868 5239 5062 5704 5572 5255 5309 5185 5568 4881 5220 5612 5552 5181 5537 5166 5300 5203 5003 5279 5286 5325 5550 5601 5252 5326 5101 5459 5374 5512 5240 5444 5779 5752 5685 5438 5393 5195 5463 5338 5710 5603 5559 5262 5476 5251 5265 5998 5389 5385 5425 5509 5776 4810 5598 5533 5371 5487 5403 5503 5002 5116 5607 5427 5292 5345 5774 5694 5183 5421 5376 5495 5322 5325 5218 5408 5133 5222 5209 5222 5434 5271 5505 4956 5443 5237 5452 5365 4884 5569 5354 5439 5423 5265 5230 5818 5440 4943 5429 5437 5379 5614 5360 5189 5502 5449 5738 5237 5423 5542 5712 5897 4890 5386 5107 5107 5734 4860 5416 5481 6090 5159 5542 5515 5423 5426 4844 5160 5675 5810 5120 5231 5384 5612 5846 5519 5423 5384 5952 5082 4962 5349 5560 5856 5496 5497 5399 5388 5214 5144 5427 5700 5783 5351 5587 5632 5648 5781 5426 5183 5328 5287 5628 5184 5354 5327 5274 5434 5643 5537 5278 5599 5705 5221 5374 5591 5554 5704 5174 5364 5617 5379 5679 5357 5377 5485 5378 5746 5562 5780 5320 5533 5481 5341 5524 5354 5526 5606 5684 5674 5272 4982 5217 5543 5058 5207 5427 5471 5200 5460 5566 5364 5575 5189 5464 5234 6080 5113 5974 5238 5439 5565 5489 5349 5231 5329 5300 5448 5682 5637 6307 5670 5413 4935 5036 5704 5153 5773 5808 5681 5549 5728 5330 5381 5517 5336 5913 
5965 5032 5832 5543 5306 5982 5263 5431 5466 5071 5438 5193 6086 5697 5242 5349 5449 5724 5038 5407 5578 5445 4973 5506 5148 5456 5065 5309 4981 5278 5560 5802 5810 5100 5353 5315 5575 5277 5711 5426 5763 5626 5903 5670 5448 4850 5106 5469 5356 5797 5578 5638 5379 5573 5378 5169 5609 5445 5520 5444 5878 5892 4837 5523 5551 5328 5526 5699 5534 4931 5218 5895 5267 5264 5433 5719 5842 5287 5657 5495 5707 5398 5183 5632 5202 5350 5236 5178 5652 5605 5260 5489 4833 5226 5179 5643 5447 4784 5186 4866 5400 5574 5297 5408 5591 5625 5259 5626 5425 5499 5569 5298 5053 5412 5538 5589 5359 5217 5567 5577 5598 5076 5344 5271 5431 5757 4890 5364 5362 6121 5621 5411 5237 5535 5200 4946 5037 5774 6013 5246 5033 5153 5316 5580 5661 5536 5730 5895 5123 4951 5306 5592 5802 5336 5295 5310 5650 5345 5077 5345 5491 5606 5162 5610 5424 5798 6009 5345 5298 5280 4965 5461 5160 5075 5508 5365 5296 5864 5241 5510 5528 5740 5261 5764 5880 5417 5477 5291 5512 5612 5527 5730 5518 5466 5628 5576 5909 5527 5865 5441 5221 5529 5631 5718 5225 5421 5699 5913 5858 5086 5094 5158 5363 5361 5397 5386 5384 5458 5390 5620 5529 5577 5097 5646 5129 6017 5216 5741 5475 5181 5641 5470 5401 5344 4962 5223 5276 5660 5404 5984 5385 5533 5147 5234 5372 4884 5627 5672 5633 5413 5639 5504 5489 5437 5408 5598 
5266 5182 5359 4967 5207 5427 5184 5083 5378 4850 4924 4994 5845 5356 4857 4777 5649 5274 4837 5056 5386 4981 4821 5059 4920 5368 4732 4892 4928 4843 4918 5426 5389 5002 5110 4888 5265 5136 5231 4893 5455 5345 5473 5229 5030 4918 5014 5181 5325 5376 5018 5243 4866 5271 5145 4985 5242 5070 5148 5396 5326 5607 4567 5487 5335 5105 5221 5308 5125 4922 4798 5468 5107 5341 5004 5441 5575 4747 5239 5001 5421 5233 5063 5420 5330 5174 4858 4937 5003 5206 5089 5014 4817 5055 5002 5123 5241 4621 5350 5029 5071 5034 5041 5171 5167 5326 4893 5388 5557 5151 5059 4931 4862 5186 5145 5347 4962 5089 5437 5425 5353 4844 4932 4808 5022 5250 4526 5227 5227 5795 5158 5286 5236 5294 4910 4766 4919 5424 5588 4997 4834 5113 5518 5409 5372 5211 5029 5645 4769 4770 5096 5259 5499 4849 5005 4974 5203 5160 4878 5044 5420 5336 4929 5332 5557 5570 5296 5220 4784 4931 4872 5122 4893 4983 5118 5201 5122 5655 5086 5088 5552 5588 5042 5586 5290 4947 5401 5051 5333 4907 5303 5437 5262 5129 5304 5183 5594 5031 5397 5360 4841 5014 5064 5270 5093 4939 5441 5655 5619 5012 5007 5238 5155 4808 4860 4993 5189 4893 5212 5341 5232 5334 5063 5501 4761 5725 4611 5767 4959 4989 5384 5220 5415 5169 5084 5066 5203 5109 5600 5729 5333 5046 4775 5092 5271 4795 5260 5377 5727 5200 5441 4957 5098 5105 4938 5347 
5924 5075 5711 5010 5287 5710 5487 5549 5590 4977 5223 5154 5914 5694 5009 5465 5615 5455 4775 4967 5675 5295 4998 5318 5150 5233 5076 5140 5002 5050 5277 5626 5655 5252 5398 5169 5254 5575 5238 5368 5637 5630 5700 5537 5170 5053 5097 5488 5113 5933 5464 5452 5254 5409 5169 5067 5501 5185 5220 5470 5621 5616 4639 5859 5481 5247 5126 5457 5280 5149 5084 5504 5157 5238 5407 5712 5577 4997 5145 5258 5662 5290 5246 5363 5433 5136 5025 5208 5325 5376 5461 5459 5084 5226 5100 5395 5468 4811 5357 4877 5266 5468 5430 5147 5648 5512 5197 5621 5558 5168 5733 5341 5204 5316 5628 5523 5299 5164 5314 5545 5712 5025 5166 5021 5031 5628 4946 5618 5516 6159 5373 5383 5326 5437 5330 5069 5330 5606 5632 5094 4756 5386 5244 5547 5631 5502 5608 5703 5156 5000 5207 5452 5718 5295 5322 5109 5470 5249 5175 5347 5676 5588 5249 5609 5471 5672 5759 5471 5077 5233 5089 5584 5331 5525 5383 5377 5175 5643 5432 5330 5658 5571 5427 5615 5554 5431 5573 5259 5168 5550 5443 5617 5645 5309 5435 5608 5998 5268 5756 5236 5352 5399 5229 5372 5287 5240 5442 5589 5722 5292 5098 5422 5482 5085 5365 5087 5280 5222 5321 5517 5291 5554 5030 5690 5409 6096 4828 5759 5174 5588 5591 5360 5370 5263 5265 5306 5391 5461 5704 5876 5494 5417 5127 5022 5486 5107 5609 5573 5650 5447 5694 5235 5068 5176 5264 5464 
5510 5157 5550 5123 5577 5537 5127 5263 5290 4887 5195 5108 5936 5504 4992 5080 5429 5367 5040 5489 5601 5172 4874 5335 5011 5248 5293 5047 5117 5124 5126 5604 5583 5225 5159 5052 5262 4986 5569 5438 5750 5632 5553 5408 5285 5248 5122 5528 5321 5498 5315 5448 5270 5393 5074 4984 5521 5239 5175 5426 5350 5711 4748 5636 5668 5367 5305 5660 5123 4985 4964 5612 5278 5477 4795 5617 5341 5112 5285 5338 5484 4997 5184 5367 5314 5289 5037 5182 5226 5341 5264 5194 4923 5360 5165 5504 5304 4573 5053 5079 5133 5429 5311 5294 5454 5403 5192 5356 5526 5249 5556 5121 5106 5367 5301 5910 5385 5361 5270 5405 5543 4934 5212 4884 5276 5459 4873 5287 5485 6100 5502 5290 5169 5334 4915 4954 5226 5610 5734 4925 5129 5389 5451 5361 5636 5344 5614 6000 5137 5050 5209 5309 5666 5256 5241 5069 5665 5265 5248 5216 5356 5658 5303 5447 5443 5591 5725 5337 4961 5018 4977 5399 4984 5352 5150 5309 5356 5703 5280 5349 5717 5861 5215 5641 5407 5393 5368 4892 5143 5194 5242 5688 5311 5645 5381 5671 5849 5384 5473 5053 5024 5494 5296 5282 5541 5135 5626 5404 5812 5242 5182 5404 5583 5144 5498 5319 5145 5158 5400 5315 5464 5553 4848 5507 5072 5896 4951 5880 5221 5351 5615 5265 5202 5305 4969 5036 5583 5517 5466 5864 5402 5565 5038 4997 5387 4943 5504 5391 5350 5248 5645 5384 5346 4964 5040 5388 
5436 5036 5310 5358 5146 5652 5402 5319 5486 4829 5243 5032 5930 5562 5310 5341 5553 5360 4730 5423 5466 5244 5062 5063 4992 5370 5133 5190 4672 5086 5188 5258 5637 4916 5650 4957 5160 5303 5400 5194 5315 5368 5577 5529 5384 4897 4928 5345 5170 5780 5219 5220 5350 5308 5176 5269 5319 5095 5259 5566 5591 5916 4716 5543 5674 5373 5422 5652 5634 4608 5035 5753 5179 5211 5268 5903 5548 5137 5046 5203 5209 5488 5312 5256 5132 5149 4718 5031 4990 5313 4994 5368 5011 5211 5039 5502 5163 4735 5303 4945 5236 5210 5248 5287 5452 5344 4995 5268 5277 5232 5491 5020 4984 5184 5429 5519 5198 5051 5234 5432 5597 4828 5087 4951 5032 5467 4939 5284 5448 5864 5618 5244 4820 5159 5227 4867 4882 5597 5621 5057 4920 5116 5364 5589 5342 5363 5362 5607 4833 4775 5184 5579 5640 5401 5130 4952 5554 5368 5105 5201 5433 5340 5141 5452 5312 5809 5373 5230 5057 5207 4938 5393 4954 5228 5243 5314 5384 5739 5239 5235 5625 5824 5292 5572 5809 5094 5560 5095 5326 5504 5304 5592 5319 5428 5120 5641 5714 5650 5549 5458 5327 5355 5189 5147 5350 5407 5525 5755 5558 5192 5272 5280 5550 5266 5245 5297 5059 5230 5167 5401 5381 5459 5008 5364 5084 6016 4677 5753 5188 5274 5559 5232 5225 5322 5095 5020 5233 5602 5724 5596 5349 5312 5042 4905 5138 5162 5296 5720 5832 5179 5373 5221 5122 5400 5019 5401 
5491 4753 5343 5197 5298 5618 5084 5260 5147 4607 5295 5011 5778 5312 5016 5315 5305 5429 4907 5140 5225 5368 5068 5077 4822 5228 5049 5165 4990 4995 5170 5252 5373 5057 5321 4962 5156 5273 5410 5165 5464 5362 5575 5345 5290 4888 4931 5381 4959 5405 5436 5178 5366 5124 5079 5062 5557 5018 5052 5199 5251 5767 4737 5446 5258 4974 5422 5522 5155 4753 4793 5512 4986 5392 5001 5590 5397 5238 5144 5333 5319 5108 5260 5401 5022 5126 4921 5189 5216 5153 4958 5066 4772 5067 4972 5218 5276 4782 5115 4955 5166 5230 5370 5042 5433 5332 4952 5413 5572 5137 5538 5027 5162 5241 5081 5447 5188 5312 5447 5265 5441 5050 4944 5002 4962 5382 4742 5120 5432 5833 5421 5163 5234 5067 4880 4854 5010 5351 5609 4999 4908 5161 5699 5365 5578 5407 5440 5802 5031 4914 5070 5168 5210 5282 5198 5050 5433 5143 4915 5040 5315 5577 4947 5225 5475 5698 5616 5356 5008 5232 5118 5213 4849 5073 4838 5074 5144 5364 5247 5238 5600 5660 5026 5321 5534 5044 5539 4956 5047 5318 5200 5505 5304 5289 5297 5253 5838 5232 5509 5129 5225 5325 5053 5131 5296 5406 5464 5396 5671 5063 4905 5147 5276 5105 5041 5146 5254 5100 5378 5504 5257 5456 4874 5416 5001 5888 4844 5752 5087 5225 5465 5180 5237 5164 5004 4942 5265 5464 5461 5504 5441 5445 4922 5109 5317 4639 5363 5497 5178 5199 5314 5020 5198 5046 4949 5481 
5510 4682 5393 5130 5065 5323 5090 5058 5262 4795 5005 4837 5644 5452 4975 5033 5455 5321 4527 4778 5382 5187 4955 5139 4918 4959 4907 4963 4837 5034 4809 5415 5338 5073 5202 4831 5008 5254 5120 4775 5454 5357 5623 5046 5003 4871 4918 5119 5170 5584 5194 5197 4977 5047 4977 4865 5209 4833 5270 5218 5550 5317 4549 5467 5094 4886 5195 5403 5015 4919 4647 5398 5275 5236 5203 5344 5246 4861 5046 5307 5547 5205 4977 4914 5314 5206 4837 4983 5058 5065 5126 5478 4879 5094 4785 5228 5416 4506 5083 5018 5163 4949 4936 5157 5494 5185 4983 5471 5418 5025 5233 5020 5126 5168 5086 5600 4915 4841 5232 5566 5348 4851 4963 4847 5089 5489 4343 5238 5113 6078 5364 4958 5004 5208 5105 4861 4811 5248 5545 4925 4833 5081 5564 5213 5318 5088 4923 5630 4707 4740 4912 5255 5431 4914 4969 4800 5496 5199 4885 5001 5394 5246 4819 5452 5380 5417 5479 5384 4729 4815 5046 5177 4990 5020 4835 5231 5180 5572 5140 5102 5524 5379 4768 5589 5198 5080 5341 4729 5066 5131 5219 5449 5299 5261 5219 5324 5580 5208 5361 5026 5301 5111 5279 4958 5345 5105 5334 5274 5742 5063 5047 5120 5284 4571 5103 4727 5263 5149 5459 5330 4810 5247 5076 5381 4893 5599 4886 5566 4862 4895 5526 5259 5138 5303 4931 4862 5213 5326 5460 5611 4988 5108 4861 4854 5059 4532 5396 5534 5359 5106 5416 4839 5182 5145 4960 5272 
5554 4804 5332 5064 5132 5364 4885 5107 5339 4884 4902 4677 5397 5569 4729 5089 5246 5339 4485 4979 5207 5316 4761 5038 4893 5144 4884 4808 5162 4730 5231 5343 5366 4752 5257 4745 4920 4960 5066 4912 5322 5454 5252 5348 5131 4833 4773 4969 5127 5436 5164 5181 5118 5040 4977 4886 5182 5107 5080 5289 5153 5327 4594 5141 5129 4934 5164 5182 5059 4844 4794 5534 5068 5013 4796 5364 5344 4732 5365 5061 5333 5148 4827 4938 5208 5080 4748 5026 4995 5428 4770 5029 4860 4944 4655 4729 5160 4413 5283 4878 5141 5043 4920 5003 5280 5121 4857 5255 5260 5214 5145 5097 4977 5062 5142 4965 4703 5008 5434 5369 5257 4775 5040 4908 4731 5376 4541 4800 5354 5817 5148 5213 5297 4984 5121 4748 4649 5241 5350 4787 4945 5037 5379 5447 5184 5004 4990 5562 4842 4678 4855 5104 5396 5225 4924 5018 4968 4836 4955 5120 5305 5269 4941 5387 5273 5336 5414 5114 4680 4997 4737 5460 4762 5142 5032 5132 4906 5576 4923 5099 5295 5491 4776 5105 5167 5024 5648 4899 5324 5265 5308 5222 5372 5333 5030 5178 5366 5146 5479 5085 5083 5104 5030 5168 5125 5036 5367 5282 5301 5051 4762 4873 5364 4683 4888 4965 5213 4948 5066 5226 5189 5235 4834 5348 4901 5436 4475 5280 4780 4805 5644 5018 5132 5061 4831 4906 4942 5405 5234 5673 5130 4982 4659 4642 5183 4868 5198 5213 5530 5154 5286 4874 4834 5127 5019 5227 
5980 5070 5700 5126 5540 5985 5326 5498 5338 4828 5368 5115 5921 5540 4996 5199 5639 5920 5050 5375 5858 5273 5077 5596 5034 5536 5204 5222 5211 5199 5277 5713 5491 5155 5266 5303 5292 5223 5507 5432 5688 5603 5864 5625 5385 5383 5090 5660 5237 5861 5347 5446 5323 5533 5235 4892 5563 5371 5364 5647 5756 5761 4790 5919 5444 5315 5460 5603 5267 4897 5024 5472 5205 5560 5502 5769 5823 5185 5428 5612 5544 5443 5296 5471 5375 5357 5332 5144 5709 5440 5519 5369 4922 5406 5209 5485 5394 4858 5593 5263 5577 5419 5369 5118 5781 5639 5371 5489 5427 5581 5411 5272 5285 5522 5722 5771 5355 5408 5468 5516 5638 5189 5284 5113 5510 5744 4733 5479 5349 6190 5580 5499 5410 5269 5123 5030 5158 5565 5837 5388 5118 5511 5766 5600 5598 5312 5513 5834 5061 4989 5179 5338 5628 5472 5507 5274 5489 5532 5239 5343 5568 5592 5072 5582 5372 5687 5929 5522 5364 5381 5157 5528 5253 5196 5093 5398 5216 6122 5622 5551 5797 5720 5193 5721 5619 5148 5777 5190 5235 5444 5408 6067 5488 5332 5560 5634 5950 5451 5796 5401 5307 5490 5233 5520 5257 5225 5486 5813 6000 5218 5192 5502 5763 5150 5268 5255 5245 5509 5404 5567 5476 5611 5272 5451 4958 6198 5059 5710 5331 5561 5608 5798 5421 5323 5161 5475 5571 5478 5824 5921 5592 5697 5156 5216 5464 5018 5412 5473 5653 5439 5733 5370 5446 5182 5418 5456 
5369 4695 5267 4836 5173 5195 4815 5089 5273 4643 4948 4652 5530 5276 4775 4578 4944 5202 4477 5019 5310 5045 4573 5050 4867 4988 4702 5136 5017 4768 5105 5114 5372 4858 5140 4714 4883 4914 5058 4998 5273 5189 5138 5241 5102 4933 4790 5103 4994 5266 4921 5140 4945 5136 4724 4726 5173 4864 5148 4956 5248 5359 4340 5218 4993 5057 5010 5232 5097 4638 4871 5463 5216 5096 4718 5328 4980 4743 5112 5057 5361 4842 5014 5038 4910 5023 4420 4817 5040 5273 4876 5010 4817 5025 4715 5103 4792 4807 4727 4904 5059 5140 4996 4915 5056 4958 4860 5178 5248 4890 5027 4983 4731 4917 4689 5236 4862 4851 5207 5184 5311 4522 4887 4748 4970 5116 4658 5015 5200 5482 5339 4809 4880 4888 4803 4716 4878 5212 5243 4691 4576 4826 5093 5373 5206 4917 5011 5523 4640 4687 5036 4996 5376 4715 4767 4722 5567 4907 4826 4808 5190 5466 4991 5115 5326 5136 5375 4999 4608 4818 4410 5004 4784 4847 4992 5207 4694 5464 5009 5240 5376 5273 5242 5104 5255 5105 5236 4965 4905 5057 5014 5124 5079 4823 4912 5433 5478 5035 5243 4841 4671 5014 4962 4968 4966 5128 5016 5263 5045 4954 4527 4919 5186 4928 4828 4884 4871 4860 5002 4712 5113 5204 4859 4884 4675 5431 4575 5414 4999 5089 5305 5068 5054 4925 4733 4817 4815 5368 4918 5761 5154 4992 4617 4384 5024 4625 5006 5213 5299 5147 5171 4675 5082 4773 4496 5164 
5320 4997 5648 4737 4993 5487 5081 5312 5219 4598 5154 4808 5571 5521 4896 4947 5464 5416 4783 5087 5500 4991 4628 5077 5051 5300 5058 4900 4948 4682 5052 5288 5221 5027 5117 4873 5080 5091 5051 5360 5167 5429 5432 5397 5070 4792 4793 4939 5208 5374 5176 5275 5154 5276 4997 5009 5514 5059 5065 5105 5398 5447 4487 5198 5066 4867 5227 5316 5031 4541 4953 5260 5033 5434 5116 5302 5302 4824 4883 4992 4906 5105 5043 5084 4873 5215 4965 5097 4821 5231 5083 4896 4849 5177 4700 5164 5036 4722 5005 4924 4982 5258 5142 4727 5271 5152 4972 5223 5226 4948 5393 5069 4906 4967 5148 5315 5061 5112 5443 5475 5514 4698 4891 4921 4942 5223 4605 5115 5352 5743 5151 4949 4985 5331 4621 4835 4986 5193 5606 4802 4647 4809 5367 5416 5326 5281 5060 5455 4652 4867 5049 5115 5561 5230 5127 4681 5238 5081 4968 5229 5228 5282 4927 5159 5527 5485 5483 5270 4914 4881 4664 5214 5012 5191 4824 5163 5005 5991 5185 4970 5455 5642 5056 5296 5014 5298 5250 4942 5130 5152 4799 5157 5180 5421 5192 5235 5533 5241 5284 4974 4885 5015 4865 5236 5030 5172 5382 5302 5369 4874 5280 5216 5388 4634 5002 4775 5343 5331 5040 5093 5033 5224 4822 5025 5005 5687 4925 5524 5019 5209 5627 5208 5145 5063 4894 4933 5036 5313 5005 5738 4866 5098 4961 5079 5116 4827 4840 5435 5550 4994 5417 5260 4974 4977 4794 5347 
5247 4669 5373 4919 5005 5604 5149 5150 5014 4742 4923 4796 5480 5200 4640 5169 5411 5114 4558 5323 5441 4990 4674 5182 4879 5076 4751 5010 4872 4832 4929 5281 5527 4952 4918 5100 5012 5099 4930 5038 5364 5099 5292 5293 5171 4733 4832 5251 4907 5600 5036 4814 4963 5038 4775 5015 5220 5095 4899 5327 4990 5429 4495 5503 5153 4976 4973 5229 4988 4766 4831 5477 4956 5283 5050 5531 5215 4878 5163 5203 5469 5008 4929 5213 5010 5223 4882 4632 5199 5233 4897 4973 4583 5050 4869 5098 5082 4459 5097 4997 5221 4984 5251 4911 5360 5223 5259 5167 5441 5106 5174 4856 5133 5173 5087 5279 4957 5026 5337 5220 5510 4701 5087 4753 5120 5328 4556 5128 5251 5840 5145 4948 5164 4871 4730 4776 4855 5132 5572 4700 4629 5008 5346 5198 5118 5187 5379 5842 5214 4701 4907 5217 5284 5008 4897 5049 5125 4940 5057 5229 5253 5167 4869 5195 5200 5350 5284 5305 4819 4857 5029 5148 4900 5204 4895 4966 4855 5499 5154 5016 5353 5497 5088 5158 5166 4943 5366 4999 5054 4832 5351 5305 5112 5077 5159 5230 5628 5106 5351 5084 5262 5189 4899 5144 4802 4907 5153 5571 5348 4908 4665 5157 5062 4786 4973 4892 4824 4874 5074 5011 5117 5207 4862 5346 4726 5662 4625 5519 4842 4952 5208 5040 5303 4901 5061 5127 4910 5243 5440 5631 5157 5089 5000 4849 5058 4666 5037 5267 5423 4776 5488 4950 5098 5013 4963 5358 
5485 5006 5250 4742 5009 5624 5053 5255 5011 4409 5189 4513 5276 5410 4961 4965 5164 5169 4858 5118 5277 4941 4591 4737 4586 4986 4827 4824 4669 4822 4984 5006 5190 4814 5272 4729 5071 5239 4800 5132 5238 5279 5424 5398 4769 4793 4996 4865 4927 5315 5266 5236 5043 5005 5232 5034 5281 4991 5040 5209 5167 5635 4430 5113 5279 4891 5242 5517 4869 4726 4740 5245 4914 5294 5016 5314 5269 4945 4961 4927 5028 4717 4916 5398 5097 4903 4761 4630 4919 5044 5053 4942 4685 5000 4956 4955 4974 4533 4993 4898 4775 5280 4978 5195 4721 5107 4679 5247 5131 5064 5193 4810 4717 4711 5078 5421 4943 4876 5205 5162 5329 4507 5166 4798 4981 5192 4482 5062 5205 5832 5074 5246 4945 5128 4852 4772 4998 5327 5577 4660 4570 5021 5236 5174 5025 4969 5005 5549 4709 4706 4833 4950 5450 5004 4997 5117 5150 4783 5083 5016 4946 5113 4860 5107 5144 5440 5314 5287 4698 5232 4846 5156 4955 4938 4946 5118 5016 5639 4846 4985 5187 5435 4913 5162 4974 5035 5288 5017 4872 5142 5087 5418 5313 5294 5140 5134 5564 5059 5325 4996 4880 4891 4756 4951 4872 5344 5362 5229 5437 4916 4944 4751 5174 4713 4878 4900 4870 4990 5083 4936 5055 5035 4929 5216 4878 5609 4411 5552 4785 4996 5133 5200 5436 5046 4815 4982 4848 5148 5378 5540 4992 5092 4492 4790 5106 4692 5263 5170 5249 4825 5251 5067 5077 5083 4752 5248 
5222 4776 5374 4992 4969 5373 4839 5170 5261 4472 4950 4641 5427 5313 4763 4859 5071 5192 4575 5018 5405 5252 4635 5109 4888 5305 4656 4884 4503 4855 4710 5157 5072 4767 5348 4595 4918 5093 5109 4895 5388 5035 5234 4901 5220 4610 4792 5080 5003 5291 4975 5080 5031 5038 4717 4909 5099 5005 4903 4962 5009 5242 4301 5203 5079 4959 4989 5164 4889 4781 4762 5369 5142 5241 4738 5001 5546 5105 4972 5195 5237 5073 5178 5067 5123 4747 4704 4750 4926 5083 5024 4892 4600 5162 4578 5182 4939 4526 4922 4740 5433 4990 5138 4522 5328 5143 4829 5013 4932 4784 4976 4846 4939 5022 5153 5217 5008 4978 5205 4993 5163 4733 4852 4673 4930 5114 4620 5004 5218 5575 5161 5045 4958 5133 4631 4705 4957 5319 5149 5127 4631 4579 5341 5347 5144 4996 4906 5539 4498 4900 4825 5141 5320 4924 4861 4827 5328 4868 4583 4996 4961 5286 4701 5184 5303 5335 5282 5036 4731 4844 4841 5162 4882 4945 5046 4927 5113 5388 5053 4938 5231 5446 4940 4927 5068 5086 5278 4673 4976 5113 5245 5299 5045 4906 5343 5166 5490 5048 5303 4872 4819 5019 5096 4932 4927 5045 5218 5411 5384 4886 4724 4965 5466 4630 5143 4917 5107 5058 5099 5221 5111 5301 5068 5172 4818 5682 4732 5551 5016 4956 5306 4865 4999 4856 4952 4995 5150 5123 5299 5840 5244 4906 4932 4957 4953 4828 5125 5291 5318 4890 5489 4815 5090 4927 4789 5229 
5784 4824 5459 5244 5338 5674 5224 5256 5351 4833 5267 5097 5714 5563 5070 5121 5486 5309 4704 5250 5711 5246 4960 5330 5162 5262 4930 4982 5020 5014 5008 5289 5746 4935 5384 5125 5243 5282 5201 5186 5620 5617 5571 5328 5287 5207 4936 5539 5251 5680 5141 5225 5417 5434 4808 5098 5468 5115 5238 5476 5477 5383 4668 5657 5183 5257 5296 5291 5006 5076 4914 5749 5411 5186 5085 5602 5747 4982 5383 5228 5548 4948 5360 5467 5150 5131 4965 5147 5134 5364 5437 5398 4709 5171 4861 5381 5167 4892 5213 5128 5115 5236 5430 5059 5238 5550 4990 5321 5495 5043 5376 5296 5280 5116 5060 5497 5110 5150 5398 5319 5573 4970 5507 5168 5023 5564 4844 5344 5398 5832 5344 5074 5141 5278 5051 4753 4981 5437 5730 5107 4996 5264 5609 5317 5545 5511 5442 6117 5139 4843 4932 5429 5814 5353 5212 5072 5530 5247 5076 5305 5356 5493 5239 5286 5319 5588 5616 5546 4788 5283 5006 5571 5293 5273 4928 5076 5352 5927 5209 5227 5657 5574 4956 5336 5212 5118 5418 4992 5207 5112 5281 5456 5558 5501 5347 5264 5887 5549 5544 5343 5446 5455 5538 5169 5291 5176 5549 5597 5566 5269 4882 5022 5491 4928 5150 5293 5312 5371 5477 5370 5128 5127 4960 5428 5038 6055 5011 5682 5208 5155 5851 5420 5428 5261 5186 5159 5534 5481 5296 5838 5398 5285 4929 4777 5235 5046 5371 5439 5426 5160 5645 5129 5308 5336 5108 5310 
5470 5170 5407 5100 5434 5696 5032 5301 5533 4732 5057 4856 5808 5617 5048 4980 5479 5606 4870 5161 5592 5240 5077 5128 4913 5386 5089 5124 5013 5142 5148 5499 5710 4973 5367 5008 5365 5253 5430 5231 5691 5467 5761 5465 5173 5206 4933 5288 5486 5634 5574 5400 5517 5396 5228 5155 5387 5211 5194 5703 5271 5432 4651 5285 5508 5135 5193 5378 5419 4844 5225 5746 5145 5189 5080 5485 5455 5093 5266 5173 5366 5403 5623 5453 5258 5382 4933 5143 5534 5321 5122 5458 5101 5308 4929 5033 5201 4639 5404 4880 5259 5207 5154 5169 5430 5412 5324 5309 5603 5334 5509 5191 5252 5140 5363 5627 5207 5283 5387 5462 5488 4965 5504 5058 5075 5561 4784 5255 5446 5854 5552 5458 5683 5277 5072 4903 5199 5739 5553 5251 5063 5371 5620 5553 5591 5304 5235 5883 5107 5110 5145 5309 5592 5430 5100 5009 5424 5347 5138 5039 5415 5522 5254 5494 5447 5710 5644 5353 4973 5339 5194 5429 5143 5322 5310 5327 5267 5844 5501 5192 5563 5874 5203 5519 5648 5239 5664 4911 5218 5423 5327 5604 5650 5180 5416 5480 5909 5387 5553 5368 5204 5216 5248 5266 5266 5395 5598 5739 5688 5109 5071 5552 5591 4991 5136 5417 5318 5068 5352 5418 5342 5409 4897 5403 4914 6103 4913 5808 5054 5215 5654 5462 5396 5384 4979 5240 5345 5475 5589 5905 5454 5438 4887 4931 5305 4917 5180 5445 5570 5183 5532 5234 5259 5049 5203 5517 
5343 4796 5460 4924 5094 5583 5222 5116 5178 4690 5078 4735 5519 5335 4815 4803 5284 5274 4525 5159 5593 5063 4795 4844 5061 5290 4843 4770 4792 5072 4915 5298 5384 4858 5342 4846 4983 5175 5087 4875 5450 5316 5283 5093 5180 4930 4801 5267 5123 5243 5395 5232 5112 5160 4596 4992 5447 4840 5253 5162 5271 5491 4477 5227 5228 5043 5194 5431 5064 4721 4852 5365 4952 4951 4932 5331 5370 5074 4945 5241 5191 5072 5287 4958 5089 4815 4798 4806 5069 5054 4923 5131 4666 4997 4656 5167 5070 4578 5264 4764 5045 5083 5080 4995 5028 4984 4886 5022 5279 4890 5089 4872 4863 4991 4964 5470 5105 5328 5031 5315 5459 4955 5016 5003 4643 5580 4794 5259 5473 5962 5224 5003 4834 5226 4926 4710 4795 5388 5451 4984 4607 4752 5280 5361 5247 4909 5132 5773 4975 4738 5096 5236 5361 5160 5069 5153 4987 5193 4690 5145 5326 5489 4719 5502 5307 5587 5352 5163 5003 5176 4989 5370 5145 4922 4795 5299 5081 5455 5155 5320 5533 5358 5113 5217 5227 5098 5370 4915 4920 5320 5216 5436 5074 5280 5187 5370 5723 5345 5485 5203 5290 5303 5010 4951 4967 5304 5210 5415 5458 4890 4785 5002 5202 4749 4999 5004 5085 4885 5129 5503 5061 5410 4930 5324 4723 5795 4759 5680 4833 5035 5473 5367 5188 5107 4936 5072 5122 5179 5438 6008 5331 5070 4643 4879 4901 4998 5100 5243 5152 5092 5260 5076 5033 5294 4784 5265 
6115 5606 5732 5397 5655 5850 5436 5727 5890 4939 5827 5245 6198 5569 5293 5584 5834 5664 5072 5578 5801 5458 5218 5525 5360 5660 5520 5224 5393 5167 5600 6050 5793 5472 5560 5365 5566 5365 5583 5390 5816 5805 6044 5672 5613 5268 5398 5602 5389 5889 5686 5515 5585 5818 5221 5525 5603 5451 5732 5801 5783 6030 5170 5791 5785 5608 5705 5809 5593 5417 5073 5849 5542 5634 5427 5954 5794 5233 5607 5543 5782 5486 5610 5686 5603 5286 5442 5459 5588 5583 5568 5566 4984 5398 5051 5594 5587 4967 5461 5364 5641 5691 5398 5444 5557 5681 5169 5479 5608 5503 5725 5662 5411 5686 5709 5705 5458 5611 5965 5839 5783 5311 5494 5581 5388 5734 5382 5702 5785 6122 5715 5599 5389 5668 5177 5184 5150 5960 5865 5481 5271 5353 5710 5834 5668 5725 5537 6333 5022 5247 5432 5632 5706 5540 5435 5375 5707 5360 5431 5599 5896 5993 5623 5818 5720 6077 5783 5601 5235 5538 5145 5732 5515 5208 5500 5457 5487 5963 5624 5639 5673 5948 5378 5709 5793 5292 6235 5222 5593 5528 5672 6056 5670 5547 5844 5638 6158 5356 5627 5681 5271 5591 5405 5549 5545 5630 5754 5924 5700 5719 5262 5346 5786 5488 5457 5450 5497 5414 5660 5364 5429 5837 5538 5857 5278 6189 5082 5824 5366 5518 5707 5493 5631 5647 5243 5578 5744 5759 5661 6308 5631 5726 5239 5287 5546 5335 5747 5924 6160 5331 5968 5604 5747 5532 5536 5616 
5546 4879 5334 5249 5173 5361 5168 5360 5385 4608 5311 4558 5671 5273 5158 5172 5174 5586 4575 5036 5272 5142 5067 5463 4920 5328 4980 5038 4894 4783 5145 5192 5347 4698 5252 4787 5050 5125 5193 5141 5261 5246 5442 5197 5005 5017 4799 5230 5199 5525 5137 5178 5138 5326 5132 4875 5423 5240 4922 5326 5321 5248 4536 5350 5195 5161 5221 5232 5213 4767 4718 5214 5096 5242 5164 5369 5492 4919 5141 5162 5245 5051 5388 5251 5246 5014 4903 5125 5049 5162 5149 5151 4834 5143 4767 5245 5062 4767 5377 4968 5255 5147 5194 4909 5443 5396 5150 5339 5251 4915 5210 5017 5215 5102 5039 5339 4930 5039 5175 5564 5395 5046 5150 5181 4986 5521 4525 5181 5239 5817 5200 5389 5074 5222 5085 4938 4807 5241 5531 5120 4720 5156 5402 5122 5244 5259 5217 5529 4726 4782 4998 5482 5295 5286 5144 5260 5274 5008 5092 5052 5075 5182 4985 5026 5173 5608 5689 5531 4947 5315 4821 5444 4992 5113 5128 5175 5168 5710 5416 5290 5487 5546 5156 5280 5330 4821 5513 4996 5108 5326 5462 5248 5307 5034 5152 5185 5770 5356 5700 5060 5014 5244 4994 5166 5202 5245 5364 5134 5387 5129 5037 5227 5387 5004 5172 4940 5229 5306 5057 5272 5239 5141 5298 5475 4751 5886 4769 5395 4919 5166 5308 5161 5145 5175 4892 5020 5185 5419 5193 5633 5295 5096 4854 4846 5177 4655 5124 5240 5338 5069 5661 4929 5187 4945 4931 5612 
4976 4252 5060 4569 4764 4936 4717 4731 4885 4124 4774 4298 5291 4904 4581 4572 4979 4767 4447 4717 4954 4681 4357 4774 4636 4788 4565 4642 4401 4668 4518 4992 5061 4646 4906 4338 4831 4830 4873 4734 4953 4790 4692 4889 4757 4586 4459 4795 4988 4974 4934 4882 4794 5001 4293 4526 4914 4577 4739 4746 5140 4781 4292 5208 4892 4680 4650 5014 4770 4378 4651 5097 4732 4750 4838 4762 4976 4334 4699 4872 4973 4596 4722 4653 4787 4418 4270 4622 4501 4654 4609 4681 4397 4673 4487 4942 4830 4199 4660 4487 4692 4846 4920 4285 5013 4814 4511 4778 4845 4862 5002 4480 4555 4417 4924 5088 4664 4810 4858 4760 4930 4581 4655 4316 4533 4821 4526 4758 5040 5319 4617 4790 4785 4895 4739 4423 4393 4870 5148 4623 4533 4424 4980 4876 5056 4543 4733 5226 4618 4555 4705 4773 5017 4751 4687 4630 4978 4415 4610 4607 4699 4844 4714 4716 4895 5181 5239 4872 4657 4704 4656 4893 4457 4765 4474 4743 4693 5249 4845 4653 5093 5154 4366 5144 5058 5025 5024 4600 4690 4692 4840 5056 4958 4498 5110 5069 4945 4665 5060 4849 4693 5123 4612 4527 4715 4873 4630 4870 5175 4715 4627 4965 4952 4522 4486 4668 4636 4535 4771 4665 4945 5050 4514 4978 4411 4983 4708 5150 4608 4523 5055 4645 4806 5069 4563 4794 4548 4864 5103 5214 4788 4691 4584 4716 4743 4381 4802 5027 5029 4825 5160 4781 4619 4619 4597 5048 
4859 4537 5055 4616 4822 5154 4526 4934 4970 4375 4809 4481 5034 5309 4839 4826 4913 4969 4453 4786 5038 4707 4375 4926 4761 4646 4634 4515 4394 4501 4894 4971 5060 4782 5035 4627 4524 4734 4829 4730 5065 4988 4910 5028 4624 4589 4578 4609 4889 5081 4733 5016 4726 4743 4705 4589 5009 4611 4885 4888 4842 5035 4333 5155 4896 4679 4767 4851 4848 4537 4645 4988 4807 4933 4772 5128 5268 4598 4793 4718 5063 4573 4687 4883 4881 4669 4447 4563 4384 4827 4607 5008 4596 4623 4513 4807 4549 4368 4752 4511 4816 4872 4781 4897 4865 4941 4500 4978 4900 4686 5003 4659 4514 4746 4660 4946 4664 4464 4766 4783 5150 4318 4654 4634 4678 4865 4424 4631 4826 5463 4893 4724 4608 4719 4615 4390 4770 4959 5300 4611 4297 4601 4814 5050 4907 4980 4704 5188 4426 4349 4812 5072 5065 4973 4809 4613 4878 4703 4713 4983 5017 4894 4705 5150 4891 5053 4884 4660 4319 4705 4621 4900 4611 4765 4587 4822 4810 5472 4605 4622 5119 5315 4793 5215 5121 4834 4917 4484 4537 4995 4710 5114 4982 4933 4713 4912 5053 4860 5105 4781 4713 4966 4972 4925 4586 4639 4956 5001 5047 4750 4746 4897 4822 4367 4753 4624 4911 4597 4796 4800 4975 4840 4619 4843 4534 5189 4336 5230 4718 4750 4980 4805 5143 4792 4354 4570 4734 5150 4739 5554 4749 4692 4430 4438 4846 4378 4967 4862 5140 4442 4829 4641 4728 4846 4690 4762 
5458 5436 5701 5492 5456 5805 5472 5608 5762 4757 5356 5088 5838 5641 5357 5343 5790 5503 5025 5481 5875 5381 4953 5389 5172 5525 5249 4999 5189 4984 5503 5653 5830 5309 5597 5485 5469 5335 5406 5671 5763 5423 6160 5634 5372 5026 5165 5508 5364 6002 5317 5395 5592 5509 5409 5319 5564 5094 5212 5679 5384 5879 4920 5598 5868 5348 5260 5585 5309 5204 5249 5779 5437 5788 5113 5882 5964 5502 5480 5375 5615 5265 5470 5586 5630 5489 5128 5310 5342 5326 5568 5593 5145 5373 5354 5486 5644 4948 5260 5040 5511 5498 5579 5318 5605 5628 5222 5534 5605 5531 5742 5325 5247 5323 5385 5689 5169 5101 5573 5719 5823 5180 5343 5152 4989 5539 4930 5494 5456 6308 5782 5519 5366 5408 5158 5095 5144 5913 5524 5186 5195 5561 5749 5689 5554 5412 5545 6042 5085 4812 5261 5578 5741 5504 5477 5116 5809 5367 5451 5375 5644 5529 5197 5648 5602 5756 5826 5738 5080 5435 5096 5839 5501 5275 5116 5398 5460 5982 5365 5340 5821 5740 5113 5473 5831 5450 5744 5300 5411 5150 5591 5813 5614 5439 5490 5502 5774 5408 5605 5336 5398 5365 5491 5265 5548 5320 5798 5856 5593 5285 5236 5465 5682 5313 5362 5116 5501 5423 5376 5517 5430 5617 5291 5558 5004 6163 4927 5892 5182 5342 5853 5644 5461 5525 5228 5339 5913 5816 5719 5906 5274 5268 5058 5123 5380 5145 5284 5639 5651 5238 5514 5410 5360 5312 5222 5656 
5245 4932 5303 4862 5196 5499 5035 5090 5083 4702 4992 4822 5710 5306 4760 4961 5131 5297 4623 5131 5384 4986 4787 5102 4551 5079 4813 4610 4511 4774 4909 5124 5254 4872 5174 4703 5072 5267 5029 5163 5192 5436 5263 5273 4970 4802 4721 5229 5004 5353 4978 5201 5153 4805 4750 4939 5259 4896 5152 5076 5162 5513 4430 5400 5194 5067 5192 5300 4967 4724 4997 5384 4927 5110 5170 5305 5309 4863 5226 5026 5136 4774 5175 5258 5095 5095 4642 4914 4912 5056 4926 4985 4640 4856 4933 4913 5002 4683 5259 4839 4954 5047 5045 4951 5353 5108 4940 5271 5038 4899 5205 4650 5017 4868 5144 5249 5113 5167 5237 5155 5637 4897 4741 4693 4945 5328 4605 4940 5415 5527 5282 4687 5004 5076 4802 4707 4904 5401 5353 5124 4681 4864 5380 5245 5183 5006 5226 5548 4623 4616 5025 5078 5160 5327 5037 4663 5096 4793 4927 5010 5343 5460 4624 4854 5203 5413 5256 5184 4820 4993 4914 5310 4717 4930 4763 5145 4948 5644 5082 5123 5365 5647 5181 5254 5256 5123 5302 4583 4882 5219 4903 5280 5140 4787 5531 5189 5387 5016 5470 4873 4880 4958 4830 4925 4873 4915 5078 5463 5112 5048 4721 5009 5196 4802 4811 4724 4921 4969 5159 5012 5301 5158 4993 5263 4510 5945 4742 5226 4906 4916 5364 5059 5097 4935 4738 4815 4943 5330 5148 5377 5338 4872 4648 4843 5162 4830 4979 5154 5301 4676 5146 4873 4874 4765 4922 5320 
5599 5021 5707 5159 5374 5681 5185 5538 5570 4597 5333 4911 6047 5718 4934 5167 5639 5505 4747 5056 5625 5441 5026 5073 5190 5578 5102 5235 5138 5087 5335 5537 5597 5241 5258 5032 5220 5325 5237 5143 5493 5468 5586 5374 5222 4974 5195 5412 5236 5614 5712 5487 5330 5465 5078 5268 5209 5242 5355 5454 5325 5672 4739 5435 5327 5356 5357 5222 5390 5102 5094 5739 5299 5537 5372 5390 5572 5150 5355 5328 5348 5705 5414 5358 5264 5012 4979 5133 5247 5414 4879 5307 4893 5233 4942 5386 5374 4684 5204 5215 5298 5551 5344 4902 5400 5521 4962 5150 5363 5166 5456 5299 5158 5296 5332 5711 5159 5105 5389 5477 5518 5054 5043 4824 5327 5234 5006 5336 5523 5810 5588 5394 5362 5268 4963 5148 4879 5443 5564 5259 5009 5112 5693 5600 5567 5455 5083 5913 4866 4917 5304 5538 5509 5180 5250 4917 5548 5149 5147 5399 5488 5577 5084 5647 5482 5668 5501 5353 4969 5348 5309 5476 5126 5279 5096 5028 5072 5797 5482 5198 5475 5773 5050 5689 5594 5588 5700 5194 5328 5449 5537 5650 5493 5405 5332 5569 5786 5490 5599 5350 5188 5277 5342 5259 5327 5389 5468 5775 5526 5348 5039 5625 5842 4977 4973 5292 5248 5075 5392 5376 5321 5412 5347 5352 5133 6031 4917 5588 5180 5364 5640 5242 5341 5197 5180 5302 5200 5484 5356 5898 5095 5284 4964 4946 5085 4857 5468 5636 5550 5395 5801 5381 5134 5064 5337 5472 
5586 5262 5315 4831 5176 5408 5071 5186 5310 4567 4994 4852 5846 5623 4961 4839 5260 5271 4880 5141 5233 4936 4728 5112 5297 4890 4984 4866 4766 4549 5161 5379 5590 5071 5368 4915 5152 5159 5289 5146 5369 5390 5634 5319 5145 4830 5104 4901 5156 5692 5063 5320 5284 5035 5179 4849 5230 5007 5249 5170 5097 5443 4436 5521 5283 5016 4903 5528 5113 4851 4811 5615 5139 5425 4929 5527 5456 4870 4988 5042 5160 4985 5056 5334 5049 5198 4764 5003 4842 5178 5025 5334 5102 5091 4769 5407 5095 4594 4990 4777 5098 4903 5174 5187 5445 5249 4897 5228 5124 5059 5165 4742 4969 5334 5020 5278 4768 5017 5091 5467 5483 4807 5240 4732 4990 5320 4572 5119 5503 5654 5330 5271 4907 5312 4950 4775 4670 5475 5367 4932 4819 5006 5203 5576 5472 5085 5075 5748 4654 4761 4937 5100 5267 5132 5039 4810 5386 5129 5102 4970 5301 5193 4840 5294 5163 5530 5457 5212 4615 5109 4673 5367 5104 4965 5165 5006 5048 5599 4941 5033 5410 5640 4791 5425 5220 5085 5217 4911 5239 5101 5263 5421 5135 5256 4877 5348 5749 4891 5387 5117 5036 5240 5163 5134 4954 4917 5320 5234 5623 5006 5083 5142 5134 4638 4849 4793 5025 5050 5142 5193 5283 5517 4739 5278 4736 5886 4704 5959 5139 4969 5398 5261 5223 5169 4820 4997 5372 5496 5669 5720 5349 4847 4778 4787 5137 4688 4973 5383 5350 5126 5307 4929 5347 4965 4780 5171 
5412 5073 5626 5204 5442 5749 4956 5375 5428 4663 5319 5103 5678 5471 5073 5218 5336 5659 4846 5353 5564 5278 4923 5331 5283 5252 5187 5133 5092 4863 5371 5600 5569 5209 5242 5262 5288 5139 5646 5189 5389 5351 5511 5471 5371 4800 5001 5346 5170 5649 5296 5325 5412 5507 5415 5045 5167 4917 5291 5363 5526 5636 4719 5804 5423 5197 5396 5409 5287 4887 4800 5738 5236 5581 4926 5418 5529 4937 5202 5483 5546 5278 5241 5305 5229 5160 5036 5161 5263 5430 5210 5517 4934 5292 5117 5403 5458 5041 5121 5253 5616 5448 5408 5063 5393 5572 5218 5560 5512 5382 5370 5066 5252 5307 5396 5649 5188 5134 5440 5503 5700 4829 5299 4905 5193 5565 4963 5003 5437 6070 5532 5259 5370 5180 4976 4830 5043 5400 5715 5113 4953 5074 5487 5543 5612 5235 5451 5967 5047 5100 5096 5305 5690 5273 5306 5161 5339 5173 5029 5155 5323 5392 5090 5344 5480 5709 5634 5380 5023 5120 5076 5628 4983 5120 5089 5160 5137 5794 5300 5290 5439 5822 5045 5549 5600 5209 5708 5177 5568 5144 5439 5628 5395 5308 5293 5585 5726 5260 5531 5236 5300 5449 5409 5358 5280 5259 5596 5568 5581 5365 5007 5267 5282 5088 5219 5312 5050 5201 5110 5497 5458 5579 5231 5342 4997 5919 4884 5815 5100 5336 5602 5228 5374 5223 5216 5173 5161 5625 5455 5991 5284 5480 4907 5021 5368 4831 5506 5408 5611 5246 5534 5157 5217 5401 5009 5383 
5531 5208 5689 5402 5483 6023 5359 5543 5430 4890 5097 5068 6133 5567 5476 5041 5499 5670 5214 5588 5683 5360 4861 5324 5162 5375 5076 5194 5058 5074 5345 5743 5661 5397 5484 5377 5398 5570 5480 5516 5813 5723 5795 5643 5200 5353 5240 5591 5691 5959 5593 5480 5330 5593 5392 5261 5716 5375 5232 5513 5350 5669 4917 5816 5588 5288 5212 5720 5441 4977 5118 5903 5401 5635 5316 5742 5692 5299 5573 5593 5628 5469 5442 5465 5598 5586 5238 5371 5385 5507 5335 5235 5129 5395 5141 5484 5759 4955 5667 5263 5503 5521 5493 5134 5702 5412 5134 5449 5836 5458 5473 5095 5274 5305 5544 5825 5411 5416 5134 5474 5677 5157 5449 5042 5175 5574 4791 5626 5696 5862 5571 5539 5456 5549 5074 5257 5086 5572 5825 5110 5204 5341 5734 5594 5736 5363 5465 6107 5225 5113 5446 5681 5649 5413 5224 5356 5682 5360 5308 5322 5741 5595 4987 5644 5720 5774 5753 5613 4938 5522 5389 5608 5273 5332 5240 5318 5213 5726 5468 5414 5933 6027 5146 5817 5527 5405 5701 5193 5626 5238 5501 5923 5465 5533 5721 5710 6052 5405 5634 5473 5477 5589 5661 5492 5460 5378 5666 5697 5754 5139 5050 5530 5547 4976 5187 5256 5567 5342 5565 5491 5494 5398 5260 5773 5122 6069 5141 5926 5476 5186 5669 5502 5776 5421 5415 5442 5500 5413 5898 6265 5684 5379 5142 5377 5603 5045 5567 5749 5839 5343 5905 5564 5524 5460 5563 5726 
5280 4638 5133 4965 5366 5308 5253 5260 4848 4449 5022 4829 5651 5257 5034 4937 5293 5371 4795 4857 5268 5097 4801 5069 4902 5143 4647 4984 4715 4761 5076 5254 5197 5121 5152 4945 4988 5141 5230 5057 5278 5048 5498 5230 5002 5112 4660 5064 5045 5312 4954 5197 4835 5059 5045 4968 5324 4835 5244 5186 5045 5238 4656 5365 5079 5020 4921 5282 4835 4611 4682 5071 4796 5255 5058 5414 5331 4856 5229 5103 5214 5072 5066 4996 5028 4755 5053 4825 4950 5306 4759 4882 4566 4911 4851 5017 5035 4596 5082 4776 4977 5170 5120 4801 5170 5055 4698 5212 5224 5094 5257 5036 4972 4887 4888 5562 4891 5203 5152 5285 5377 4685 5010 4821 5023 5243 4418 4929 5162 5694 5241 4885 5110 5031 4676 4904 5055 5294 5691 4868 4760 5089 5360 5297 5205 5008 5073 5587 4902 4857 5016 4900 5558 5004 5044 5098 5238 5223 5067 5008 5250 5418 4992 5234 5159 5291 5353 5188 4736 5077 4793 5165 4971 5061 4830 5409 4775 5750 5037 5010 5276 5331 4817 5234 5093 4699 5496 4790 4988 5204 5118 5406 5246 5116 4795 5186 5621 5159 5260 5181 5188 5015 5107 5236 4950 4953 5160 5250 5523 4994 4923 5025 5156 4819 5009 4868 5016 4916 5113 5143 4939 5140 4980 5201 4855 5697 4801 5472 4909 4888 5339 5037 5315 5024 4754 4927 4939 5329 5357 5759 4917 5214 4735 4833 5080 4630 5445 5194 5286 5169 5520 4813 5028 4914 4972 5320 
5744 5276 5787 5276 5600 5682 5366 5621 5757 4946 5382 5134 5855 5675 5182 5248 5660 5776 5099 5296 5791 5238 5164 5457 5232 5492 5137 5290 5188 5055 5514 5627 5667 5087 5391 5262 5347 5528 5410 5324 5527 5670 5890 5616 5408 5262 5184 5417 5497 5865 5445 5634 5360 5491 5284 5093 5521 5500 5322 5372 5405 5886 4791 5988 5603 5153 5418 5305 5510 5107 5084 5682 5274 5251 5292 5639 5524 5023 5442 5239 5600 5230 5227 5519 5443 5149 5197 5292 5543 5449 5201 5382 5128 5323 5094 5350 5239 4965 5327 4797 5505 5464 5439 5220 5508 5737 5351 5640 5552 5385 5609 5120 5183 5417 5749 5707 5352 5300 5448 5689 5719 4934 5564 5065 5146 5657 4973 5274 5418 6199 5307 5567 5428 5565 5032 4948 5231 5693 5707 5146 5080 5459 5681 5656 5464 5469 5645 6046 4935 4992 5369 5483 5538 5491 5286 5417 5515 5264 5489 5572 5591 5477 5091 5714 5557 5946 5638 5196 5194 5317 5142 5800 5472 5393 5562 5662 5365 5916 5295 5399 5722 5893 5114 5689 5763 5449 5710 5307 5400 5283 5496 5379 5452 5528 5522 5393 5749 5328 5790 5710 5070 5440 5463 5764 5479 5152 5652 5618 5636 5257 5198 5445 5536 4864 5127 5340 5307 5250 5445 5327 5500 5478 5373 5629 5066 6105 4788 5829 5150 5444 5704 5317 5490 5396 5024 5303 5200 5417 5488 6146 5610 5572 4977 5342 5453 5186 5557 5523 5661 5510 5501 5371 5339 5359 5209 5608 
5119 4715 5199 4860 5268 5218 4703 5221 5079 4727 4788 4742 5494 5210 4780 4820 5380 5264 4686 4946 5279 5029 4722 4751 4753 5014 4879 4792 4789 4952 5045 5385 5288 5031 5144 4920 4905 5147 4929 5140 5036 5423 5232 5373 4975 4825 4713 5193 5030 5629 5005 5433 4977 5132 5015 4946 5163 4848 5021 5182 5060 5187 4498 4996 5313 5019 5118 5205 5041 4889 4717 5170 5033 5126 4896 5323 5390 4924 5027 4737 5289 4970 5117 5156 5152 4859 4926 4736 4854 4896 5113 5168 4510 4970 4605 5093 5153 4409 5051 5031 4972 5056 5141 4757 5317 5133 4952 5184 5187 4899 5156 5053 4742 5050 5318 5319 4832 4889 5155 5174 5627 4858 5071 4664 4789 5397 4695 5005 5244 5442 5165 5070 5176 4985 4919 4717 5024 5235 5297 4790 4681 4915 5151 5545 5324 5196 5113 5583 4934 4714 4900 5032 5365 4998 4715 4578 5361 4764 5033 5063 5236 5099 4712 5190 5268 5328 5312 5262 4756 4967 4943 5177 5151 4938 4796 4966 4863 5521 5000 4956 5450 5528 5080 5399 5030 5097 5259 4734 4942 4949 5217 5402 5322 5120 5209 5248 5421 5018 5199 5112 5013 5148 4943 5040 5017 4902 5281 5387 5226 4927 4841 5063 5546 4925 5236 4746 5252 4991 4899 5227 4927 5111 4820 5264 4781 5673 4861 5344 4835 4872 5344 5189 5055 5071 4804 4879 5138 5213 5421 5679 5016 4943 4666 4779 5040 4700 5235 5346 5453 4821 5094 5211 4928 5116 4838 5289 
5285 4701 5100 4880 4995 5422 4874 4926 5004 4550 4791 4711 5559 5177 4555 4773 5077 5236 4461 4743 5259 4957 4522 5230 4648 4789 4673 4607 4480 4647 4891 5342 5192 4617 5027 4598 5075 5206 4906 4947 5082 5294 5252 5089 4732 4694 4620 5267 4752 5060 4954 5128 5142 4854 4777 4787 5294 4997 4972 5026 4943 5082 4144 5309 4997 4850 4823 4929 4892 4431 4659 5283 4783 4900 4790 5336 5316 4858 4958 5006 5142 5102 4596 4945 4896 4993 4555 4637 5115 4904 5016 4952 4357 4907 4762 5022 5011 4586 4922 4944 4905 4653 5097 4918 4963 4908 4479 5053 5239 4711 4767 4682 4710 4729 5020 5071 4728 4929 4798 4791 5091 4285 5003 4645 4700 5094 4552 4909 4947 5400 5099 4863 4960 4907 4711 4594 4768 5101 5243 4745 4676 4966 5007 5296 5023 4856 5077 5489 4627 4484 4715 4944 5166 5026 4844 4764 5055 4856 4766 4776 5073 5322 5029 5307 5157 4959 5370 4777 4545 4967 4685 5187 4692 4734 4887 4688 4768 5323 4979 4956 4981 5312 4780 5090 4941 4878 5449 4824 4760 4960 4912 5183 5060 4927 4856 4978 5390 5013 5335 4983 4815 4698 4835 4790 4839 4961 4971 5190 5241 4840 4570 4880 5055 4561 4924 4688 4870 4991 4640 4802 4935 4818 4708 4768 4462 5723 4637 5278 5037 4762 4933 5015 5120 4722 4641 4632 4866 5154 5161 5626 5050 4868 4493 4644 4949 4701 4936 5142 5197 5074 4973 4732 4775 4658 4836 5280 
5251 4818 5536 4869 5130 5414 5162 4997 5358 4779 4917 4738 5578 5254 4994 4995 5367 5431 4733 4782 5400 5175 4754 5165 5145 4987 4792 4805 4736 4488 4916 5361 5225 4936 5397 4525 5147 5026 5045 5220 5260 5255 5466 5196 4957 4788 4614 5216 4999 5381 4910 5112 4907 5250 4830 4845 5243 5039 5124 5130 5377 5122 4462 5585 5140 4680 5150 5294 5101 4638 4947 5268 5182 5091 5006 5328 5283 4661 5156 4965 5319 5285 5011 5250 5024 4909 4611 5023 4727 5162 4940 5041 4740 5165 4845 5216 4987 4601 4961 4818 5079 4904 5188 4940 5287 5329 4690 4923 5126 4900 5317 4925 5045 4924 5029 5317 4916 5106 5090 5192 5305 4715 5093 4977 4881 5252 4573 4922 5154 5623 5269 5107 4977 5427 4964 4825 4795 5301 5471 5007 4565 4937 5288 5286 5391 5125 5144 5528 4405 4742 4974 5247 5491 5124 4883 4369 5470 4989 4803 5188 5262 5345 4885 5186 5291 5412 5337 4764 4656 4963 4718 5365 5035 4728 5089 4924 4991 5612 5007 4970 5139 5522 5040 5214 5075 5063 5405 4683 5277 4924 5112 5216 4932 5179 5168 5205 5491 4814 5176 5057 4963 5124 5111 4996 4971 5071 5323 5354 5388 4963 4860 4952 5167 5015 4971 4638 5072 5034 5006 5278 5047 5191 4908 5072 4804 5617 4671 5545 5088 4870 5228 4930 5294 5021 4841 4564 5044 5355 5187 5600 4805 4936 4657 4870 5058 4672 5065 5391 5465 4992 5113 4930 4917 4718 4706 5449 
5466 4702 5354 4950 5248 5320 4701 5340 5196 4584 4973 4922 5431 5136 5001 4919 5201 5275 4551 5286 5261 5105 4950 5081 5022 4889 4838 4953 4912 4588 5017 5338 5471 4924 4900 4672 5260 4954 5028 5045 5444 5430 5404 5355 5109 4812 4969 4969 5242 5320 5200 5201 5116 5059 4816 4913 5314 4967 5054 5051 5163 5221 4579 5348 5191 4994 4805 5378 5140 4673 5063 5344 4869 5162 5109 5590 5375 4703 5080 4817 5370 5227 4952 5211 5091 5063 4667 4979 5209 5208 5055 4918 4575 4967 5020 5234 4994 4720 4929 4781 5064 4900 4997 4843 5260 5084 4834 5231 5368 5127 5293 5060 4885 5129 5264 5401 4968 5023 5249 5222 5278 4735 5081 4869 4923 5217 4654 4948 5339 5597 5154 5075 4972 5128 4759 4816 4781 5222 5560 4642 4716 5143 5407 5404 5267 5053 5325 5719 4889 4588 5157 5142 5453 4965 4970 4930 5076 4715 5045 5095 5326 5307 4863 5084 5272 5484 5441 5214 4870 4806 4716 5158 4714 5034 5064 5228 5093 5613 4920 5174 5294 5288 4701 5340 5171 5136 5461 5166 5162 5199 5221 5250 5206 5102 5268 5090 5232 5000 5239 5228 5078 5076 5258 5238 5151 4904 5370 5165 5336 5269 4900 4957 5351 4794 5004 5098 5220 4719 5384 5133 4982 5182 4850 5252 4971 5508 5069 5431 5031 4839 5622 5165 5170 4989 4962 5080 5360 5094 5191 5705 5174 5114 4893 4801 5319 4592 5232 5240 5629 5042 5253 4988 4893 4758 4846 5488 
5553 5221 5852 5206 5729 5826 5383 5354 5533 4985 5424 5211 5956 5601 5335 5079 5760 5679 5151 5383 5623 5347 5150 5271 5236 5478 5292 5313 5062 5173 5072 5662 5730 5280 5623 5327 5576 5333 5514 5342 5631 5824 5870 5583 5558 5177 5226 5496 5459 5842 5479 5406 5538 5264 5251 5180 5696 5377 5688 5801 5497 5662 4983 5986 5642 5387 5635 5601 5277 5186 5372 5918 5339 5694 5472 5963 5994 5192 5339 5358 5965 5460 5525 5430 5343 5335 5121 5353 5569 5569 5331 5471 5097 5269 5361 5335 5598 4899 5508 5029 5555 5732 5330 5535 5492 5531 5012 5493 5310 5515 5740 5089 5384 5334 5367 5846 5271 5247 5577 5679 5689 5195 5300 5088 5035 5628 4999 5535 5722 6284 5480 5317 5340 5429 5334 5403 5286 5648 5660 4893 5326 5100 5950 5645 5347 5533 5250 6214 5095 5223 5282 5496 5752 5094 5415 5231 5438 5536 5481 5406 5461 5443 5325 5777 5470 5805 5639 5609 5290 5419 5362 5693 5183 5358 5121 5449 5552 6157 5386 5443 5787 5604 5284 5622 5794 5133 5590 5149 5352 5676 5586 5842 5714 5694 5724 5451 5851 5684 5476 5503 5721 5431 5280 5552 5428 5253 5713 5819 5911 5320 5068 5236 5698 5202 5219 5323 5479 5336 5529 5564 5421 5792 5236 5468 5090 6104 5083 5956 5446 5305 5882 5295 5521 5602 5203 5265 5257 5618 5734 5995 5400 5549 4888 5269 5546 4876 5520 5503 5909 5123 5740 5424 5265 5623 5165 5800 
5239 4805 5186 4934 5276 5651 5096 4914 4959 4630 4935 4766 5721 5461 5054 4813 5271 5272 4879 5146 5278 4788 4854 5018 5022 5166 4894 4876 4914 4831 4855 5122 5323 4858 4927 5051 5011 5065 5308 5222 5095 5298 5429 5086 4870 4983 5102 5143 5114 5558 5146 5141 5131 5130 4969 5091 5331 4898 4872 5263 5071 5555 4565 5394 5065 5062 5054 5342 4918 4592 4879 5351 5245 5346 4976 5364 5270 4977 4892 4898 5246 5101 5193 4980 5281 5080 4939 4755 5224 5063 5269 5039 4718 4962 5035 5045 5110 4995 5093 4882 4824 5076 4837 4992 4968 5232 5056 5301 5546 5062 5117 4750 5080 4886 5148 5323 4843 4936 4959 5278 5369 4742 4732 4873 4878 5279 4473 4990 5411 5962 5181 5056 5076 5114 4889 4782 4880 5535 5436 4819 4829 5224 5394 5420 5493 5083 5326 5761 4667 4835 5151 5050 5358 5110 4998 4848 5308 4774 5036 4908 5255 5295 5039 5184 5158 5465 5455 5300 4720 5043 5105 5289 5087 4951 5064 5040 5101 5582 5210 4757 5590 5524 4749 5148 5408 4895 5409 5031 4813 5110 5190 5232 5057 5077 4967 5259 5478 5053 5511 5295 4775 5018 5181 4921 5011 4965 5221 5222 5296 5063 4882 5011 4993 4770 4961 4975 5344 4871 5146 5020 5129 5277 5114 5225 5020 5582 4888 5757 5089 5243 5256 5211 5039 5170 4962 4982 5325 5298 5316 5668 5166 5089 4578 4935 5354 4954 5326 5204 5344 5058 5203 4918 5124 5411 4870 5069 
4958 4559 5052 4805 4962 5092 4711 5138 4919 4302 5041 4645 5252 5165 4854 4783 5065 5183 4601 4848 4935 4831 4515 4977 4611 4649 4711 4645 4571 4492 4909 4887 4983 4736 4789 4753 4696 4920 5012 4852 4987 4721 5202 4975 4728 4740 4475 5062 4796 5023 4710 4888 4832 4886 4812 4590 4858 4680 4735 4984 4861 5166 4210 5257 4936 4689 4971 4934 4558 4533 4237 5248 4830 4688 4714 5248 4894 4659 4964 4946 4956 4523 4528 4955 4907 4751 4606 4529 4891 4885 4699 4678 4614 4578 4663 4926 4741 4503 4759 4773 4706 4809 4823 4863 4837 4980 4541 5060 5107 4791 4787 4495 4672 4883 4795 5116 4824 4630 4767 4980 5216 4509 4478 4715 4688 5028 4230 4831 4987 5248 5093 4742 4520 4738 4417 4118 4886 5021 5122 4510 4555 4887 5080 5132 5024 4844 4899 5381 4650 4552 4800 4821 4946 4564 4527 4771 5148 4778 4593 4784 4926 4785 4470 4995 5159 5225 5152 5077 4346 4878 4429 4546 4849 4525 4774 4840 4702 5442 4720 4796 5128 5136 4655 4960 4956 4715 5060 4569 4663 4982 5082 5101 4869 4949 4929 5191 5249 4709 4958 4702 4803 4791 4553 4767 4873 4767 4881 5166 5204 4760 4658 4665 4934 4569 4758 4571 4550 4761 4733 4953 4999 5092 4645 5132 4506 5531 4370 5149 4753 4695 5060 4753 4908 4810 4584 4668 4734 5139 4958 5484 4875 5017 4459 4515 4820 4413 4919 5028 4853 4663 5008 4826 4809 4803 4433 4669 
5680 4962 5361 5225 5378 5709 5154 5510 5321 4792 5284 4898 5673 5570 5297 5231 5286 5648 4782 5348 5402 5322 4798 5419 5110 5289 5033 5008 5225 5096 5312 5676 5616 5028 5333 4986 5510 5045 5233 5154 5206 5449 5515 5648 5200 5148 5188 5359 5126 5501 5495 5493 5332 5329 5169 5255 5499 5040 5266 5371 5766 5517 5005 5596 5319 5420 5301 5340 5474 5017 4887 5653 5211 5482 5295 5745 5675 5085 5336 5285 5480 5219 5436 5074 5257 5176 5083 4838 5310 5562 5167 5472 5046 5394 4965 5402 5405 4861 5222 5139 5120 5072 5078 5098 5411 5290 5046 5284 5239 5153 5139 4964 5090 5082 5423 5392 5088 5378 5407 5352 5378 4934 5299 4987 5121 5521 4652 5243 5518 5843 5507 5595 5369 5362 5109 4787 4982 5403 5735 4909 4938 4849 5359 5768 5374 5516 5410 5870 4783 4701 5177 5688 5249 5397 5244 5142 5436 5228 5158 5107 5480 5308 5213 5512 5683 5579 5624 5244 4934 5338 5086 5352 4903 5426 4975 5201 5112 5733 5350 5225 5375 5603 5317 5553 5484 5172 5525 5120 5275 5455 5422 5494 5373 5219 5489 5335 5460 5470 5638 5505 5203 5240 5207 5550 5306 5282 5445 5399 5673 5314 4910 5396 5378 4922 5009 5117 5020 4934 5151 5370 5297 5553 5222 5475 4864 6017 5180 5625 5186 5177 5432 5397 5359 5401 4775 5305 5230 5251 5522 5994 5479 5353 4956 4858 5437 4830 5438 5323 5617 5203 5431 5364 5070 5159 5058 5487 
5347 4680 5303 5191 4985 5567 5198 4973 5252 4657 4879 4473 5636 5167 5036 4991 5514 5467 4630 5108 5328 5177 4691 5022 5165 5252 4954 4933 4894 4699 5002 5378 5075 5169 5250 4903 5170 5038 5296 4979 5460 5253 5587 5164 5034 4808 4820 5046 5254 5306 5269 5228 5215 5227 4741 4744 5063 4983 5178 5188 5368 5190 4641 5551 5333 4859 5087 5413 4889 4835 4905 5290 5242 4704 5007 5356 5340 4949 5133 5078 5261 5119 5057 5201 4876 5148 5104 4889 5128 5190 5060 5014 4714 4790 4965 5035 5144 4506 5279 4592 4658 5469 5181 4848 5190 4866 4616 5091 5372 4765 5243 5084 4930 4928 5126 5683 4986 5011 5147 5320 5436 4855 5184 4868 4861 5200 4659 5063 5129 5788 5314 5355 4946 5219 4733 4903 4726 5279 5553 4655 4715 4977 5196 5031 5228 5164 5075 5767 4811 4701 5037 5372 5537 5209 5023 5222 5280 5076 4820 5109 5256 5293 4911 5404 5249 5414 5339 5077 4875 5070 4641 5410 5065 5022 5112 5021 5003 5732 5185 5152 5416 5706 4734 5365 5278 5163 5042 4791 4912 5172 5153 5223 5113 5244 5304 5043 5445 5152 5240 4912 5104 5060 5011 5308 5194 5042 5353 5372 5328 4870 4597 4834 5301 4879 5019 4881 4991 4915 5127 5081 5033 5221 4877 5144 4798 5559 4631 5439 4974 5160 5272 5207 4990 4969 4817 5045 5120 5356 5185 5731 5061 5311 4877 4844 5087 4901 5398 5208 5389 4991 5255 5048 5208 5337 4876 5498 
5233 4675 5443 4421 4776 5319 4962 4760 4977 4648 4955 4598 5621 5263 4597 4846 5040 4822 4601 4901 5169 4882 4799 4732 4553 4717 4702 4872 4543 4788 4912 5222 5312 4978 5119 4521 4662 5084 4809 4934 5327 5017 5200 4998 4670 4577 4576 5007 4785 5308 4898 4787 5056 5045 4882 4600 4989 4763 4626 4949 4946 5356 4123 5173 5265 4840 4692 5252 4879 4681 4499 4982 4998 4811 4982 5478 5196 4711 4812 5112 5318 4827 4909 4999 4837 4696 4477 4553 4716 4982 4836 4939 4752 4743 4652 4919 4862 4438 5014 4602 4965 4752 4809 4727 5094 5104 4775 4861 5267 4945 5003 4571 4783 4888 4891 5138 4894 4643 4716 4847 4957 4715 4733 4582 4707 4740 4333 4912 5190 5538 5124 4800 4687 4705 4760 4668 4447 4928 4979 4685 4349 4575 5215 4997 5425 4989 5075 5371 4614 4643 4899 4869 5135 4711 4717 4618 5344 4775 4683 4739 5080 5146 4564 4974 4924 5187 5091 5220 4510 5041 4718 4929 4567 4973 4733 4842 4903 5396 5088 4947 5229 5231 4901 5009 5043 4884 5129 4828 4772 5026 5162 5360 5153 4860 5037 5221 5584 4703 5042 4752 4747 5078 4726 4869 4869 4999 4934 5401 5224 4647 4620 4697 5265 4671 4856 4807 4920 4976 5196 5239 4794 5124 4377 5230 4867 5229 4652 5532 4889 4712 5261 4784 4827 5070 4998 4817 4782 5201 5180 5453 4714 4928 4764 5086 4878 4553 5087 5255 5355 4679 5305 4746 4633 4921 4630 4770 
5593 5160 5619 5349 5483 5774 5462 5868 5637 5093 5444 5069 5821 5491 5334 5360 5615 5483 4876 5198 5725 5458 5194 5202 5127 5405 4984 4985 5043 5030 5448 5680 5500 5261 5421 5207 5264 5569 5378 5381 5887 5714 5835 5659 5064 5271 5157 5986 5342 5697 5330 5614 5348 5309 5387 5129 5515 5155 5495 5495 5551 5628 4690 5886 5538 5256 5267 5569 5409 5070 5320 5770 5294 5435 5311 5824 5620 5192 5336 5453 5775 5273 5287 5453 5210 5232 5357 5403 5380 5716 5252 5524 5093 5208 5095 5333 5625 4949 5362 5068 5486 5434 5293 5330 5522 5669 5321 5794 5437 5284 5374 5147 5357 5266 5440 5801 5411 5280 5475 5563 5644 5395 5416 5168 5218 5586 4873 5521 5410 6181 5537 5364 5287 5422 4959 5193 5247 5582 5820 5151 5093 5260 5514 5481 5591 5515 5429 5976 5027 5184 5253 5358 5625 5139 5310 5367 5677 5275 5066 5452 5498 5551 5267 5828 5635 5603 5410 5685 5109 5368 5066 5360 5361 5328 5624 5408 5230 6039 5384 5423 5815 5769 5338 5695 5445 5443 5676 5192 5381 5527 5259 5827 5521 5528 5490 5496 5804 5160 5592 5170 5389 5535 5066 5606 5257 5254 5462 5704 5660 5261 5397 5174 5463 5104 5585 5191 5508 5511 5309 5608 5467 5797 5005 5587 5234 5989 4964 5918 5354 5546 5709 5423 5673 5348 5059 5219 5394 5724 5669 6014 5440 5525 5080 5235 5464 5138 5641 5607 5644 5466 5614 5117 5586 5246 5081 5341 
5269 4817 5215 4941 4855 5331 5018 5009 5058 4452 4737 4347 5471 5303 4703 4838 5304 5054 4644 4950 5133 4778 4647 4602 4728 4920 4758 4903 4808 4877 4846 5320 4762 4776 4954 4721 4811 5035 5040 4861 5082 5209 5231 5148 4745 4599 4616 5096 4938 5156 5053 5155 4954 4988 4800 4780 5238 5057 4838 5267 5260 5403 4455 5305 5127 4927 4832 5196 4982 4493 4745 5139 5191 5032 4732 5427 5369 4658 4640 5052 4915 5101 5048 5230 4944 4858 4815 4980 4819 5015 4819 5075 4469 4817 4903 4743 5049 4604 5140 4722 4739 5099 4983 4574 5192 4958 4682 5131 5186 4627 5231 4835 4685 4794 4933 5337 4798 4813 4986 5111 5081 4407 4939 4881 4710 5147 4536 5059 5024 5576 4985 5153 4914 5145 4872 4694 4823 5115 5115 4641 4573 5169 5049 5313 5253 4961 5124 5382 4574 4652 4805 5259 5372 4943 4862 4674 5159 4949 4870 4995 5002 5276 4975 5309 5244 5329 5004 5093 4725 4965 4851 5455 4862 4942 4947 4938 4892 5391 4956 4893 5228 5555 4728 5261 5288 4900 5230 4631 4973 4858 5077 5239 5044 5109 5018 5102 5426 5164 5451 5070 4883 4946 5017 5076 4901 4989 5219 5288 5234 4976 4866 4958 5127 4559 5037 4638 4897 4980 5049 4896 4874 5267 4868 5199 4506 5448 4351 5301 4460 4966 5193 4955 4968 4943 4881 4756 5135 5081 5185 5445 5025 4936 4417 4827 4997 4670 5103 5308 5547 4950 5098 5018 4891 5003 4764 5340 
5938 5205 5737 5387 5556 6300 5749 5642 5599 4898 5473 5202 6224 5742 5321 5516 5535 5955 4986 5727 5823 5781 5006 5426 5290 5706 5258 5425 5326 5370 5517 5822 5774 5437 5577 5464 5609 5793 5559 5635 5800 5916 5848 5560 5649 5357 5220 5810 5601 6019 5633 5553 5541 5399 5363 5384 5907 5530 5648 5715 5706 5785 4914 5879 5690 5578 5666 5784 5548 4989 5187 5616 5611 5920 5784 5848 5748 5420 5475 5636 5891 5806 5597 5665 5602 5429 5214 5364 5555 5635 5521 5115 5238 5564 5367 5766 5521 5084 5663 5661 5498 5554 5509 5465 5424 5788 5215 5818 5783 5308 5692 5328 5685 5508 5305 5943 5436 5587 5582 5735 5609 5207 5191 5473 5514 5816 4998 5403 5671 6163 5863 5572 5498 5768 5301 5272 5192 5692 5985 5201 5291 5337 5835 5672 5647 5524 5600 6174 5286 5048 5662 6052 5955 5405 5638 5563 5643 5438 5374 5479 5588 5947 5228 5824 5808 5690 5786 5907 5400 5378 5367 5504 5299 5520 5153 5770 5283 6279 5587 5598 5947 5843 5291 5581 5711 5338 5714 5515 5560 5531 5473 6045 5581 5617 5757 5585 6061 5717 5696 5380 5644 5564 5453 5670 5422 5394 5692 6030 5877 5551 5446 5465 5961 5245 5381 5405 5742 5320 5709 5878 5509 5707 5526 6056 5380 6213 5279 6215 5484 5531 6127 5605 5612 5268 5578 5704 5518 5578 5532 6366 5351 5566 5092 5490 5766 5246 5635 5730 5782 5573 5941 5323 5412 5691 5280 5582 
5175 4838 5063 5123 5242 5184 4793 5128 5138 4567 4967 4921 5586 5137 4921 5016 4995 5149 4753 5057 5409 4995 4486 5038 4874 5350 4718 4814 4928 4822 4918 5029 5172 4806 5417 4617 4936 5159 5312 5157 5384 5170 5343 5227 5103 4693 4797 4916 5172 5183 4836 5101 5118 5055 5179 4908 5201 4855 5137 5095 5253 5299 4534 5406 5478 4946 4938 5157 5040 4843 4645 5211 5336 5294 5051 5132 5165 4902 5080 4989 5164 4958 5237 5178 4973 5035 4769 4973 4801 5186 4897 5020 4584 4925 4911 4938 5049 4881 5054 4762 5017 4904 5057 4995 5249 5253 4930 5201 5118 4934 4808 4854 4705 5019 5016 5299 4988 4923 5208 5240 5213 4762 4840 4630 4934 5120 4486 4999 5261 5705 5209 5177 4967 5276 4732 4598 5003 5374 5426 4910 4666 4662 5358 5342 5249 4980 5199 5432 4537 4644 4873 5263 5134 5267 5109 4837 5237 4726 4735 5028 5239 5194 4619 5031 4887 5562 5159 5212 4642 4921 4735 5130 4892 4795 4870 5159 5006 5536 5111 4825 5471 5569 5002 5183 5288 4989 5066 4987 5259 5149 5076 5520 5088 5048 5266 5187 5485 4830 5262 5129 4966 5313 5004 5088 4834 5147 5392 5171 5404 4807 4731 4935 5286 4805 4926 4889 5250 4993 4988 5142 5233 5429 5093 5104 4893 5632 4766 5508 5149 5055 5387 4973 5203 5116 4662 5174 5146 5060 5189 5581 5036 4963 4898 4998 5023 4946 5133 5231 5368 5004 5457 4933 5196 5093 4887 5350 
5414 4603 5562 5126 5033 5485 5058 5151 5131 4365 4851 4716 5541 4995 4953 4904 5067 5086 4626 4930 5305 4563 4703 4987 4722 4799 4894 4822 4898 4827 5067 5346 5263 5029 5032 4585 4587 5039 5065 4807 5329 5151 5186 5281 4956 4916 4715 4798 5090 5294 5211 5252 4833 4940 5043 4695 5000 4738 5140 4639 5297 5370 4346 5153 4933 4811 5076 5360 4982 4768 4674 4948 4697 5059 4837 5110 5110 4476 4981 4904 5186 4855 4984 5061 4884 4781 4775 4795 4771 5045 4797 5003 4765 4833 4736 4881 4900 4597 5146 4917 4956 5111 4898 4925 5121 5254 4927 5357 5283 4838 5209 4973 4849 4820 5002 5129 4948 5033 5073 5009 5238 4634 5180 4796 4809 5113 4510 4926 5042 5606 5049 5011 4697 4960 4647 4748 4612 5287 5507 4937 4767 5195 5063 5160 5109 5205 4932 5355 4632 4534 4843 5094 5238 4763 5014 4768 5291 5160 4694 4815 5232 5211 4743 4952 5221 5507 5267 5211 4811 5024 4806 5123 5158 5011 4810 5090 5119 5408 5065 5130 5438 5367 4948 5585 4918 4891 5301 4742 4772 4920 5134 5115 4982 5005 5142 5211 5390 5021 5080 5132 4743 4872 5071 4896 4987 5178 5158 5276 5130 5109 4750 5020 4989 4666 4797 4650 5174 4742 5089 5461 5120 5090 4948 5280 4670 5529 4581 5442 4803 4872 5143 4863 4984 4850 4947 4806 5107 5295 4870 5568 4868 4941 4487 4874 4972 4479 5060 5281 5002 5197 5399 4852 5066 4950 4958 4949 
5469 4780 5248 4843 5247 5678 5107 5327 5394 4947 5005 4710 5856 5417 5134 4909 5253 5366 4912 5183 5432 5381 5098 5247 4711 4891 5139 5051 4923 5039 4956 5475 5418 4992 5296 4845 5092 5465 5135 5118 5624 5682 5355 5413 5016 5074 5148 5337 4864 5657 5027 5037 5269 5136 5121 4823 5206 4859 5004 5315 5150 5255 4502 5490 5332 5035 5216 5159 5227 4773 4720 5561 5246 4932 5030 5508 5481 5073 5146 5190 5290 4999 5065 5492 5164 5281 4764 5171 5176 5247 5061 5157 4873 5067 4955 5246 5091 4728 5189 4949 4954 4983 5167 5105 5392 5212 4776 5193 5479 5367 5254 5098 5000 5172 5074 5402 5340 5061 4982 5420 5567 4868 4845 4982 5050 5425 4839 5313 5457 5599 5388 5310 5130 5069 4994 4753 4868 5696 5351 5041 4912 5085 5457 5392 5412 5124 5425 5746 4637 4595 5084 5107 5246 5092 5001 4644 5452 4939 4960 4877 5419 5539 4988 5233 5200 5693 5424 5189 4973 5048 4938 5458 4801 4994 4986 5240 4977 5479 5076 5245 5700 5568 5027 5458 5327 5235 5147 4957 5404 5257 5159 5706 5200 5445 5279 5544 5761 5304 5676 5146 5200 5269 5006 5103 4965 5068 5349 5466 5264 5139 5035 4949 5359 4974 4975 5082 5094 5143 5309 5239 5242 5311 4769 5378 5165 5938 4829 5479 4883 5087 5639 5139 5044 5230 5171 5072 5101 5380 5274 5611 5403 5272 4600 4810 5378 4723 5267 5745 5555 5278 5450 5187 4939 4895 4997 5301 
5125 4489 5126 4673 4730 5252 4801 4891 5013 4403 4637 4355 5546 4979 4648 4697 5212 4949 4498 4942 5007 4704 4802 4806 5012 5120 4525 4628 4449 4545 4626 5247 5170 4558 4867 4880 4922 4830 4882 4667 5156 5065 5300 4796 4635 4715 4468 5067 4651 5259 4950 4738 4986 5121 4799 4600 4673 4824 4636 4832 4951 4930 4317 5174 4945 4778 4833 5127 4891 4515 4523 4998 4930 4867 4706 5027 5184 4575 4976 4935 4823 4836 4825 4973 4909 4829 4810 4813 4902 4972 4706 5009 4399 4724 4798 5123 5019 4540 4558 4447 4611 4654 4978 4798 4495 4770 4500 5209 5078 4630 4758 4687 4705 4728 5028 5091 4735 4793 4782 5214 4954 4393 4644 4800 4803 4959 4138 4669 4914 5612 4918 4799 4820 4744 4700 4276 4297 4922 5048 4689 4630 4731 4908 5075 4981 4853 4763 5446 4684 4598 4571 4769 4976 4555 4598 4389 4989 4631 4705 4537 4735 4950 4689 5003 5003 5219 5106 4952 4728 4741 4695 4932 4600 4681 4858 4626 4630 5523 4783 4779 5322 5326 4764 4952 4843 4933 5025 4650 4650 4971 4867 4813 4767 4769 4943 4978 5163 5012 5160 4907 4658 4846 4848 4964 4788 4921 5180 5231 5121 4645 4532 5006 5007 4653 4819 4554 4796 4788 4936 4998 4610 5016 4683 4857 4433 5262 4292 5203 4508 4851 5077 4915 5045 4809 4765 4776 4687 4866 4875 5605 4906 4940 4439 4618 4829 4473 4999 5013 5146 4908 5090 4594 4774 4799 4849 5043 
5617 5284 5579 5117 5562 5734 5342 5602 5288 4915 5324 5014 5978 5890 5043 5491 5702 5685 4874 5196 5533 5300 5013 5218 5126 5540 5340 4952 5074 5071 5432 5467 5573 5086 5468 5210 5203 5547 5386 5354 5710 5818 5769 5739 5137 5260 5029 5649 5217 6024 5367 5631 5520 5298 5220 4922 5434 5212 5445 5458 5440 5565 4795 5635 5518 5296 5482 5647 5447 4861 5121 5576 5523 5492 5398 5623 5648 4955 5254 5397 5467 5268 5423 5557 5129 5431 5244 5237 5540 5666 5352 5419 4732 5244 5230 5435 5496 4764 5151 5348 5395 5329 5242 5064 5324 5355 5251 5601 5608 5257 5616 4959 5490 5275 5552 5696 5334 5123 5464 5508 5496 5158 5460 5110 5013 5720 4959 5466 5776 6105 5463 5140 5449 5344 5113 5378 5353 5529 5791 5153 4683 5537 5526 5397 5716 5496 5505 5726 5235 5234 5160 5378 5699 5411 5327 5081 5552 5267 5343 5455 5576 5540 5418 5634 5523 5796 5482 5705 4911 5378 5144 5546 5210 5186 5277 5076 5273 6088 5426 5271 5704 6143 5423 5798 5478 5438 5660 5149 5171 5483 5253 5724 5736 5467 5405 5362 5982 5402 5456 5394 5239 5504 5403 5347 5205 5221 5577 5556 5717 5161 5315 5543 5658 5154 5080 5278 5476 5377 5318 5469 5521 5313 5222 5603 5062 6030 5095 5782 5279 5344 5674 5675 5349 5460 5226 5368 5329 5686 5552 6007 5367 5488 5146 5236 5271 5076 5337 5512 5484 5123 5824 5312 5226 5171 5115 5384 
5389 4765 5761 5158 5134 5635 5159 5238 5175 4762 4990 4861 5793 5459 4985 4882 5276 5623 4584 5051 5352 4959 4706 4983 5040 4942 5111 5093 5052 4867 5195 5500 5576 5017 5044 4767 5165 5085 5302 5224 5384 5711 5404 5340 4997 4777 5062 5189 5255 5563 4845 5289 5275 5103 5208 5093 5340 4988 5007 5182 5370 5514 4513 5554 5285 5072 5052 5348 4899 4710 4848 5565 5441 5138 4851 5525 5475 4771 5328 5242 5446 4998 4988 5466 5149 5267 4855 4922 5297 5284 5222 5155 4717 5016 4988 5256 5057 4613 5036 5111 5058 5131 5142 5019 5142 5448 4830 5419 5324 5148 5147 4688 5058 5071 5233 5106 5085 5033 5280 5479 5400 4881 4677 4778 4927 5399 4472 5106 5104 5932 5346 5163 5269 5119 4931 4815 5033 5383 5416 4931 4877 4888 5213 5365 5396 4994 5077 5598 4994 4762 5071 5234 5404 5167 5045 4969 5457 5184 4970 4932 5487 5293 4974 5592 5387 5540 5497 5242 4661 4980 4666 5344 4943 5108 5084 5121 4877 5635 5060 5169 5553 5578 4893 5374 5367 5179 5372 4846 5258 5300 5387 5192 5378 5141 5261 5294 5548 5244 5229 4900 4756 5258 5318 5165 5193 5024 5010 5358 5520 5080 4844 4958 5387 5034 4747 5084 5157 5051 5206 5113 5180 5238 4988 5365 4821 5799 4611 5626 4978 4883 5481 5156 5218 4956 4896 5089 5009 5253 5356 5667 5230 5247 4697 5077 5127 4824 5211 5497 5744 5079 5378 5250 5242 4944 4963 5310 
5353 4695 5433 5215 5410 5478 5141 5107 5350 4452 4973 4994 5628 5215 4956 5026 5263 5349 4801 5021 5592 5180 4750 5069 4872 5338 4728 5060 4808 4770 4894 5373 5071 4911 5192 4995 5106 5175 5335 5026 5204 5246 5523 5120 5197 5012 4860 5045 4994 5167 4754 5372 5116 5003 4816 4790 5422 4802 4946 5306 5377 5619 4512 5493 5141 4872 4919 5390 4887 4476 4814 5427 4991 5317 4812 5203 5656 5023 5139 4996 5320 5085 5378 5157 4962 5059 5031 4818 5182 5168 5152 5072 4731 5118 4964 5184 5164 4929 5130 4934 4986 5037 5154 5010 5312 5007 4866 5463 5267 4965 5239 4965 5040 4875 5120 5611 5110 4858 5221 5260 5411 5008 5040 4779 5013 5239 4862 5146 5246 5933 5394 5017 5083 4906 4763 5126 5139 5245 5590 4818 4899 4791 5392 5539 5263 5112 4960 5625 4856 4680 5026 5129 5403 5058 5034 4879 5223 5078 4779 5146 5228 5503 4600 5289 5223 5439 5496 5135 4785 4975 4508 5223 4860 5117 5043 5063 5029 5640 5119 5270 5398 5404 4830 5136 5190 5041 5341 4863 5137 5295 5184 5508 5200 5136 5132 5037 5555 5312 5420 5052 5057 5175 5158 5050 5009 4964 5060 5370 5610 4887 4770 5092 5384 4880 4938 5193 5026 5016 5061 4944 4949 5283 5021 5164 4972 5682 4840 5583 4980 5034 5214 5072 5433 5082 4816 4937 5188 5344 5262 5593 5217 5275 4832 4797 4986 4908 5359 5429 5410 5054 5462 4948 5214 5060 5161 5505 
5283 4855 5407 4795 5261 5199 5111 5082 5117 4635 4997 4724 5682 5340 5145 5083 5360 5058 4766 5069 5342 5040 4807 5062 4917 5253 4976 4797 4809 4743 5006 5118 5229 4699 5213 4808 5046 5159 5141 4924 5361 5193 5399 5223 4989 4991 4882 4874 5046 5400 5112 4967 5103 5058 4855 4937 5047 4947 5064 5228 5104 5550 4608 5508 5354 5146 4958 5199 4978 4798 4790 5267 5115 5057 5045 5546 5240 4892 4845 5014 5273 5130 4893 5056 4884 5166 5034 4966 5096 5091 5084 4851 4756 4865 4760 5050 5162 4894 5174 4822 5142 5107 5130 4740 5120 5294 4660 5139 5026 4850 5274 4919 5010 5174 5132 5244 4977 4791 5343 5352 5492 4852 4797 4889 4986 5256 4755 5138 5092 5639 5332 5126 4994 5084 4885 4773 4709 5443 5365 5016 4724 5350 5343 5563 5245 5315 4999 5611 4637 4538 5052 5088 5182 5030 5093 4778 5126 4856 4851 5051 5180 5313 4776 5148 5471 5501 5382 5189 4908 5007 4684 5015 4949 5004 4765 5102 4993 5518 5107 4928 5344 5425 4890 5212 4864 4836 5319 4952 5178 4935 5181 5219 5100 5210 5101 5246 5487 5179 5376 5059 4866 5003 4917 4890 4897 5095 5515 5313 5332 4960 4685 4980 5267 4717 4979 4745 5130 4730 5290 5190 4955 5327 5030 5351 4789 5599 4601 5544 4861 5020 5373 5174 5183 5094 5123 5019 5370 5350 5216 5918 5263 5070 4482 4724 5226 4570 5270 5231 5361 5219 5422 4913 5086 5085 4899 5200 
5240 5141 5626 4954 5665 5558 5115 5188 5247 4631 5301 5000 5928 5331 5131 5046 5282 5337 4844 5161 5506 5323 5092 5325 4808 5313 5140 4902 4867 5037 5191 5466 5586 5124 5204 5028 5195 5244 5433 5210 5316 5530 5471 5390 5249 5112 4802 5217 5375 5672 5338 5232 5188 5266 5312 5084 5595 5194 5164 5343 5214 5609 4727 5611 5261 5116 5133 5423 5190 4989 4982 5579 5079 5374 5061 5681 5523 4947 5318 5312 5381 5231 5021 5147 5421 5130 4923 5121 4964 5188 5075 5149 5090 4992 4939 5021 5315 4683 5381 5007 5342 5344 5121 5148 5401 5416 4971 5259 5603 5187 5409 5230 4862 5005 5143 5339 5200 5096 5297 5259 5471 4598 5236 4974 4988 5438 4705 5020 5243 5748 5256 4962 5325 5250 4885 4626 5059 5501 5512 4973 4850 5338 5496 5643 5542 5143 5172 5646 4926 4787 5203 5337 5679 5302 5030 5183 5548 5101 5037 5266 5391 5576 5225 5432 5563 5515 5467 5567 4644 5293 5083 5528 4990 5200 5095 5286 5068 6071 5206 5166 5683 5481 5207 5530 5266 5092 5443 5116 4978 5053 5425 5760 5449 5169 5177 5208 5650 5353 5404 5316 5206 5172 5351 5327 5114 5319 5341 5748 5479 5070 5134 5189 5431 4775 5105 4831 5458 5223 5481 5205 5033 5266 4924 5454 4915 5898 5062 5733 4932 4976 5883 5185 5409 5450 5118 5107 5286 5623 5387 5922 5258 5233 4988 5005 5228 4852 5336 5470 5763 5069 5502 5124 5241 5318 4888 5282 
5376 4776 5647 4959 5013 5368 5191 5457 5379 4450 5230 4632 5583 5712 4997 4921 5479 5172 4701 5166 5177 5082 4606 4847 4886 4770 4984 4841 4548 4589 5111 5424 5431 4610 5036 4962 5063 5086 5111 4900 5556 5153 5239 5343 5040 4833 4843 5208 4937 5491 5028 5222 4707 5075 5066 4757 5119 4891 4910 5409 5188 5604 4212 5252 5222 4941 5135 5310 4761 4843 4642 5375 4894 5104 4943 5301 5369 4748 4930 5047 5333 5023 4958 5168 4792 5124 4793 4863 5109 5162 4998 4949 4866 4927 4882 5066 5083 4632 5157 4778 5229 4909 4952 5051 5155 5277 4783 5089 5291 5126 5350 4750 4839 5133 5144 5307 5001 4752 5144 5473 5422 4676 4851 4836 4916 5201 4748 4987 5037 5658 5196 5126 5044 5432 4959 4638 4873 5275 5421 4689 4905 4986 5221 5379 5026 5073 4989 5645 4799 4489 5140 5153 5400 5202 5082 5123 5210 5054 5224 4907 4927 5142 4857 5270 5136 5608 5405 5144 4859 4929 4525 5095 5097 4876 4870 5208 4863 5849 5017 4993 5190 5657 4756 5174 5138 5068 5255 4625 5063 5044 5109 5198 5278 5329 5114 5019 5635 4868 5289 4910 4967 5294 4964 5248 4915 4832 5332 5168 5686 5165 4975 5132 5187 4742 4823 4902 5040 5025 5122 5400 5245 5335 5078 5646 5066 5511 4681 5722 4923 4786 5155 5206 5357 4962 4917 4990 5020 5390 5137 5675 5016 4984 4715 4879 4912 4582 5033 5339 5502 5186 5334 5139 5015 4849 4779 5075 
5783 5253 5616 5243 5421 5839 5462 5542 5453 4838 5331 5213 6059 5551 5161 5158 5614 5640 5044 5515 5472 5348 5012 5518 5210 5522 5159 5289 4887 5387 5446 5480 5936 5097 5415 5417 5262 5286 5438 5420 5592 5814 5865 5742 5637 5217 5191 5444 5522 5804 5512 5518 5425 5349 5228 5292 5549 5271 5356 5471 5763 5625 4650 5705 5375 5632 5452 5618 5379 5036 5088 5838 5313 5391 5313 5845 5690 5173 5360 5362 5733 5490 5422 5436 5368 5292 5149 5344 5276 5521 5183 5571 5193 5375 5340 5386 5445 4978 5522 5172 5149 5497 5108 5524 5573 5503 4970 5492 5567 5274 5607 5113 5376 5339 5457 5530 5455 5396 5465 5372 5661 4739 5634 5043 5400 5524 4875 5498 5652 6143 5878 5347 5172 5555 5174 4902 5083 5782 5850 5142 5136 5402 5516 5764 5652 5600 5250 6075 5079 5055 5476 5590 5539 5269 5283 5275 5891 5498 5339 5391 5497 5849 5310 5633 5613 5785 5849 5434 5162 5172 5331 5511 5163 5455 5149 5550 5325 6320 5464 5598 6028 5759 5355 5806 5528 5647 5462 5290 5271 5519 5492 5641 5554 5572 5389 5711 6022 5629 5801 5457 5740 5383 5247 5691 5443 5470 5486 5687 5815 5450 5181 5510 5545 5120 5236 5141 5495 5388 5395 5987 5501 5732 5124 5620 5229 6320 5043 5905 5368 5426 6047 5567 5344 5564 5252 5390 5312 5752 5676 6128 5244 5332 4990 5166 5520 4866 5598 5586 5304 5351 5703 5511 5453 5328 4975 5666 
5511 5098 5861 5271 5475 5800 5560 5635 5545 4837 5357 5127 6062 5807 5516 5199 5708 5669 4797 5552 5777 5431 4957 5338 5197 5344 5130 5250 5073 5164 5593 5796 5545 5415 5365 4951 5358 5589 5461 5486 5423 5439 5797 5538 5217 5262 4941 5698 5513 5860 5713 5628 5530 5519 5263 5221 5512 5113 5581 5733 5745 5673 4826 5746 5499 5106 5406 5886 5369 4980 5001 5725 5507 5549 5422 5912 6039 5447 5413 5327 5907 5381 5549 5287 5337 5128 5213 5269 5454 5673 5374 5106 4874 5235 5122 5386 5388 5014 5294 5202 5241 5258 5237 5392 5424 5675 5237 5242 5261 5362 5599 5208 5093 5207 5242 6069 5370 5277 5648 5421 5619 4991 5443 5220 5297 5558 4982 5363 5644 6041 5486 5476 5358 5546 5384 5274 5153 5711 5705 5065 4954 5343 5613 5357 5660 5497 5390 6050 4964 4937 5101 5588 5630 5309 4957 5245 5849 5534 5388 5161 5602 5670 5179 5702 5519 5979 5843 5752 5080 5360 5220 5672 5262 5423 5160 5432 5429 6110 5627 5587 5525 5630 5281 5597 5770 5586 5641 5346 5390 5454 5814 5736 5276 5443 5732 5470 5572 5417 5792 5167 5174 5446 5426 5458 5456 5234 5588 5682 5708 5384 5189 5516 5767 5210 5239 5238 5557 5231 5322 5547 5561 5454 5427 5517 5163 6023 5088 5924 5340 5367 5653 5294 5601 5248 5111 5336 5423 5737 5742 6186 5404 5505 4911 5050 5509 5061 5616 5614 5777 5338 5783 5213 5352 5422 5157 5593 
5600 4990 5620 4998 5469 5887 5356 5346 5609 5003 5240 4960 5749 5646 5267 5377 5583 5634 5063 5413 5588 5079 5073 5099 5140 5219 5063 5030 4890 4873 5187 5732 5805 5274 5584 5062 5146 5260 5414 5495 5499 5661 5824 5543 5040 5060 5153 5525 5388 5866 5423 5510 5346 5211 5413 5130 5315 5134 5299 5353 5581 5489 4949 5549 5452 5210 5315 5671 5444 4962 5049 5558 5355 5457 5507 5644 5937 5017 5622 5230 5717 5417 5581 5385 5248 5289 4978 5284 5266 5456 5333 5336 5228 5261 4857 5469 5338 4861 5238 5170 5399 5402 5242 5253 5323 5500 5224 5427 5577 5388 5375 4772 5420 5276 5657 5656 5211 5313 5523 5627 5505 5192 5138 4982 5004 5549 4798 5154 5503 6241 5350 5163 5586 5191 5011 5180 5167 5348 5811 5162 5188 4995 5814 5723 5399 5454 5101 5871 4883 5043 5369 5363 5376 5269 5091 5190 5536 5321 5225 5219 5337 5439 5096 5605 5401 5541 5440 5490 4977 5170 5135 5340 5080 5305 5244 5134 5378 6038 5514 5125 5770 5844 5129 5543 5428 5443 5666 5206 5339 5365 5425 5548 5341 5440 5595 5451 5663 5289 5658 5608 5414 5535 5428 5348 5485 5104 5755 5688 5542 5304 5219 5394 5442 4945 5198 5169 5635 5209 5551 5565 5434 5257 5164 5575 5053 6084 5169 5896 5319 5205 5847 5278 5427 5543 5190 5210 5341 5444 5640 5990 5303 5437 5134 5155 5483 5054 5615 5594 5614 4986 5544 5428 5324 5378 5297 5565 
5044 4857 5217 4995 4963 5298 4664 4958 5066 4386 4865 4629 5475 5362 4787 4759 5530 5109 4700 4813 5370 5117 4582 4935 4723 5206 4849 4582 4691 4678 4827 5413 5049 4969 5160 4749 4853 5064 5040 4892 5165 4841 5448 5101 4656 4769 4498 5098 4872 5198 5051 4996 4812 5093 4932 4765 5041 4890 4994 5184 5178 5157 4298 5340 4992 4502 4947 5034 4945 4433 4836 5134 4958 4965 5091 5348 5363 4648 4990 4898 5048 4934 4922 4962 5023 4860 4686 4793 4991 5033 4690 5036 4739 4838 4808 4951 4941 4778 4972 4823 5027 5016 5083 4950 4874 5201 4588 5173 5102 5309 4924 4803 4714 4703 4782 5172 4811 4887 5116 5055 5164 4681 5001 4837 4544 5263 4419 4911 5007 5766 4864 5193 5209 4856 4930 4674 4949 5160 5587 4612 4357 4792 5395 5170 5181 5072 4873 5422 4695 4711 4767 4990 5196 4813 4910 4881 5001 5048 4773 4952 5123 5260 4925 5234 5517 5433 5196 5098 4718 5085 4873 5224 4935 4992 4525 5007 4796 5739 4981 5001 5168 5105 4941 5110 4899 4768 5314 4735 4917 4690 4949 5403 5074 4906 4962 5082 5329 5080 5108 5026 5014 4812 4840 4830 4835 4861 5090 5318 5379 4697 4745 5171 5228 4843 4768 4549 4967 4745 4831 5060 4985 4987 4688 5107 4436 5607 4520 5350 4833 4860 5266 4901 5207 5096 4723 4786 4794 5171 5421 5748 4850 4890 4519 4862 5085 4511 4928 5104 5170 4996 5046 4799 4982 5029 4705 4917 
5684 5230 5691 5304 5506 5786 5239 5610 5732 4745 5203 4821 6036 5680 5207 5138 5507 5727 4843 5245 5569 5653 5286 5501 5346 5713 5058 5190 4939 5127 5255 5814 5788 5060 5781 5191 5670 5610 5472 5237 5599 5525 5549 5639 5337 5242 4934 5539 5574 5644 5392 5409 5355 5700 5299 5333 5501 5247 5360 5517 5364 5592 4772 5728 5512 5407 5376 5396 5532 5199 5395 5866 5388 5785 5339 5580 5456 5369 5491 5475 5556 5356 5187 5591 5695 5380 5186 5188 5507 5437 5294 5497 5021 5406 5015 5356 5659 5234 5222 5112 5354 5392 5668 5090 5708 5417 5298 5635 5460 5352 5456 5345 5286 5398 5574 5697 5188 5438 5470 5707 5786 5183 5204 5211 5030 5521 5036 5258 5578 6137 5728 5691 5361 5607 5058 4934 5044 5569 5747 5383 5178 5195 5620 5667 5376 5499 5198 6040 5138 5126 5197 5405 5844 5283 5278 5237 5656 5137 5088 5194 5502 5645 5132 5510 5730 5746 5787 5636 5081 5233 5171 5359 5230 5376 5352 5706 5243 5797 5515 5499 5579 5861 5500 5428 5550 5068 5721 5086 5553 5401 5384 5556 5604 5516 5556 5636 5794 5660 5596 5485 5425 5295 5356 5350 5337 5476 5794 5565 5636 5405 5114 5617 5674 5038 5445 5187 5345 5246 5544 5256 5514 5707 5324 5353 4977 6138 4968 5705 4983 5301 5677 5488 5358 5400 5383 5186 5442 5226 5560 5973 5566 5362 4823 5079 5345 4925 5736 5628 5634 5157 5686 5110 5206 5579 5158 5785 
5333 4772 5438 4890 5322 5429 4966 4833 5157 4584 4890 4812 5602 5273 4733 4864 5118 5511 4388 5117 5342 5185 4873 5102 4942 5077 4774 4796 4864 4838 5041 5233 5613 4803 5289 4796 5196 5205 5091 5042 5294 5401 5179 4940 5112 4764 4864 4984 4946 5324 5293 4872 5090 5288 4911 4927 5461 5113 5108 4798 5139 5499 4472 5496 5093 4864 5034 5336 5017 4716 4823 5352 4985 5186 4994 5506 5339 4984 4949 5142 5327 5138 4901 4990 5318 4892 4985 4675 5108 5105 5054 5020 4976 5021 4834 5318 5207 4492 5006 5047 4952 4836 5037 5070 5395 5009 4781 5264 5197 4977 5318 4727 4951 4957 5191 5398 5097 4980 4992 5212 5257 4590 5106 4645 5028 5309 4814 4955 5278 5521 5388 4799 4859 5057 4735 4738 5012 5195 5247 4792 4501 5071 5271 5108 5260 5285 5186 5680 4754 4841 4891 5232 5317 4971 4855 5019 5172 4828 4781 5021 5234 5313 4982 5272 5181 5308 5375 5181 4802 4874 4815 5300 4888 4916 4781 5105 5269 5403 5236 5104 5322 5392 5047 5027 5160 4830 5266 4953 4775 4948 5035 5436 5078 4988 5065 5178 5363 5307 5314 5143 5099 4993 5169 4879 4921 4995 5348 5472 5474 4852 4694 4809 5111 4751 4890 5031 5069 5168 5193 4874 4993 5323 5010 5128 4588 5670 4739 5487 5047 5319 5382 5073 4977 4906 4801 4976 5113 4948 5213 5633 5269 4943 4767 4571 5222 4936 5121 5184 5429 4968 5084 4751 4975 5312 4734 5186 
5402 5190 5591 5172 5410 5965 5218 5355 5277 4762 5462 4915 5893 5540 5074 5334 5562 5729 4999 5446 5652 5351 4859 5137 5265 5234 5104 5368 5163 4962 5227 5648 5486 5401 5361 5176 5338 5216 5627 5269 5578 5459 5656 5392 5212 5144 4941 5404 5078 5620 5276 5291 5291 5376 5229 5195 5478 4948 5397 5577 5612 5759 4910 5659 5363 5415 5428 5689 5214 4855 5097 5422 5280 5337 5333 5566 5866 5189 5229 5193 5643 5231 5286 5368 5219 5206 4989 4931 5170 5395 5350 5281 4806 5112 5277 5542 5661 4865 5396 5246 5136 5301 5629 5232 5153 5548 4693 5303 5571 5346 5337 5018 5162 5214 5166 5699 5160 5127 5343 5442 5561 5106 5161 4848 5292 5666 4909 5147 5470 5912 5337 5554 5392 5344 5052 5105 5181 5489 5774 5067 4973 5145 5586 5541 5652 5374 5241 5986 5089 4825 5076 5345 5782 5270 5394 4916 5332 5288 5097 5301 5414 5571 5147 5841 5597 5741 5388 5410 5196 5318 5294 5561 5146 5158 5255 5127 5138 6093 5260 5261 5922 5753 5086 5385 5652 5202 5497 5164 5605 5413 5364 5778 5292 5328 5202 5390 5802 5547 5634 5245 5222 5437 5247 5182 5256 5201 5568 5809 5823 5095 5036 5386 5742 5209 5218 5185 4974 5140 5131 5379 5242 5302 5209 5449 4980 6021 4974 6186 5321 5324 5371 5397 5563 5210 5036 5317 5368 5533 5599 6030 5230 5310 5043 5307 5415 5239 5271 5624 5872 5069 5214 5542 5287 5555 5036 5473 
5441 4647 5611 4930 5145 5366 5022 5273 5114 4638 5165 4926 5727 5314 5058 5043 5499 5160 4848 4948 5374 4965 4917 5070 4944 5286 4826 5008 4754 4819 5155 5563 5326 5199 5546 4924 4944 5229 5098 5159 5655 5256 5506 5426 5354 4714 5221 5173 5236 5581 5209 5246 5256 5237 4964 5112 5249 5023 5131 5165 5083 5302 4517 5547 5197 5126 5138 5202 4971 4851 5041 5547 4792 5262 4975 5413 5534 4991 5126 5057 5297 5109 4909 5362 4954 5064 4808 4981 5261 5232 4946 5293 4779 5093 5016 5297 5270 4927 5279 4849 5269 5006 5370 5102 5274 5065 5110 5402 5456 5072 5195 4880 4872 5216 5135 5488 5139 4993 5341 5267 5438 5033 4902 4761 4825 5237 4640 5182 5227 5961 5405 4887 5299 5216 4913 4778 5161 5233 5427 4849 4709 5107 5302 5578 5352 5146 5480 5831 5025 4864 5198 5046 5426 5177 5104 5044 5357 4986 5013 5085 5429 5404 4737 5181 5645 5468 5258 5275 4753 5032 4722 5252 5050 4932 4983 5215 4970 5702 5130 5195 5592 5373 5166 5470 5055 5453 5468 5182 4942 5348 5360 5502 5379 5091 5382 5242 5402 4887 5381 5099 5077 5281 5026 5255 5248 4847 5353 5401 5408 4887 5048 5088 5444 4871 5127 4828 5242 5029 5200 5329 5351 5166 4763 5334 4629 5424 4876 5646 5382 4933 5652 5412 5205 5341 5033 5056 5228 5466 5366 5808 5292 5195 4941 5026 5234 4797 5322 5149 5524 5290 5481 4755 5407 4960 4929 5312 
5106 4808 5251 4859 4996 5382 4936 4938 5049 4740 4960 4562 5415 5266 4849 4795 5287 4904 4578 4871 5388 4992 4655 4746 4675 5005 4703 4881 4776 4817 4914 5161 5263 4690 4881 4817 4688 4985 5158 5242 5254 5287 5388 5094 4691 4871 4852 5006 5115 5308 4952 5028 4835 4816 4733 4747 5117 4914 4889 5089 4876 5414 4475 5194 5249 4709 5006 5179 4633 4517 4887 5156 4937 4751 4988 5294 5363 4710 4915 4944 5084 4949 4768 5136 4890 5089 4764 5005 5167 5135 4922 4980 4582 4713 4965 4951 5050 4604 5068 4274 4954 5122 4975 5049 5127 5480 4610 4849 5089 5000 5034 4842 4802 4837 5121 5360 4817 4697 4892 5071 5283 4695 4932 4755 4740 5081 4672 5021 5061 5705 5000 5108 4778 5202 4711 4900 4688 5072 5165 4714 4648 4827 5169 5260 5179 4942 5075 5475 4883 4633 4999 5216 5085 5225 5027 4690 5082 4763 4944 4768 4827 4991 4587 5053 5190 5559 5330 5064 4716 5089 4689 5132 4868 4885 4981 4997 5039 5593 5015 5107 5196 5283 4881 4995 5241 5033 5091 4827 4965 5256 5142 5007 5077 5081 5251 5163 5192 5002 5521 5089 5094 5255 4753 4964 4906 4964 5192 5461 5173 4833 4679 5091 5078 4857 5002 4778 5028 4867 4924 4992 5028 5053 4814 5235 4835 5279 4443 5312 4890 4914 5134 4854 5323 5078 4661 4955 5022 5198 5086 5319 5062 4984 4610 4827 4967 4626 5031 5196 5173 5037 5136 4739 5080 4868 4724 5221 
5402 4995 5545 5050 5331 5404 5245 5418 5513 4621 5317 4619 5666 5441 5288 5080 5444 5364 4757 5074 5409 5048 4793 5207 4950 5191 5082 4955 4947 5080 5008 5643 5543 5110 5366 4918 5260 5255 5281 5004 5528 5256 5501 5553 4923 4855 4816 5295 5292 5508 5173 5302 5148 5109 5282 5162 5395 5115 5373 5331 5528 5568 4880 5572 5412 5237 5355 5368 5167 5292 4768 5590 5383 5243 5097 5399 5767 4885 5109 5276 5596 5117 5002 5276 5406 5149 5170 5119 5009 5268 5297 5365 5029 5081 4720 5209 5483 4674 5263 5043 5201 5285 5176 4895 5601 5452 4956 5421 5148 5332 5260 5110 5065 5151 5340 5595 4908 5211 5579 5544 5225 5000 5071 4986 4970 5430 4700 5240 5393 5970 5284 5370 5468 5330 5057 4940 4917 5374 5679 5062 5141 4786 5437 5451 5192 5191 5084 5683 4853 5012 5159 5361 5495 5255 5191 5030 5255 5088 4854 5147 5280 5343 5110 5618 5334 5465 5422 5369 4942 5121 5009 5427 5133 5249 4873 5169 5116 5646 5320 5299 5535 5414 4789 5413 5441 5294 5374 5062 5219 5229 5264 5628 5363 5164 5572 5137 5635 5336 5579 5364 5154 5132 5103 5387 5247 5361 5278 5644 5518 5117 5137 5026 5455 5031 5149 4972 5395 5058 5427 5208 5292 5533 5172 5459 5054 5921 4897 5547 5128 5100 5605 5154 5354 5218 5049 5098 5477 5496 5249 5982 5162 5274 4768 5160 5095 4828 5208 5577 5497 5436 5592 5187 5349 5267 5292 5124 
5745 5355 5726 5143 5564 5950 5449 5441 5650 4983 5749 5220 5996 5614 5225 5437 5778 5538 5103 5557 5516 5724 5141 5419 5281 5534 5521 5530 5255 5133 5258 5530 5858 5235 5603 5186 5479 5654 5527 5471 5901 5869 5966 5559 5486 5044 5182 5576 5794 5691 5563 5393 5459 5702 5383 5305 5659 5303 5814 5529 5675 5633 4729 6005 5763 5300 5473 5752 5508 5041 5283 5610 5686 5724 5540 5748 5681 5313 5473 5443 5668 5439 5550 5483 5496 5421 5201 5460 5156 5684 5488 5665 5174 5569 5198 5316 5522 5009 5549 5457 5452 5590 5430 5202 5721 5543 5134 5535 5713 5297 5775 5221 5594 5124 5641 5907 5563 5441 5511 5571 5636 5414 5529 5210 5244 5467 5267 5552 5608 6279 5441 5738 5340 5744 5314 5200 5114 5847 5962 5187 5016 5330 5897 5693 5688 5445 5753 5856 5062 5109 5352 5751 5804 5282 5210 5350 5825 5277 5314 5320 5530 5697 5156 5660 5557 5739 5972 5608 5040 5634 5095 5406 5211 5510 5246 5963 5428 5998 5594 5554 5621 5997 5613 6022 5678 5435 5474 5176 5580 5374 5615 5812 5720 5720 5596 5805 5989 5639 5680 5286 5329 5809 5308 5200 5727 5534 5832 5833 5646 5401 5302 5458 5690 5413 5107 5414 5663 5662 5625 5644 5691 5860 5318 5485 5270 6012 5235 5905 5503 5565 5894 5409 5622 5696 5049 5149 5558 5785 5729 5965 5441 5510 5121 5247 5382 5151 5363 5597 5641 5244 5789 5445 5286 5358 5336 6036 
5509 4859 5539 5022 5314 5369 5302 5493 5384 4728 5556 4977 5900 5533 5457 5307 5350 5428 4697 5490 5555 5305 5080 5561 4912 5111 5360 5055 5012 5102 5250 5350 5575 5166 5460 5046 5223 5286 5506 5067 5809 5547 5508 5163 5368 5145 4870 5228 5458 5638 5077 5367 5304 5469 5044 5393 5766 5119 5536 5381 5540 5650 4638 5625 5350 5197 5202 5894 5192 5056 4930 5430 5207 5350 5401 5663 5689 4871 5222 5347 5447 5250 5080 5222 5266 5239 4891 4940 4972 5451 5089 5003 4903 5253 4956 5230 5354 4771 5211 5493 5186 5291 5275 5108 5387 5382 4932 5478 5680 5270 5591 5188 5066 5066 4848 5465 5315 5234 5517 5602 5438 4911 5186 4975 5279 5338 4795 5058 5493 5900 5254 5034 5115 5143 5151 4980 5166 5461 5885 4996 4968 5349 5513 5522 5420 5410 5197 5667 5128 4832 5288 5269 5500 5100 5165 5071 5490 5249 5481 5271 5437 5456 5168 5407 5530 5836 5743 5353 4826 5287 5100 5372 5093 5308 4958 5408 5157 6107 5508 5451 5538 5641 5237 5237 5308 5267 5556 4926 4960 5573 5347 5783 5389 5326 5207 5330 5968 5250 5637 5356 5271 5467 5151 5205 5038 5386 5492 5668 5440 5176 5190 5278 5401 5071 5019 5112 5215 5084 5448 5304 5117 5429 5198 5642 5078 5848 4744 5923 5053 5185 5463 5252 5618 5140 5301 5269 5211 5758 5282 6113 5248 5131 5245 4724 5162 4984 5212 5466 5615 5348 5545 5101 5403 5308 5096 5465 
5082 4347 5023 4476 4833 5198 4492 4860 4717 4487 4851 4376 5276 4809 4623 4506 4786 4971 4215 4509 5129 4887 4327 4647 4338 4704 4419 4461 4567 4512 4683 4850 5051 4573 4382 4744 4709 4850 4815 4630 4920 4769 4809 4845 4668 4439 4452 4919 4767 5000 4759 4679 4840 5033 4525 4481 5017 4634 4817 4811 4862 4842 4131 5045 4871 4315 4765 4886 4757 4264 4570 4827 4561 4708 4687 4871 4830 4609 4761 5017 4888 4712 4585 4544 4642 4430 4489 4722 4640 4737 4507 4840 4350 4678 4222 4661 4501 4398 4499 4491 4604 4645 4964 4607 5084 4796 4503 4654 4833 4679 4737 4411 4762 4628 4608 5110 4706 4875 4614 4601 4760 4268 4784 4429 4717 4935 4162 4630 4797 5242 4522 4955 4738 4469 4283 4502 4400 4691 4915 4405 4417 4730 4969 4844 5078 4839 4716 5210 4466 4326 4605 4655 4840 4601 4333 4623 5052 4519 4390 4447 4762 4835 4527 4995 4923 4597 5026 4689 4611 4594 4378 4668 4351 4548 4505 4813 4346 5409 4888 4771 4994 5169 4530 4819 4983 4812 4892 4641 4596 4799 4746 4943 4762 4647 4851 4999 5043 4685 4991 4864 4805 4853 4699 4881 4757 4416 4831 5068 4975 4592 4615 4663 4609 4426 4530 4459 4789 4743 4583 4714 4643 4692 4747 4600 4649 5275 4369 4964 4561 4781 5032 4740 4827 4414 4507 4570 4697 4880 4811 5037 4816 4591 4486 4307 4791 4321 4839 4762 4847 4792 4854 4528 4770 4742 4553 4907 
5103 4538 5450 4818 5107 5611 4755 5207 5230 4503 5128 4796 5478 5312 4721 4909 5401 5144 4439 4959 5134 4994 4779 4781 4847 4948 4591 4936 4754 4581 5022 5332 5189 4804 4961 4704 5206 5122 5062 4949 5153 4989 5368 4980 5003 4825 4883 5075 4858 5130 5508 5045 4938 4889 4527 5059 4993 4915 5084 5108 5225 5118 4842 5337 5164 4960 4923 5319 4879 4488 5069 5262 5080 4762 4729 5560 5228 4683 4691 4872 4995 5318 5155 4963 4960 4841 4948 4746 5122 5303 4853 5149 4524 4914 4632 5173 5024 4603 5097 4777 4922 4931 5044 4955 5128 5115 4614 4997 4977 4912 5025 4967 4888 4867 5207 5544 5103 4823 5030 5131 5333 4642 4831 5021 4849 5281 4592 4975 5218 5742 5205 5292 4980 5135 4850 4578 4887 5241 5118 4658 4738 4971 5103 5103 5133 5274 5026 5835 4994 4866 5000 5254 5327 4979 4975 4842 4965 4944 4827 5120 5329 5179 4804 5292 5308 5327 5363 5075 4807 5209 4720 5022 5021 4875 4814 4768 4951 5693 5055 5090 5164 5360 4884 5261 5239 4956 5374 5020 5016 5005 4985 5330 5112 4978 5201 5042 5089 4903 5004 4968 4956 5204 4924 5276 5010 4886 5092 5339 5335 5032 4679 5009 5255 4914 4961 4929 4856 4807 4772 5148 4935 5191 4763 5041 4592 5535 4960 5280 4971 4938 5408 4994 5277 4791 4438 4950 4986 5169 5356 5499 5082 5263 4628 4723 5154 4567 5311 5030 5447 4974 5321 5130 4805 5223 4681 5107 
5504 5105 5475 5303 5389 5714 5315 5357 5353 4738 5190 5070 5729 5642 5153 5006 5494 5535 4779 5393 5566 5230 4901 5099 5126 5022 5229 5232 4989 5102 5104 5373 5325 5131 5455 5186 5214 5261 5364 5274 5567 5647 5464 5545 5399 5070 4964 5620 5534 5580 5128 5339 5255 5354 5325 5083 5414 5231 5398 5394 5450 5680 4780 5640 5516 5167 5229 5355 5040 4958 4915 5567 5514 5493 5274 5651 5455 5197 5286 5444 5597 5317 5026 5433 5358 5276 4954 5097 5288 5395 5126 4997 4888 5004 5286 5389 5371 4876 5286 5120 5590 5175 5314 5158 5369 5167 5055 5398 5536 5331 5362 5207 5286 5087 5381 5674 4947 5154 5522 5551 5654 4957 5273 4991 4990 5352 4948 5191 5187 5881 5542 5373 5130 5369 5041 4946 5254 5483 5652 5167 5014 5030 5619 5691 5409 5348 5541 5840 4932 4855 5262 5539 5544 5209 5426 5048 5786 5139 5303 5273 5468 5277 4982 5277 5473 5870 5518 5627 4855 5145 5003 5448 5084 5093 5166 5667 5326 5832 5134 5109 5380 5474 5203 5419 5526 4886 5654 4968 5348 5271 5381 5528 5291 5344 5464 5428 5608 5243 5484 5340 5352 5424 5333 5185 5171 5117 5579 5494 5708 5220 4996 5529 5677 5209 5037 5229 5313 5111 5119 5489 5217 5620 5047 5638 5054 5794 4954 5863 5087 5285 5557 5275 5661 5295 5094 5230 5150 5504 5446 5752 5360 5146 4764 4881 5188 4871 5338 5548 5771 5227 5553 5147 5239 5304 5063 5581 
5653 4877 5436 4948 5341 5439 5167 5541 5305 4642 5313 5161 5784 5535 5083 5317 5429 5456 4900 5377 5430 5300 4845 5178 4919 5447 5003 5289 5013 5182 5277 5480 5318 5114 5344 5270 4994 5345 5457 5310 5481 5522 5611 5386 5216 4987 4901 5387 5199 5448 5328 5587 5226 5383 5180 5163 5371 4900 5309 5311 5426 5449 4776 5385 5286 5079 5017 5566 5114 4908 5169 5433 5195 5404 5492 5469 5729 4997 5284 5221 5646 5121 5314 5316 5260 5070 4917 5086 5342 5338 5215 5258 4873 5084 5192 5441 5434 4531 5129 5162 5239 5280 5125 5234 5411 5261 4812 5383 5354 5105 5447 5138 4991 5324 5384 5632 5151 5164 5411 5517 5541 5078 5025 5106 5350 5311 4799 5294 5090 5810 5320 5244 5259 5092 4907 5009 5224 5223 5751 4916 4942 5165 5560 5539 5311 5105 5184 5693 4912 4796 5382 5145 5370 5266 5165 4966 5481 5040 5268 5306 5167 5306 4834 5416 5387 5716 5649 5414 4860 5211 5100 5411 5061 5232 4936 5457 5261 5870 5326 5111 5574 5639 5051 5390 5410 5263 5601 5110 5122 5486 5333 5608 5220 5347 5321 5289 5478 5355 5537 5205 5192 5637 5474 5162 5316 5317 5434 5529 5633 5210 5119 5404 5383 4834 5090 4967 5379 5231 5328 5094 5261 5218 5184 5373 4902 5815 4725 5564 5154 5100 5479 5369 5325 5371 5041 5109 5287 5528 5094 5762 5360 5407 5038 5039 5474 5084 5497 5118 5511 5076 5527 5288 5189 5237 5310 5503 
5316 4748 5430 5052 5227 5168 5003 5083 5164 4624 4989 4922 5559 5248 4966 5032 5239 5183 4754 5083 5509 4932 4855 5102 4684 5265 4852 5121 5134 5010 5071 5279 5465 4870 5309 5043 5035 5205 5089 5214 5287 5362 5230 5126 5218 5076 4870 4878 5376 5330 5324 5291 5303 5084 5010 5125 5122 5036 5089 4840 5360 5490 4429 5277 5361 4901 5162 5557 5102 4738 4844 5463 5089 5162 5036 5413 5367 4872 4858 5046 5388 4923 4994 5160 5117 5132 4976 4742 5178 5045 4793 5125 5049 4742 4882 5039 5073 4888 4862 4947 5049 4974 5139 4983 5311 5156 4720 5290 5432 4903 5351 4868 5034 5137 5083 5486 4971 5012 5280 5306 5289 4700 5124 5099 4990 5252 4804 5245 5304 5922 5179 5231 5000 5291 4791 4743 5077 5385 5606 4934 4593 5262 5434 5346 5327 5272 5145 5734 4919 4945 5206 5219 5179 5346 4932 5200 5557 4980 5161 5096 5221 5254 4915 5289 5455 5528 5363 5273 4622 5132 4790 5428 5066 5200 4883 5600 5221 5618 5224 5201 5474 5456 5019 5200 5218 4835 5362 4957 5019 5029 5459 5276 5165 5320 5199 5310 5450 5164 5544 5218 5234 5133 5174 5281 5054 5216 5338 5143 5361 5019 4797 5090 5516 4956 5048 5000 5174 5234 5187 5145 5086 5083 4895 5420 4989 5744 4621 5443 4880 5170 5611 4900 5118 5163 4933 4973 5185 5196 5165 5655 5358 5218 4816 4925 5253 4907 5472 5393 5378 5139 5325 4742 5070 5319 4597 5472 
5405 4628 5555 4952 5171 5415 4973 5207 5363 4497 5018 5063 5503 5262 5237 4930 5407 5288 4590 5024 5329 5134 4697 4936 4870 4932 4646 5130 4756 4761 5070 5066 5287 4759 5239 4984 5013 5218 5016 4971 5218 5404 5420 5079 5270 4738 4689 5426 5004 5452 5036 5360 4867 5289 5090 4754 5073 5029 5105 5136 5349 5246 4442 5306 5276 4941 5222 5238 4972 4926 4872 5207 5270 5215 4948 5500 5613 4750 5177 4857 5587 5136 5262 4967 5106 4935 4975 4936 4712 5151 5128 5331 4572 5008 4595 5038 5410 4713 4915 4874 5070 5184 5118 5029 5229 5254 4608 5174 5209 4964 5383 4852 4982 4977 5006 5452 5017 5132 4958 5227 5453 4804 5201 5072 5079 5293 4766 4972 5116 5643 5003 5093 4983 5161 4957 4717 4822 5122 5190 4670 4710 5037 5291 5330 5433 5341 4995 5688 4732 4612 5041 5052 5259 4874 4752 4692 5251 4977 5008 5090 5044 5725 5094 5223 5432 5366 5488 5307 4915 5076 4956 5158 5089 5013 4816 5186 4915 5500 5137 4975 5272 5501 4765 5201 5203 5239 5323 4706 5027 5303 5243 5088 5317 5099 5099 5507 5351 4930 5372 5047 4910 5402 5263 4993 5096 5068 5545 5344 5416 5217 4770 4868 5151 4879 5131 4950 5343 5101 5094 5102 5007 5436 5056 5074 4923 5776 4821 5533 5112 5149 5378 5129 5403 5083 4741 4625 5182 5513 5316 5718 5058 5030 4691 4505 5324 4946 5098 5280 5216 4885 5151 4985 4805 5252 4896 5367 
5804 4931 5864 5146 5624 5671 5324 5472 5566 4714 5405 5017 5997 5314 5398 5095 5485 5692 4856 5459 5503 5505 4798 5234 5152 5276 5347 5112 4905 5176 5418 5348 5517 5179 5800 5096 5506 5498 5486 5529 5588 5502 5648 5555 5386 4910 5002 5583 5610 5623 5499 5405 5420 5481 4999 5176 5468 5080 5549 5410 5585 5760 4747 5743 5410 5141 5288 5968 5182 5074 5163 5711 5381 5486 5527 5534 5931 5261 5362 5317 5638 5357 5104 5513 5413 5032 5109 5110 5597 5555 5227 5108 4969 5345 4991 5481 5270 4953 5139 5211 5412 5188 5267 5144 5564 5392 4878 5492 5634 5405 5438 5351 5325 5165 4959 5755 5442 5316 5425 5489 5580 5210 5223 5435 5084 5722 4918 5267 5517 5963 5373 5421 5120 5598 5251 5236 5316 5682 5499 5147 4984 5133 5421 5529 5373 5408 5427 5949 5010 5082 5054 5447 5627 5138 5171 5286 5518 5226 5366 5391 5326 5527 5016 5427 5322 5819 5934 5410 5088 5312 5069 5649 5303 5045 4955 5500 5249 5929 5519 5641 5509 5581 5140 5331 5418 5371 5603 5166 5171 5415 5514 5655 5454 5434 5555 5376 5932 5227 5576 5274 5373 5561 5305 5301 5295 5339 5289 5614 5785 5377 5290 5288 5407 5452 4940 5063 5281 5132 5616 5481 5624 5396 5211 5607 5070 5831 4796 5577 5309 5273 5709 5087 5551 5470 5085 5185 5490 5703 5516 6045 5377 5219 4779 5063 5531 4875 5624 5642 5597 5349 5655 5196 5577 5336 5230 5510 
5579 4990 5571 5294 5669 5989 5327 5670 5407 4679 5507 5197 6112 5610 5436 5076 5654 5868 4997 5443 5640 5294 5022 5616 5109 5552 5067 5365 5117 5046 5275 5512 5563 5178 5359 5309 5408 5361 5661 5394 5473 5714 5607 5564 5456 5167 5157 5289 5522 5643 5433 5602 5500 5493 5386 5146 5503 5402 5452 5432 5511 5722 4931 5747 5396 5187 5326 5638 5401 5131 5262 5809 5267 5739 5368 5797 5695 5299 5631 5474 5479 5391 5396 5233 5423 5258 5266 5254 5258 5591 5562 5208 5034 5266 5043 5377 5544 5100 5291 5177 5334 5439 5581 5288 5531 5648 5028 5730 5404 5312 5426 5173 5396 5338 5182 5533 5256 5379 5491 5701 5760 5052 5105 4945 5560 5670 5019 5182 5503 5894 5511 5644 5198 5268 5255 4969 5248 5316 5899 5307 5347 5292 5720 5719 5399 5481 5378 6010 5065 4937 5353 5828 5623 5281 5395 5263 5448 5258 5058 5334 5580 5652 5113 5468 5598 5869 5788 5769 5044 5530 5083 5391 5216 5256 5028 5487 5324 5786 5168 5389 5898 5893 5101 5576 5568 5229 5612 5339 5625 5572 5431 5935 5763 5570 5393 5811 5712 5741 5630 5602 5426 5486 5662 5133 5683 5134 5642 5644 5786 5144 5434 5245 5710 4930 5217 5274 5773 5333 5544 5357 5476 5632 5325 5524 5002 6077 4942 5630 5195 5301 5761 5460 5813 5355 5112 5295 5477 5488 5806 5846 5555 5532 5025 4685 5352 4981 5481 5653 5943 5423 5346 5131 5297 5456 5327 5608 
5196 4776 5061 5015 4979 5118 5031 4965 5042 4212 4781 4654 5305 5181 5258 4891 4749 5014 4207 4934 5235 4927 4369 4824 4740 5073 4800 4590 4728 4634 4991 5004 5128 4805 5255 4714 4881 4988 5024 4935 5332 5165 5143 4918 5062 4640 4657 5123 5067 5232 4966 4977 4944 4992 4904 4800 4833 4627 4821 4904 5142 5369 4544 5138 5106 4967 5180 5406 4657 4624 4542 5323 5317 5115 4792 5170 5308 4878 4831 5060 5000 4944 4791 4982 5206 4821 4758 4927 4972 5076 4626 4883 4864 4589 4765 4955 4886 4574 4937 4785 4972 5021 4737 5033 4988 5108 4461 5275 5021 4768 5213 4672 4767 4806 4752 5175 4807 4900 5135 5152 4967 4592 4795 4647 4736 5226 4676 4931 5000 5508 5024 4863 4748 5333 4761 4675 4812 5134 5269 4441 4679 4941 4872 5235 5217 4905 4896 5580 4419 4405 4747 5334 5104 4896 4890 4980 5142 4846 4956 4778 4941 4922 4770 5099 4886 5350 5346 5155 4477 4874 4687 5026 4820 4860 4930 5263 4815 5411 4704 4889 5403 5119 4687 4980 4979 4616 4930 4544 4860 5167 4981 5219 4837 4922 5216 5125 5233 4954 5180 5067 5024 4850 5066 5133 4634 4997 5221 5229 5206 5036 4677 4948 5073 4737 4929 4626 5123 4780 5176 5173 5148 5124 4907 5229 4835 5370 4599 5497 4855 4997 5266 4833 4918 4930 4873 5013 5251 5075 5203 5693 5009 4798 4633 4421 5191 4511 5162 5076 5150 4871 5076 4690 5107 5182 4772 4926 
5438 4768 5637 5051 5154 5561 5263 5287 5313 4623 5247 4919 5398 5749 5217 4986 5436 5504 4840 4965 5434 5314 5029 5477 5143 5049 4747 5136 4916 5076 5153 5462 5599 5187 5466 5077 5078 5273 5078 4987 5693 5429 5469 5532 5189 5087 4986 4939 5293 5598 5389 5297 5103 5450 5040 5013 5354 5359 5127 5265 5476 5660 4558 5608 5289 5261 5429 5575 5139 4972 4985 5541 5311 5239 5273 5566 5656 4908 5072 5395 5656 5295 5257 5273 5268 5114 5010 4801 4928 5553 5232 5126 4953 5263 4948 5310 5234 4688 5377 4870 5234 5310 5324 5247 5583 5365 4863 5289 5323 5360 5438 5338 5268 5090 5159 5708 5350 5202 5220 5437 5756 4857 5166 5051 5459 5479 4754 5114 5473 6131 5387 5130 5005 5320 5186 4821 4960 5491 5719 5073 5048 5058 5543 5397 5291 5435 5103 5799 5051 5054 5350 5376 5463 5360 5345 5055 5444 5255 5180 5467 5519 5460 5138 5497 5295 5790 5432 5235 5050 5277 5184 5334 5157 5155 4930 5122 5378 5726 5391 5395 5649 5791 5069 5239 5425 5171 5434 4925 5422 5336 5426 5551 5364 5261 5247 5357 5763 5353 5775 5185 5229 5381 5220 5217 5416 5425 5466 5684 5753 5208 5278 5232 5448 5009 5221 5101 5227 5237 5242 5242 5388 5430 5210 5561 5055 6066 4556 5646 5003 5235 5399 5111 5646 5380 5069 4838 5159 5565 5601 6048 5121 4964 4957 4892 5314 5061 5569 5427 5490 5424 5515 5546 5260 5406 5059 5552 
5547 4979 5434 4983 5002 5804 5101 5480 5466 4601 5316 4849 5746 5445 5018 5058 5386 5575 4576 5036 5421 5485 4753 5223 4960 5109 4717 5011 4837 4782 5239 5329 5552 5065 5084 5163 5166 5108 5254 5144 5333 5452 5518 5301 5557 4870 4773 5328 5179 5707 5067 5293 5359 5389 5005 4867 5312 5113 5157 5287 5205 5294 4560 5543 5339 5238 5525 5361 5157 4735 4964 5502 5220 5354 5175 5461 5613 4907 5060 5055 5491 5276 5196 5167 5426 5342 4864 4969 5024 5245 5176 5021 5056 5110 4740 5013 5217 4735 5087 4900 5187 5143 4959 5103 5205 5580 4889 5272 5211 5136 5279 5008 5169 5258 5060 5600 4848 4974 5455 5299 5571 4788 5257 4993 5058 5331 4590 4942 5262 5618 5353 5208 5329 5159 5063 5077 4849 5412 5675 4959 4823 4885 5156 5192 5204 5217 4895 5802 4854 4441 4858 5715 5463 5208 4992 5170 5456 5046 5051 5139 5503 5405 4995 5504 5362 5485 5657 5450 5013 5246 4813 5198 5027 5080 5134 4990 4972 5723 5364 5387 5481 5668 4815 5262 5567 5169 5489 4898 5098 5087 5441 5340 5720 5218 5157 5097 5670 5325 5367 5024 5393 5267 5047 5324 5096 5035 5396 5523 5369 5089 5075 5182 5272 5057 5076 5168 5324 5206 5347 5438 5401 5323 5170 5312 4783 5783 4814 5711 4949 5167 5430 5007 5433 5330 4986 5185 5158 5577 5654 6016 5100 5077 4769 4982 5182 4530 5316 5347 5367 4998 5386 5088 5084 5294 4908 5369 
5135 4558 5084 4822 5078 5341 4990 5302 4984 4656 4824 4518 5367 5328 4544 4822 5193 5142 4373 4825 5123 5084 4919 4842 4668 5112 4604 4970 4779 4837 5102 5146 5264 4982 5208 4999 4859 5109 4905 4710 5399 5241 5184 5204 5050 4846 4880 5008 4971 5291 4986 5194 4904 5044 4568 4838 5218 4812 5346 5006 4906 5218 4599 5203 5147 4941 4873 5069 4884 4611 4814 5575 5440 4903 5025 5366 5306 4690 4888 5145 5340 4892 5073 5029 4905 4925 4573 4810 4987 5380 4913 5095 4667 4802 4652 5093 4909 4538 4919 4961 4827 5021 4802 4842 5051 4897 5030 5095 5121 4892 4752 4666 4973 5109 5072 5247 4824 4876 5376 5207 5232 4878 4853 4794 5171 5104 4514 5125 5071 5441 5020 5145 5135 5113 4839 4644 4517 5491 5009 4997 4721 5102 5342 5307 5171 4899 4996 5498 4687 4505 4920 5017 5042 5082 4813 4691 5114 4879 5012 4928 5413 5368 4747 5312 5134 5167 5157 5054 4546 4869 4762 4908 4609 4788 4722 5237 4922 5492 5041 5106 5282 5237 4520 5156 5257 5211 5469 4900 4764 5322 5286 5273 5068 4948 5111 5261 5302 4892 5223 5061 4874 4844 4892 5038 5142 4916 5258 5420 5502 5070 4582 5009 5348 4496 5025 4853 5062 4709 5103 4937 4884 5485 4895 5150 4904 5301 4641 5369 4583 4993 5295 5209 5093 4886 4809 4902 5329 5352 5202 5500 5131 5208 4608 4586 4757 4561 5261 5183 5181 5111 5289 4623 4933 4665 5038 5472 
5410 4732 5253 5023 4860 5421 5033 5083 5641 4561 4746 4621 5693 5246 4896 4993 5253 5354 4625 4903 5343 5190 4974 4809 4840 5202 4728 5012 4734 4707 5083 5147 5274 4791 5044 4742 4984 5286 5246 5123 5119 5240 5498 5224 5112 4868 4488 5123 5048 5398 5291 4994 5034 5165 4756 4870 5169 4911 4907 4856 5172 5273 4672 5154 5006 5005 4944 5221 5335 4755 4802 5390 5019 4954 4814 5273 5094 4886 4924 4881 5187 5012 5138 5205 5089 4912 4823 4960 4999 5080 4764 5096 4803 4896 4721 5151 5006 4857 5079 4694 5138 4924 5187 4675 5176 5311 4712 5245 5369 5098 5108 5086 4994 5054 5015 5231 4941 4871 5086 5427 5331 4590 5075 5062 4793 5627 4527 5141 5228 5619 5252 4995 5154 5217 4810 4776 4876 5321 5220 4734 4635 5015 5001 5409 5022 5117 5027 5585 4916 4676 4715 5185 5305 5003 4941 4892 5322 5024 4758 5117 5288 5207 4742 5207 5153 5592 5219 5369 4891 5097 4630 5271 4954 5263 5029 5066 4988 5438 5104 5148 5304 5422 4813 5180 5243 4765 5429 4866 5065 5183 5113 5191 5119 5190 5305 5112 5144 5307 5428 5085 5036 5082 5299 4982 5036 4993 5282 5268 5131 4965 4840 4797 5057 4768 4723 4842 5045 4701 5185 5077 5310 4923 5047 5222 4438 5411 4771 5428 4888 5140 5353 5154 4766 4853 4847 4915 5018 5176 5139 5672 5315 5104 4450 4895 5069 4888 5202 5337 5410 5099 5252 5179 5051 5176 4820 5321 
5359 5013 5600 4866 5560 5434 4967 5300 5360 4748 5090 4800 5662 5299 4975 4838 5351 5551 4767 5089 5429 5201 4686 5176 4946 5131 5005 5010 4852 4821 5465 5522 5337 5170 5096 4767 5288 5127 5469 5236 5286 5491 5583 5292 5014 5140 4910 5218 5305 5337 5180 5322 5143 5136 5002 4961 5246 5078 5369 5156 5202 5518 4434 5634 5427 5051 5458 5428 4983 4882 4793 5829 5295 5094 4809 5353 5751 4955 5168 5312 5561 5053 5185 5355 5320 5043 4678 5091 5065 5132 5421 5205 4762 5100 5089 5327 5165 4727 5418 4645 5028 5488 5031 5003 5375 5503 4726 5260 5167 5159 5239 4827 4879 4940 5265 5255 4856 4952 5258 5284 5614 5071 5369 5035 4885 5275 4925 5288 5241 5663 5285 5041 5090 5356 5010 4973 5022 5372 5612 4731 5182 4959 5515 5495 5367 5121 5148 5700 4848 4764 5149 5279 5624 5115 5105 5003 5477 5263 5049 5006 5088 5575 5281 5412 5329 5303 5525 5347 5038 5146 4667 5353 5176 5025 5149 5168 5148 5856 4888 4990 5614 5388 4807 5264 5241 5196 5137 4883 5258 5114 5289 5588 5149 5497 5314 4957 5491 4950 5325 5147 5221 5139 5063 5249 5204 4995 5037 5360 5586 5145 5140 4910 5424 4885 4853 4964 5346 4978 5196 4884 5095 5351 5081 5196 5080 5753 4924 5806 5209 5160 5343 4912 5356 5250 4683 4999 5367 5431 5384 6029 5168 5392 4760 4720 5375 4826 5381 5193 5549 5103 5360 5264 5196 5082 5000 5427 
5627 5026 5521 5064 5304 5487 5137 5146 5421 4696 5319 5146 5862 5543 5260 5169 5475 5562 5012 5348 5645 5097 5085 5238 4928 5234 4913 5041 5204 4981 5101 5394 5597 5045 5102 5074 5310 5407 5525 5051 5545 5622 5462 5522 5226 5285 4773 5205 5378 5512 5527 5384 5398 5547 5203 5143 5618 5321 5402 4960 5584 5727 4564 5543 5450 4943 5113 5477 5338 4899 4793 5629 5231 5205 5091 5364 5229 5053 5258 5414 5500 5014 5175 5397 5214 5213 5131 5133 5107 5053 5050 5167 4981 5020 4925 5362 4883 4837 5299 5073 5066 5144 5247 4923 5467 5526 5021 5472 5615 5337 5305 5038 5266 5267 5325 5350 5049 5458 5257 5343 5567 4948 5367 4786 5111 5204 4865 5193 5484 5887 5620 5395 5060 5365 4730 4965 5045 5519 5956 5149 4965 5128 5609 5405 5385 5438 5399 5792 4920 5017 5223 5327 5479 5317 5229 5064 5452 5319 5120 5281 5384 5550 5140 5584 5503 5847 5507 5311 4904 5309 4847 5564 5047 5182 5028 5275 5224 5702 5406 5129 5473 5653 4944 5404 5568 5061 5617 4979 5187 5119 5346 5531 5420 5304 5073 5456 5873 5273 5482 5346 5032 5325 5276 5010 5335 5214 5565 5471 5671 4926 5086 5235 5569 4715 5067 5155 5260 5260 5331 5434 5222 5392 5038 5273 4922 5990 4802 5699 5092 5274 5596 5501 5469 5240 4864 5133 5307 5433 5438 5864 5439 5413 4905 4993 5048 5067 5231 5415 5589 5112 5524 5289 5396 5214 5143 5366 
5543 5041 5498 5022 5155 5813 5281 5619 5336 4615 5241 4945 5644 5342 5059 5086 5505 5490 4650 5283 5273 5337 5099 5345 5148 5482 5052 5221 4750 4940 5117 5445 5475 4880 5511 5193 5312 5235 5232 4962 5424 5677 5349 5401 5454 5059 5117 5268 5334 5744 5325 5483 5413 5175 5055 5074 5186 5157 5188 5086 5482 5459 4658 5565 5302 5367 5597 5390 5170 4730 5131 5605 5126 5328 5284 5469 5562 4873 5322 5173 5546 5312 5201 5199 5066 5101 4763 5030 5194 5327 5041 5373 4906 5171 5037 5508 5238 4812 5033 4966 5220 5111 5304 5289 5207 5303 4947 5263 5522 5213 5300 5207 5207 5054 5279 5366 5003 5091 5373 5569 5590 5170 5079 4973 5038 5535 4650 5159 5141 6144 5300 5333 5160 5321 5223 4887 4888 5498 5762 5163 4900 4976 5577 5429 5141 5316 5175 5700 4830 4739 5296 5377 5552 5235 5390 5185 5355 5006 4987 5110 5409 5365 5229 5382 5532 5755 5460 5129 5014 5176 4976 5373 5019 5146 4988 5431 4869 5811 5202 5279 5544 5543 5452 5479 5299 5296 5400 5107 5233 5298 5359 5279 5421 5104 5412 5152 5611 5282 5549 5035 5149 5415 4864 5109 5197 5131 5377 5422 5491 5107 5060 5191 5508 5175 4863 5039 4948 5002 5248 5338 5443 5405 5182 5495 4833 5965 4668 5669 5015 5053 5298 5412 5435 5286 4982 5107 5084 5540 5400 5857 5414 5172 4772 4953 5393 4817 5296 5281 5409 5259 5578 4809 5478 5415 4738 5537 
5445 4927 5778 4827 5114 5537 5043 5356 5308 4615 4882 5103 5629 5323 5006 5072 5472 5440 4656 4892 5513 4885 4775 5169 5279 5140 4967 4998 4894 5060 5209 5527 5483 4755 5340 5076 5099 5275 5351 5046 5607 5483 5566 5523 5080 4762 5028 5184 5211 5454 5294 5201 5257 5063 5059 4926 5365 5152 5493 5019 5430 5446 4734 5356 5182 5317 5331 5349 5089 4858 4959 5706 5303 5367 5116 5577 5507 4815 5068 5390 5466 5031 5203 5097 5066 5149 4733 5067 5103 5444 5180 5338 4860 5214 4908 5240 5215 4804 5148 5006 5355 5417 5367 4785 5416 5312 4812 5443 5377 4969 5227 4979 5284 5005 5224 5560 5202 5074 5382 5446 5561 4932 5264 4876 5026 5638 4743 5198 5539 6093 5265 5155 5156 5393 5011 4967 5073 5392 5656 5097 4974 5460 5396 5321 5207 5376 5310 5755 5001 4896 5158 5279 5470 5203 5246 4849 5573 5144 5086 5034 5309 5454 5227 5386 5172 5619 5462 5116 4808 4976 4819 5313 5154 4825 4871 5177 4932 5603 5185 5431 5491 5641 5023 5506 5331 5370 5442 5118 5120 5070 5240 5530 5619 5280 5328 5632 5912 5131 5378 5111 5126 5335 5219 5225 5111 5193 5606 5414 5174 5229 4878 4939 5374 4987 5124 5284 5445 5274 4959 5260 5224 5229 4929 5350 4769 6007 4848 5741 5119 5175 5542 5398 5169 5451 5158 5034 5403 5470 5537 5818 5261 5112 4722 4978 5051 4575 5338 5187 5498 5310 5423 5163 5266 5169 5120 5468 
5418 4755 5455 5134 5390 5415 5030 5396 5385 4739 5063 4832 5654 5384 4979 5027 5272 5498 4525 5203 5069 4982 4894 5049 4837 5055 4752 5148 4862 4999 4947 5169 5513 5095 5253 4909 4967 4964 5297 5327 5289 5332 5510 5499 5259 4944 4961 5184 5297 5620 5320 5009 5021 5164 5158 5064 5159 4991 5098 5322 5304 5483 4649 5532 5226 5112 5003 5507 5150 4918 4722 5470 5314 5306 5074 5509 5603 4798 5248 5230 5466 5254 5394 5109 5201 5076 4858 5054 5236 5218 5091 5083 4694 4956 4811 5336 5184 4786 5240 4902 5300 5393 5023 4982 5447 5332 4820 5308 5355 5222 5489 4774 5048 5139 5073 5426 5132 4884 5179 5422 5402 4881 4967 4869 5167 5257 4847 5190 5223 5833 5438 5379 5147 5302 4998 5061 4759 5396 5140 4845 4919 5110 5583 5172 5219 5235 5219 5567 4759 4628 5001 5401 5297 5208 5103 4907 5279 4989 5036 5221 5231 5523 5007 5416 5196 5467 5519 5229 4927 5092 5015 5426 5143 5230 5221 5129 4997 5598 5260 4954 5643 5544 4942 5313 5429 5047 5242 5064 5233 5394 5350 5360 5229 5386 5092 5369 5596 5175 5454 5167 5184 5479 5339 5112 5124 4892 5429 5473 5498 5245 5002 5086 5491 4841 5204 5024 5393 5068 5192 5284 5271 5330 5114 5360 4864 5725 4669 5693 4985 5226 5569 5093 5101 5291 4795 4830 5343 5358 5443 5707 5238 5191 4798 4560 5239 4854 5132 5193 5377 5122 5219 5125 5098 5250 4950 5802 
5259 4793 5078 4842 5068 5263 4832 5318 4902 4591 4912 4611 5500 5202 4812 4818 5270 5387 4501 4924 5148 4763 4642 4705 4651 4943 4728 4879 4753 4782 4669 5090 5253 4889 4910 4777 4666 5051 5042 4881 5229 5262 5169 5142 5060 4790 4972 4981 4916 5450 5107 4907 4876 5132 4939 4678 5080 4968 4902 5176 5009 5121 4508 5298 5018 4935 4976 5136 5124 4632 4762 5072 4957 5105 4815 5271 5134 4622 4699 4915 5228 4960 5041 4865 4968 4964 4855 5018 5125 4934 5098 4908 4607 4859 4714 4978 5088 4862 4911 4811 5090 5018 4740 4822 4907 5157 4858 5301 5220 4872 5104 4801 5118 5149 5111 5340 4783 4950 5040 4968 5194 4656 4875 4917 4818 5397 4782 5015 5169 5716 5239 4941 4904 5032 4705 4862 4719 5393 5016 4745 4548 4811 5441 5341 5331 5184 4937 5437 4847 4670 4752 5258 5216 5120 4944 4745 5259 4894 4888 4962 5321 5356 4757 5043 5290 5142 5083 5341 4950 4914 4723 5195 4838 4874 5083 4776 5027 5552 5246 4876 5188 5357 4868 5245 5238 4933 5467 4686 5157 5090 5111 5135 5178 4995 5057 5222 5490 4899 5066 4813 4949 5136 4757 4881 4785 5072 5200 4948 5120 4841 4739 4957 5190 4602 4913 4839 5021 4933 4965 5195 4778 5209 4742 5267 4776 5353 4580 5496 4713 4882 5242 4929 5180 5035 4779 5020 4941 5195 5139 5463 5098 4836 4295 4866 5067 4597 5020 5340 5241 4987 5364 4855 4933 5105 4805 5019 
4904 4647 5141 4703 4788 4906 4763 4912 4706 4621 4767 4334 5398 4906 4819 4837 5115 5287 4262 4785 5052 4781 4546 4586 4455 4567 4836 4926 4361 4563 4948 4873 4908 4516 4913 4754 4781 4652 5059 4884 5116 4897 5253 4723 5027 4517 4482 5048 4582 5214 4958 4968 4703 4794 4521 4547 4915 4916 4685 5072 4846 5043 4190 5109 5059 4871 4783 5058 5017 4250 4358 4899 4764 4630 4710 5409 5070 4379 4516 4581 4986 4969 4812 4883 4486 4791 4724 4665 4866 4775 4712 4635 4358 4692 4382 4951 4853 4077 4830 4379 4640 4715 4658 4795 4992 5061 4685 4499 5092 4867 5234 4541 4676 4685 4805 4995 4703 4742 4790 4581 4960 4532 4706 4688 4681 5068 4302 4716 4800 5396 4604 4779 4825 4767 4824 4436 4398 4919 4943 4383 4459 4572 4845 4945 5045 4794 5063 5228 4542 4306 4562 4954 5258 4806 4586 4727 4960 4950 4602 4791 5048 4872 4717 5147 5080 5098 5251 4803 4496 4782 4470 5118 4659 4773 4896 4664 4704 5398 4862 4831 5092 5150 4812 5004 5244 4590 4913 4408 4869 4846 5008 4878 4801 4806 5017 4803 5398 4723 5218 4701 4577 4852 4663 4923 4772 4646 5012 5148 4988 4618 4473 4858 4881 4729 4548 4704 4508 4770 4859 5110 4773 5044 4492 5066 4584 5308 4363 5148 4762 4359 5143 4907 4477 4597 4791 4628 4945 5048 4730 5384 4781 4882 4612 4646 5028 4375 4956 5134 5241 4654 4980 4712 4657 4868 4384 4917 
5485 5060 5422 4973 4924 5236 4975 5324 5299 4527 5111 4754 5779 5457 4867 4997 5355 5358 4944 4669 5394 5257 5050 5203 4793 5315 4773 4892 4690 5063 5012 5358 5192 4914 5316 4853 5090 5152 5163 4884 5411 5272 5476 5276 5051 5097 5035 5291 5093 5399 5115 5280 5072 5100 4879 4917 5121 5276 5049 5142 5412 5201 4484 5409 5351 5069 5192 5145 5116 4697 4659 5407 5025 4825 5105 5568 5395 5109 4933 5198 5320 5068 5268 5111 4913 5230 4905 4987 5228 5164 5029 5418 4871 5032 4754 5256 5147 4984 5156 4902 5296 5160 4977 5005 5455 5191 4948 5330 5303 5022 5105 4914 4884 5382 5226 5376 5058 5132 5256 5584 5395 5008 5122 5257 4843 5343 4774 5387 5220 5718 5249 5188 5256 5233 4632 4696 5031 5276 5506 4862 4787 5115 5310 5419 5334 5277 5103 5551 4815 4751 4957 5217 5476 5233 5131 4981 5323 5236 4977 4862 5186 5247 4901 5394 5282 5570 5302 5179 4769 5060 4597 5036 5006 4958 4992 5091 5160 5577 5433 5236 5733 5562 5103 5327 5102 5132 5432 4693 5147 5251 5223 5520 5496 5150 5229 4990 5786 5134 5427 5029 5288 5366 4951 5312 5193 5258 5327 5258 5513 5023 4879 5099 5500 4882 5091 5090 5070 5109 5124 5451 5326 5250 5026 5477 4685 5605 4607 5632 5021 5026 5425 5177 4963 5255 4974 4936 5240 5350 5291 5732 5081 4971 4760 4851 5094 4887 5196 5422 5265 5047 5408 4997 5040 5023 5025 5270 
5251 4840 5392 4658 5207 5281 5012 5195 4775 4727 4904 4822 5810 4998 4823 4672 5104 5304 4458 4950 5218 4959 4661 5074 4893 4999 4779 4928 4741 4960 5019 5312 5606 4624 5231 4934 5123 5060 5089 5232 5268 5344 5398 5165 5160 4781 5025 5094 5312 5681 4925 5030 4867 5074 4902 4914 5280 5147 5170 5229 5055 5217 4739 5384 5153 5247 5065 5234 5121 4704 4835 5213 4958 5258 5158 5656 5452 4920 5139 5052 5436 4900 5022 5041 5271 5079 5022 4710 5147 5094 5177 5186 4673 5227 4872 5198 5266 4560 5213 4846 4969 5128 4955 4998 5124 5051 4888 5146 5139 4916 5232 4782 4899 5150 5057 5212 4939 4885 5001 5109 5462 4968 4985 4985 4704 5321 4780 4937 5261 5844 5352 4969 4792 5092 5038 4682 4564 5470 5149 4962 4740 5060 5049 5408 5168 5139 5384 5627 5129 4359 5174 5259 5124 4995 4893 4841 5440 5153 4884 4817 5337 5374 4890 5118 4977 5165 5420 5107 4644 5084 4947 5309 4929 4848 5098 4955 4895 5651 5169 5073 5432 5278 4862 5347 5365 5006 5090 4839 5018 5139 5249 5411 5301 4864 5104 5323 5679 5116 5372 5197 5039 5021 5107 5051 4952 4923 5103 5308 5204 5051 4818 4976 5369 4849 4806 4883 5007 4718 5007 5101 4863 5276 5012 5479 4528 5620 4672 5503 4995 4846 5484 5294 5143 5239 4865 4989 5220 5218 5398 5556 5041 5100 4687 4758 5176 4679 5218 5091 5161 4905 5262 4869 5011 5081 4859 5083 
5552 4796 5492 4925 5284 5716 5136 5222 5025 4629 5058 4871 5634 5535 5236 4961 5372 5485 4859 5209 5415 5161 5120 5522 4744 5362 4986 5111 5040 4820 5196 5430 5423 5069 5252 4954 5168 5275 5124 5302 5167 5496 5238 5276 5011 4783 4784 5110 5249 5661 4840 5169 5237 5340 5308 5043 5608 5086 5237 5115 5268 5222 4665 5526 5288 5025 5148 5306 5135 4920 4871 5665 5376 5273 5314 5395 5738 4850 5313 5284 5855 5091 4980 5400 5102 5316 5018 4885 5244 5263 5159 5168 4876 5043 4948 4879 5246 4945 5216 5158 5115 5207 5157 5066 5374 5352 4648 5416 5328 4887 5231 4882 5071 5236 5199 5291 5095 5117 5312 5193 5417 4782 4968 4917 5134 5193 4618 5018 5408 5714 5466 5082 5288 5339 4917 5241 4846 5365 5609 4796 4706 5121 5277 5564 5457 5445 5122 5892 4965 4675 5209 5441 5341 5048 4930 4864 5477 5055 5311 5103 5492 5383 5171 5300 5570 5438 5443 5355 4780 5230 4770 5369 4902 4954 4799 5328 5164 5891 5139 5406 5428 5591 4930 5070 5473 4963 5400 5038 5021 5475 5209 5566 5223 5211 5103 5330 5794 5177 5556 5411 5246 5118 5121 5274 5044 5244 5101 5625 5521 5252 5077 5035 5427 4770 5061 4969 5285 5029 5109 5059 5121 5383 5239 5306 5100 5904 4699 5776 4940 5199 5471 5299 5378 5206 5036 5060 5314 5361 5338 5988 5164 5376 4704 4828 5242 5124 5272 5337 5448 4999 5343 5115 5004 5171 5057 5410 
5640 5080 5761 5091 5334 5711 5260 5425 5448 4917 5193 5008 5813 5473 5401 5175 5422 5646 4969 5446 5745 5298 4874 5389 5123 5389 4849 5204 4997 4943 5399 5409 5721 5116 5384 5061 5325 5278 5297 5480 5566 5680 5647 5503 5229 4993 5135 5593 5460 5705 5497 5318 5242 5474 5175 5098 5628 5037 5030 5446 5386 5640 4643 5625 5389 5101 5445 5645 5075 4817 5333 5571 5088 5611 5287 5570 5566 5299 5335 5349 5439 5067 5239 5457 5403 5208 4990 5124 5412 5246 5230 5025 4951 5280 5137 5225 5285 5001 5261 4896 5078 5395 5423 4970 5505 5449 4915 5258 5453 5194 5683 5259 5302 5307 5349 5616 5397 5647 5456 5382 5805 5147 5276 5122 5114 5452 4971 5196 5572 6065 5395 5325 5190 5374 5205 4978 5252 5699 5643 5115 5117 5225 5514 5601 5346 5561 5394 6021 5086 5037 5225 5415 5557 5520 5304 5362 5586 5171 5254 5223 5442 5832 5122 5269 5510 5837 5579 5543 5093 5195 5070 5477 5361 5018 5116 5377 5147 5824 5506 5398 5537 5610 5460 5288 5487 5494 5540 5198 5272 5300 5551 5672 5638 5438 5590 5555 5906 5382 5629 5193 5432 5658 5423 5462 5285 5178 5532 5644 5573 5293 5229 5024 5701 5018 5067 5308 5466 5285 5424 5622 5458 5605 5160 5468 5055 6062 4728 6000 5306 5303 5706 5259 5258 5097 5283 5053 5347 5570 5564 5774 5322 5166 4825 5158 5842 5078 5447 5288 5554 5184 5665 5208 5268 5483 5149 5507 
5250 4925 5390 4928 5225 5732 5033 5160 5065 4769 5125 4717 5362 5293 4945 5009 5197 5227 4436 5282 5201 5039 4754 5209 4804 5269 4806 4937 4677 4829 4905 5184 5338 4904 5090 5005 5178 4853 5114 4894 5404 5261 5249 4987 5423 4728 4898 5017 5029 5473 4934 5135 5143 5199 4942 4945 5395 5037 4892 5213 5296 5376 4344 5571 5023 4885 5053 5247 5210 4532 4901 5570 4980 5102 4731 5375 5446 4815 5009 5324 5468 5108 4871 4885 5007 4900 4723 4682 4934 5066 5093 5090 4848 5035 4811 5048 5140 4654 5016 4879 4972 5001 4920 4770 5403 5083 4972 5233 5373 5033 5154 4899 5153 5171 5328 5185 4839 5064 5074 5341 5360 4744 5102 4869 4993 5314 4739 5011 5265 5876 5024 4915 4969 5130 4700 4689 4720 5087 5534 4693 4885 5076 5150 5078 5176 4992 4838 5703 4712 4736 5209 5173 5497 5220 4967 5009 5243 4921 4751 5088 5146 5268 4821 5207 5401 5368 5363 5249 4708 4885 4865 5217 4775 4929 4864 5004 5118 5624 5245 5305 5394 5563 5151 5044 5285 5014 5278 4992 4823 5260 5345 5367 5316 5065 5161 5219 5694 4990 5492 5051 5046 5000 4941 5040 5221 4831 5117 5511 5423 4980 4813 4805 5208 4579 4949 4815 5191 5018 5031 4898 5123 5333 5042 5169 4583 5534 4489 5604 4876 4869 5483 5110 5055 4902 4976 5022 4782 5361 5113 5508 5232 5050 4789 4621 5042 4589 5243 4961 5417 5057 5295 4894 5249 5146 5059 5280 
5435 4808 5369 5071 5083 5783 4968 5470 5282 4509 5178 4590 5551 5381 4889 5011 5146 5267 4629 4983 5269 5013 4842 5071 5012 5095 4924 4984 4622 4892 5108 5471 5404 5075 5213 4667 5324 5019 4979 5093 5248 5260 5484 5189 5140 4682 5035 5262 5052 5566 5292 5084 4902 5102 4996 4966 5196 5288 4965 5168 5256 5384 4324 5423 5241 5019 5286 5257 4973 4759 4807 5405 5093 5021 5017 5366 5296 4855 5078 5117 5323 5202 5054 5366 5151 4890 4731 4847 5213 5209 5082 5150 4685 5102 4797 5007 4950 4669 5156 4828 5151 5104 4991 4962 5242 5199 5052 5168 5188 4996 5124 4834 5201 4905 5310 5200 4978 4895 5059 5277 5103 4823 4929 5015 4669 5230 4666 4929 5344 5482 5004 4933 5141 5074 4880 4779 4823 5227 5277 4974 4925 4890 5188 5172 5329 4973 5116 5697 4678 4840 5091 5286 5604 5153 5000 5145 5323 4981 4939 5044 5068 5333 4881 5550 5147 5174 5220 5207 4721 5217 4756 5108 5200 4915 4825 4952 4934 5629 5202 5066 5545 5474 5206 5109 5133 4994 5338 4788 5180 4845 5190 5347 5204 4917 5043 5111 5768 5154 5363 5182 5081 5068 5074 4993 5236 4958 4874 5376 5186 4969 4921 5207 5374 4872 4969 4903 5214 5055 5243 5345 5236 5221 4910 5306 4780 5687 4527 5561 4935 4762 5472 4932 4978 4934 5133 4921 5066 5172 5224 5748 4948 4917 4517 5029 5312 4688 5168 5271 5452 4856 5183 5199 5098 5116 4958 5020 
5603 5117 5703 5309 5327 6001 5074 5488 5427 4765 5237 4855 6021 5671 5253 5327 5748 5633 5079 5497 5797 5558 4918 5142 5129 5619 4874 5314 4988 5156 5415 5823 5393 5180 5487 5213 5392 5422 5455 5530 5672 5795 5661 5810 5094 5020 5233 5683 5305 5702 5325 5369 5287 5397 5236 5035 5669 5169 5373 5576 5664 5753 4753 5764 5778 5268 5621 5652 5222 4992 4887 5730 5411 5600 5348 5828 5841 5166 5461 5362 5414 5318 5212 5597 5332 5446 4969 5199 5436 5181 5602 5209 5001 5024 5329 5436 5608 5088 5393 5168 5161 5441 5497 5086 5374 5610 5067 5636 5578 5439 5385 5296 5207 5286 5536 5552 5361 5470 5349 5483 5911 5280 5406 5219 5513 5451 4765 5444 5343 5992 5874 5465 5029 5498 5181 5163 5259 5546 5669 5097 5272 5135 5550 5672 5445 5347 5555 5805 5061 4994 5292 5474 5679 5394 5270 5201 5540 5296 5218 5248 5488 5774 5044 5405 5534 5908 5496 5678 5146 5314 5020 5483 5128 5070 5063 5208 5346 5849 5323 5369 5731 5872 5100 5568 5472 5534 5515 5141 5330 5323 5548 6016 5456 5719 5587 5504 6082 5357 5598 5202 5398 5480 5003 5349 5450 5411 5847 5669 5899 5336 5165 5107 5837 5074 5092 5402 5373 5227 5424 5219 5460 5720 5073 5689 5140 5973 4799 5956 5159 5284 5716 5308 5698 5362 5148 5103 5642 5515 5914 5810 5534 5579 5180 5353 5414 5191 5392 5723 5866 5255 5606 5461 5253 5320 5271 5521 
5826 5161 5928 5706 5780 6045 5614 5915 5917 5230 5548 5247 6387 6041 5559 5435 5757 5808 5203 5787 6080 5685 5473 5721 5407 5466 5589 5343 5305 5427 5570 6050 5840 5632 5639 5362 5783 5608 5615 5644 5890 5787 6059 5856 5562 5377 5399 5763 5465 6215 5540 5961 5945 5827 5554 5547 5812 5334 5588 5959 5858 5679 4802 6120 5682 5558 5575 6008 5800 5288 5431 6028 5625 5647 5556 6099 6161 5486 5829 5638 6115 5822 5628 5754 5537 5617 5242 5435 5594 5765 5510 5917 5222 5678 5324 5809 5793 5302 5322 5493 5708 5538 5774 5411 5805 5785 5577 5953 5795 5627 5841 5499 5629 5469 5649 6112 5433 5476 5708 6045 5841 5356 5590 5221 5560 6019 5206 5664 5761 6415 5713 5482 5558 5497 5318 5421 5499 5836 5937 5350 5446 5838 5944 5687 6092 5796 5642 6379 5477 5403 5699 5556 6020 5360 5403 5156 6088 5437 5499 5580 5768 5763 5418 5748 5805 6086 5986 5913 5320 5468 5374 5809 5654 5532 5460 5685 5576 6144 5702 5988 6033 6081 5343 5784 5894 5570 5975 5478 5491 5409 5646 5814 5720 5805 5529 5900 6377 5529 5930 5590 5581 5742 5690 5704 5684 5395 5824 5772 5819 5675 5400 5895 5774 5421 5533 5586 5661 5841 5718 5663 5899 5800 5531 5757 5371 6347 5105 6205 5431 5582 5932 5680 5686 5533 5579 5405 5520 5934 5747 6332 5691 5713 5339 5468 5808 5260 5898 6092 6097 5624 5849 5551 5646 5530 5512 5855 
4929 4486 5223 4529 4892 5082 4789 4856 4950 4251 4718 4700 5162 5062 4589 4792 5189 5137 4296 4974 5122 4912 4513 4769 4684 4720 4598 4719 4475 4723 4806 4985 5132 4888 5163 4566 4816 4690 4901 4799 4852 5007 5080 4764 4643 4414 4438 4825 4784 5122 4621 5301 5034 4774 4786 4629 4899 4359 4784 4884 5139 5123 4171 4919 4556 4678 4903 4893 4717 4590 4654 5025 4901 4912 4877 5191 5265 4583 4639 4734 5170 4879 4608 4849 4814 4613 4436 4460 4596 4928 4795 4697 4375 4583 4293 4827 5026 4142 4678 4856 4770 4755 4825 4601 4824 4945 4483 4891 4775 4715 4913 4687 4587 4654 4542 4947 4585 4753 4994 4969 5219 4718 4630 4618 4796 4657 4481 4694 4725 5566 4834 4880 4681 4605 4716 4450 4780 4995 4942 4768 4621 4501 4911 4998 5024 5125 4783 5249 4458 4408 4600 4824 5143 4608 4946 4352 5076 4846 4826 4865 5036 5015 4594 4841 4973 5186 4930 5044 4575 4555 4802 4741 4675 4691 4526 4906 4734 5339 4722 4712 4870 5037 4545 5103 4968 4807 5200 4616 4779 4809 4847 5051 5148 4813 4768 4966 4997 4685 4767 4694 4708 5028 4866 4822 4684 4771 5114 5185 5095 5039 4638 4787 5228 4442 4745 4887 4699 4759 4729 4827 4785 5055 4526 4858 4635 5540 4453 5271 4631 4930 5171 4759 4827 4792 4522 4496 4576 5300 4928 5365 4713 4718 4294 4623 5001 4532 4902 5060 5181 4643 5033 4557 4594 4902 4695 4914 
5469 4982 5437 5281 5341 5466 5192 5425 5281 4619 5304 4910 5621 5401 5283 5171 5497 5376 5001 4949 5478 5459 5087 5368 5038 5474 4973 5293 5079 5064 5125 5491 5478 5169 5279 5122 5159 5167 5322 5078 5413 5410 5595 5313 5400 5157 4991 5428 5340 5514 5366 5102 5111 5425 5184 5021 5167 5083 5300 5401 5534 5370 4606 5600 5404 5136 5282 5410 5142 5097 4990 5696 5291 5350 5107 5497 5629 5078 5373 5276 5566 5276 5267 5308 5291 5172 5049 5108 5313 5462 4976 5502 5022 5106 4907 5048 5287 4910 5342 4917 5390 5156 5405 5107 5515 5350 4827 5348 5524 5245 5309 4926 5449 5259 5365 5374 5248 5231 5307 5452 5377 5086 5212 4968 5119 5385 4777 5233 5452 5809 5543 5561 5120 5260 4892 5073 4808 5509 5433 5198 4969 5301 5747 5612 5360 5173 5437 5805 4926 4968 5262 5584 5367 5200 4958 5034 5461 4950 5023 5215 5323 5510 5046 5435 5446 5550 5459 5353 4991 5249 4938 5349 5007 4998 5359 5624 5047 5666 5429 5372 5500 5566 5009 5323 5590 5101 5592 5084 5350 5282 5195 5355 5257 5299 5030 5578 5805 5373 5567 5398 5318 5377 5255 5237 5479 5340 5508 5589 5608 5203 5050 5494 5552 4892 5055 5112 5374 5146 5235 5371 5391 5476 5250 5171 4929 6022 4664 5998 4939 5277 5435 5238 5266 5492 5016 5023 5226 5520 5568 5874 5437 5229 4900 5112 5374 5102 5458 5580 5355 5598 5441 5130 5239 5328 5071 5450 
5255 4578 5460 4889 5216 5468 4913 4922 5156 4582 5155 4657 5474 5189 5026 5053 5244 5197 4838 5181 5191 5083 4706 4974 4797 4954 4892 4910 5034 4973 4839 5181 5393 4776 5228 4794 5193 5083 5120 4887 5373 5197 5270 5323 5062 4768 4863 5128 5029 5418 5333 5108 5068 5031 4893 5046 5244 4758 5139 5159 5194 5147 4556 5277 5143 4997 5419 5379 4881 4798 4894 5171 5121 5177 4911 5574 5034 4805 4934 5091 5206 5156 5022 5004 4851 5012 4931 4645 5220 4790 4955 5020 4596 4914 4609 5047 5184 4554 5161 4865 4985 4980 5043 4676 5406 5316 4785 5176 5179 4785 5111 4780 4878 5056 5093 5351 4866 5156 5234 5269 5305 4952 4831 4852 4932 5348 4505 5034 5112 5640 5105 5048 5234 5210 5044 4789 4769 5142 5488 4878 4862 4897 5141 5243 5180 5159 5255 5707 4687 4810 5138 5336 5145 5206 4802 4912 5281 5017 4792 4873 5242 5315 4959 5241 5419 5510 5519 5294 4956 5052 4942 5178 4957 4889 4684 4983 4673 5395 5217 5086 5431 5349 5077 5231 5026 4944 5429 4870 4793 4801 5233 5114 5193 5013 5439 5285 5509 4967 5106 5317 5118 5172 4896 5054 4991 5054 5363 5346 5452 5075 4945 4809 5308 4748 5156 4744 5277 4913 5281 5361 5051 5428 5134 5252 4724 5544 4965 5541 4697 4949 5228 4979 5118 4901 4871 4909 4939 5166 5260 5591 5062 5209 4828 4792 5051 4498 5196 5232 5331 4901 5369 5240 5053 5141 4994 5293 
5548 5112 5707 5241 5407 5501 5151 5647 5368 4609 5209 4963 5839 5382 5081 5243 5519 5525 4976 5391 5432 5082 4700 5253 4994 5167 5127 5240 4924 4911 5298 5694 5599 5098 5198 5023 5140 5403 5461 5317 5361 5384 5565 5453 5239 4895 4996 5434 5132 5600 5379 5449 5230 5186 5170 5056 5326 5139 5228 5399 5411 5652 4701 5701 5452 5110 5173 5722 5313 4999 5217 5720 5182 5451 5134 5558 5576 5060 5249 5324 5508 5101 5098 5453 5192 5435 5045 5249 5133 5361 5115 5487 4871 5074 5063 5213 5527 4925 5159 5182 5307 5540 5351 5311 5575 5355 5084 5368 5340 5302 5438 5096 5081 5367 5503 5593 5027 5297 5340 5486 5607 5097 5127 4955 4946 5368 5101 5330 5771 5987 5550 5208 5243 5311 4926 4826 5107 5467 5775 5063 4972 5002 5561 5797 5449 5419 5235 5932 5197 4861 5324 5385 5376 5127 5351 5197 5574 5151 5273 5154 5246 5489 5089 5311 5499 5823 5505 5365 5014 5329 4926 5387 5277 5181 5416 5159 5233 5802 5340 5143 5775 5940 5192 5419 5487 5205 5484 5001 5328 5317 5236 5595 5401 5350 5115 5526 5890 5382 5593 5254 5280 5405 5195 5314 5230 5361 5324 5480 5519 5270 4983 5577 5296 5012 4981 4961 5035 5008 5355 5238 5377 5666 5081 5347 4997 5997 4986 5964 5374 5213 5461 5187 5461 5236 5115 5203 5248 5528 5588 5814 5372 5041 5015 5053 5481 4882 5056 5487 5324 5302 5576 5124 5287 5232 4940 5505 
5609 5184 5933 5507 5662 5936 5282 5444 5627 4930 5374 5224 6263 5804 5121 5471 5550 5829 5228 5505 5868 5588 5065 5587 5253 5611 5246 5493 5310 5348 5467 5845 5934 5408 5692 5310 5523 5507 5711 5561 5646 5653 5802 5749 5530 5195 5206 5610 5546 6035 5555 5488 5524 5733 5483 5638 5659 5426 5392 5801 5722 5890 4839 5732 5567 5535 5653 6085 5599 4839 5496 5890 5436 5632 5434 5757 5669 5289 5560 5447 5850 5727 5455 5629 5592 5755 5108 5168 5683 5691 5368 5637 5335 5488 5346 5543 5569 5249 5521 5420 5377 5550 5582 5503 5569 5521 5427 5583 5661 5660 5773 5247 5294 5271 5667 5828 5311 5403 5710 5833 5851 5110 5266 5024 5682 5904 5229 5333 5805 6168 5590 5419 5764 5362 5500 5284 5417 5765 5985 5289 5238 5336 5862 5896 5730 5612 5358 6131 5265 5177 5171 5752 5947 5483 5286 5274 5705 5335 5234 5504 5561 5889 5333 5654 5780 5761 5713 5502 5335 5391 5282 5422 5402 5485 5613 5402 5667 6197 5605 5628 5826 5957 5725 5612 5828 5342 5982 5190 5590 5331 5525 5793 5572 5583 5461 5763 6076 5625 5691 5358 5473 5609 5510 5462 5464 5593 5809 6057 5834 5126 5228 5577 5830 5531 5403 5519 5443 5463 5580 5308 5366 5584 5375 5479 5171 6076 5216 6159 5366 5427 5777 5508 5798 5413 5288 5237 5542 5667 5829 6276 5553 5505 5206 5228 5589 5239 5747 5853 5926 5248 5648 5467 5396 5733 5270 5724 
5537 5071 5525 5253 5387 5835 5245 5636 5545 5044 5411 5096 5780 5702 5067 5248 5694 5546 5024 5355 5852 5299 5185 5444 5162 5247 5331 5178 5162 5087 5533 5529 5724 5168 5484 5199 5374 5336 5564 5273 5515 5693 5768 5544 5377 4906 4890 5381 5266 5800 5380 5345 5356 5425 5411 4994 5356 4956 5662 5376 5706 5900 4798 5538 5592 5262 5280 5505 5587 5287 5037 5688 5404 5345 5479 5571 5755 4872 5334 5561 5716 5173 5158 5358 5346 5372 5040 5092 5319 5608 5212 5310 5131 5177 5132 5201 5396 4676 5190 5177 5328 5164 5216 4893 5329 5571 5208 5369 5635 5176 5535 5169 5129 5418 5409 5636 5177 5253 5636 5593 5747 5000 5271 5134 5354 5576 4878 5029 5506 6108 5226 5284 5127 5441 5118 5052 4961 5714 5748 5163 4654 5418 5390 5601 5461 5222 5263 5827 5049 4885 5256 5573 5567 5471 5303 5209 5696 5133 5308 5541 5327 5657 5234 5572 5663 5885 5589 5594 5059 5230 5112 5552 5230 5380 5081 5589 5280 5945 5426 5542 5224 5945 5365 5609 5467 5349 5742 5120 5173 5398 5493 5725 5559 5528 5191 5557 5744 5278 5627 5498 5217 5294 5299 5454 5304 5524 5539 5647 5412 5354 5236 5620 5550 5072 5171 5178 5315 5214 5350 5316 5324 5434 5046 5601 5089 6126 4888 5800 5038 5374 5876 5255 5418 5364 5129 5007 5425 5734 5347 6181 5298 5461 4906 5072 5222 4992 5402 5603 5561 5264 5559 5233 5296 5207 5189 5693 
5518 5263 5637 5222 5575 5658 5495 5251 5602 4796 5228 5043 6106 5672 5165 5102 5894 5585 5078 5441 5706 5006 5088 5198 5010 5593 5254 5064 4718 5059 5167 5601 5836 5010 5603 5141 5511 5405 5467 5489 5532 5577 5650 5471 5227 5048 5060 5433 5340 5998 5276 5425 5222 5241 5033 5426 5287 5333 5209 5521 5355 6009 5095 5675 5564 5451 5329 5678 5238 5161 5190 5774 5385 5258 5235 5870 5811 5086 5315 5344 5483 5198 5352 5478 5590 5446 5126 5242 5348 5256 5270 5427 5202 5173 5182 5288 5195 4980 5502 5146 5160 5399 5399 5226 5455 5337 5237 5688 5514 5360 5424 5134 5209 5128 5253 5739 5233 5048 5231 5685 5558 5192 5183 5104 5087 5701 4690 5510 5515 6283 5552 5335 5450 5396 5209 4961 5029 5744 5829 5032 5256 5503 5758 5721 5600 5255 5497 6056 5279 5106 5140 5605 5594 5353 5375 4908 5382 5306 5281 5300 5567 5517 5146 5672 5483 5869 5499 5385 5021 5279 5109 5663 5212 5299 5194 5313 5053 6000 5203 5458 5877 5710 5207 5651 5494 5341 5527 5042 5260 5462 5437 5602 5425 5498 5594 5434 5734 5369 5700 5494 5018 5377 5403 5371 5318 5578 5463 5823 5721 5370 5185 5292 5633 4992 5155 5104 5147 5229 5559 5146 5424 5534 4938 5564 5051 6120 5024 5839 4933 5379 6074 5443 5198 5446 4965 5689 5616 5541 5774 5896 5392 5573 4722 5153 5493 5220 5591 5349 5627 5407 5731 5262 5338 5369 5262 5423 
5543 5179 5531 5399 5682 5621 5467 5757 5384 5065 5456 5162 6019 5544 5434 5092 5475 5574 4954 5223 5670 5347 4994 5636 5289 5292 4991 5229 5110 5264 5228 5530 5840 5351 5339 5259 5368 5430 5538 5277 5452 5466 5627 5253 5027 5148 4934 5472 5252 5665 5248 5297 5233 5499 5359 5320 5513 4941 5282 5647 5330 5446 4637 5768 5612 5298 5348 5519 5471 5036 5119 5423 5327 5488 5290 5774 5683 5236 5151 5442 5912 5331 5176 5283 5484 5256 5258 5302 5424 5352 5197 5189 4905 5262 5131 5342 5440 4853 5532 4865 5349 5313 5625 5209 5499 5414 5031 5570 5578 5277 5179 5250 5216 5387 5148 5486 5103 5432 5211 5403 5735 5168 5115 5226 5243 5571 4826 5125 5453 6021 5414 5568 5218 5378 5273 5064 4962 5437 5497 5088 5257 5175 5411 5590 5823 5619 5460 5889 5106 4783 5202 5626 5546 5240 5445 5133 5668 5053 5223 5071 5665 5562 5165 5682 5593 5731 5509 5533 5094 5293 5062 5527 5124 5348 5385 5474 5364 5663 5381 5426 5964 5888 5287 5752 5516 5265 5476 5180 5355 5400 5622 5667 5653 5221 5348 5540 5626 5418 5680 5339 5382 5493 5227 5458 5341 5228 5443 5548 5712 5190 5239 5262 5548 5091 5228 5094 5242 5435 5290 5430 5219 5660 4901 5343 5082 5962 4871 5868 4997 5273 5506 5132 5494 5273 4936 5008 5334 5570 5659 6152 5359 5132 5018 5195 5655 5057 5409 5723 5600 5386 5563 5173 5153 5518 5173 5504 
5585 5076 5223 5201 5517 5740 5417 5608 5478 4616 5484 5068 5443 5673 5123 5113 5661 5739 4730 5476 5938 5158 4982 5390 5107 5602 4891 5248 5195 5103 5124 5719 5655 5319 5102 5524 5335 5460 5502 5347 5620 5554 5818 5596 5330 5184 5082 5389 5410 5739 5218 5662 5635 5431 5097 5130 5303 4996 5318 5443 5533 5700 4790 5798 5407 5119 5147 5248 5028 4907 4707 5858 5523 5446 5253 5324 5587 5262 5295 5326 5507 5143 5396 5767 5376 5272 4919 5456 5095 5429 5224 5528 4825 5014 4869 5216 5294 4953 5463 4917 5330 5389 5738 5092 5679 5594 4868 5481 5411 5334 5300 5333 5511 5155 5343 5665 5094 5494 5505 5490 5676 5077 5365 4914 4985 5258 4903 5213 5466 5906 5515 5454 5410 5400 4979 5154 5075 5559 5484 5243 5218 5290 5801 5555 5676 5260 5425 5766 4789 5205 5430 5486 5579 5338 5221 4945 5447 4910 5106 5333 5475 5415 4967 5496 5314 5944 5424 5422 5090 5373 4820 5660 5231 5005 5048 5503 5038 5775 5478 5323 5584 5523 4837 5502 5507 5178 5823 5009 5397 5313 5330 5578 5438 5176 5285 5588 5554 5540 5549 5475 5243 5585 5362 5182 5288 5074 5631 5724 5582 5249 5155 5465 5568 4930 5025 5123 5421 5313 5531 5172 5341 5436 5012 5232 5012 5969 4924 5617 5065 5326 5623 5374 5380 5271 4875 5342 5308 5757 5635 5849 5484 5282 4935 4982 5034 4761 5594 5379 5742 5379 5706 5213 5403 5269 5222 5532 
