87 55 96 66 5 51 59 40 67 16 141 39 2 56 45 15 158 27 34 22 91 28 0 16 96 54 72 104 124 25 34 13 74 0 110 20 0 10 107 56 0 36 62 60 73 42 160 26 16 14 0 16 251 56 48 53 101 15 86 85 36 0 65 45 5 0 55 41 24 54 0 81 128 39 72 125 109 206 49 35 24 30 102 74 23 0 36 34 0 106 81 60 84 60 35 0 0 48 89 0 54 108 32 110 3 64 28 107 140 0 28 64 0 7 91 82 87 14 98 56 78 0 44 124 102 96 56 39 171 14 18 89 86 106 80 105 31 107 16 19 0 0 84 126 131 45 80 0 62 72 35 73 16 35 9 132 13 67 94 8 111 54 76 75 54 10 83 69 80 36 9 126 99 23 0 188 50 64 48 8 145 0 82 70 4 95 25 12 26 116 36 123 36 145 70 33 8 30 16 139 0 36 35 14 23 144 36 88 56 83 72 24 96 40 28 30 161 64 20 112 91 135 88 0 5 88 17 95 0 42 6 14 35 51 20 16 138 62 15 95 71 0 0 48 188 69 152 97 108 22 24 80 59 37 63 68 
0 28 99 60 41 25 68 113 70 12 16 66 121 0 7 9 84 7 1 15 4 42 33 0 61 0 9 0 119 72 64 64 108 75 6 20 86 74 24 22 49 4 60 78 66 61 38 94 107 53 0 42 0 1 82 18 42 61 113 36 55 57 44 3 59 103 32 20 43 66 48 48 88 112 55 94 73 65 28 15 105 32 100 92 36 62 50 140 101 8 53 79 171 49 2 54 9 28 63 56 17 51 84 12 21 25 56 39 120 38 80 105 5 32 3 62 60 24 119 48 24 8 114 36 100 81 81 0 126 0 136 10 0 97 16 54 0 16 9 15 61 5 26 49 62 4 13 96 51 59 70 32 0 1 60 20 30 92 76 57 8 55 33 46 98 62 61 0 41 104 37 12 162 24 82 30 130 0 77 118 42 48 16 69 83 36 90 32 58 40 62 19 55 148 25 0 32 0 4 89 38 138 0 154 75 65 16 0 21 89 63 91 104 8 0 6 0 42 0 21 41 67 0 40 50 2 147 8 96 90 56 0 0 0 5 29 45 59 39 92 40 81 44 72 105 9 103 64 48 52 5 0 102 9 2 19 
0 62 0 12 0 22 102 88 21 30 9 45 3 48 30 23 40 121 12 66 15 16 10 81 95 40 21 54 36 0 45 2 104 0 24 0 0 60 81 0 43 79 26 60 10 27 89 4 37 71 27 30 84 49 64 56 87 14 34 15 0 0 36 10 25 36 0 37 62 92 16 32 75 56 0 139 120 108 47 0 122 80 80 63 16 14 48 63 12 48 58 68 15 16 91 84 0 30 53 8 38 129 42 46 59 97 0 74 53 0 55 145 56 56 12 42 20 24 40 12 115 64 76 143 24 0 114 116 123 26 10 0 42 124 51 87 0 16 8 0 105 51 48 76 12 6 75 0 90 21 24 42 156 17 25 32 0 54 58 10 42 65 0 88 36 41 72 16 61 42 42 61 54 0 22 57 48 116 70 25 16 44 0 70 21 35 8 44 35 30 49 81 20 0 52 41 52 125 60 47 24 8 24 28 35 30 43 34 58 62 30 28 16 116 24 57 21 103 0 48 40 7 0 71 2 0 52 2 9 30 93 77 70 41 12 18 2 68 74 110 73 32 78 67 136 48 75 61 123 21 36 73 0 16 16 40 
36 0 21 24 62 50 6 130 0 72 83 81 20 21 36 112 55 12 101 50 42 27 36 0 171 93 35 0 5 128 66 96 110 81 103 0 49 54 55 60 0 67 74 18 54 107 0 24 84 59 65 88 86 21 18 40 71 18 8 91 63 0 95 0 0 126 50 16 36 16 0 107 25 45 27 104 0 174 5 0 113 90 79 138 27 64 6 0 56 58 35 4 184 64 0 40 39 56 84 104 76 69 24 64 82 69 28 85 36 110 35 31 67 14 5 45 35 20 0 57 90 44 52 0 8 12 40 31 45 0 24 105 108 124 0 85 10 108 0 20 0 0 72 63 9 82 83 82 96 31 28 21 89 37 70 107 208 58 51 67 108 28 0 104 51 110 92 62 100 64 46 41 127 76 88 62 0 65 28 136 87 0 0 10 8 70 72 0 4 42 28 43 109 35 39 35 55 15 25 25 42 46 75 0 121 24 48 0 121 60 0 78 183 56 0 35 59 16 75 48 0 68 19 31 96 0 97 68 114 37 0 71 5 115 75 40 112 25 36 18 36 104 97 50 136 20 54 72 87 112 45 113 49 52 118 96 
109 105 83 7 50 73 43 323 37 160 120 49 30 114 36 145 15 123 40 181 18 71 138 216 65 15 138 24 98 0 131 39 116 60 26 85 60 94 79 45 54 107 136 15 78 19 117 90 90 0 63 42 54 72 119 0 70 73 115 88 35 92 52 149 99 129 10 51 32 91 56 0 136 96 0 46 0 115 16 28 148 51 57 9 27 118 77 81 69 76 49 214 207 16 59 12 0 63 120 62 46 142 80 0 10 9 167 77 33 0 52 62 57 35 28 111 49 66 203 108 25 47 107 114 153 36 166 51 42 48 113 191 49 104 70 0 57 197 26 47 50 0 94 97 112 25 32 135 94 83 118 91 137 82 46 66 97 0 131 108 79 54 67 63 0 240 153 117 45 185 156 69 49 3 49 18 55 80 165 27 47 55 106 14 43 83 104 72 181 42 72 112 70 25 56 35 41 27 198 132 0 35 0 130 32 56 68 0 56 85 69 0 21 5 0 18 85 107 9 0 82 93 114 20 18 46 140 14 96 145 6 28 35 43 182 28 45 138 57 126 0 116 213 188 35 16 78 0 130 90 65 81 62 39 0 140 
24 75 31 82 77 129 0 147 2 20 63 90 58 56 59 55 6 130 21 65 30 145 42 100 126 57 21 99 12 17 97 90 133 44 69 40 18 83 32 49 0 88 141 111 201 98 129 0 61 28 91 165 125 188 112 177 61 17 76 88 70 147 79 42 0 40 45 91 0 0 33 0 80 93 21 24 18 8 92 40 54 16 114 85 38 107 28 142 72 85 75 101 99 88 84 69 146 106 62 52 43 94 82 155 86 100 82 0 101 106 30 27 185 53 36 139 5 39 24 0 144 0 35 95 82 12 85 198 138 6 41 18 56 14 108 29 7 10 25 45 47 51 95 47 39 35 0 42 134 27 66 56 64 64 84 116 9 97 56 105 192 19 35 108 101 7 103 129 0 52 25 8 36 8 50 97 183 0 115 60 130 164 30 0 37 195 10 22 117 4 42 0 6 82 118 169 88 0 15 150 75 92 97 122 113 33 37 16 39 68 42 54 44 81 72 116 149 12 64 0 0 30 27 8 56 0 135 104 106 16 78 203 63 300 0 45 32 81 0 17 60 18 26 200 120 172 51 63 16 149 72 30 114 9 81 84 
54 33 87 67 39 9 69 28 79 34 76 0 35 12 34 12 68 36 132 36 9 16 9 42 55 70 46 24 52 79 21 36 113 0 34 16 0 42 51 72 54 43 26 53 48 69 27 42 92 54 32 3 116 53 14 6 91 73 67 33 16 8 70 0 42 35 20 0 21 3 38 140 0 31 83 42 75 96 35 77 61 100 106 4 27 0 64 60 19 24 6 22 0 6 79 0 77 21 77 0 38 69 38 12 10 78 0 125 39 30 9 73 28 83 24 18 9 0 114 101 0 24 6 57 3 0 24 46 36 0 16 2 12 18 137 61 112 6 9 21 0 8 0 83 54 85 47 3 26 60 52 1 0 10 9 95 0 24 6 69 121 24 39 29 30 48 54 4 66 0 21 29 75 0 0 15 26 79 5 7 3 74 0 79 63 48 24 30 26 85 37 48 0 72 30 36 21 91 20 84 16 5 63 3 21 78 35 20 0 56 53 54 12 26 52 93 25 21 0 36 44 14 88 0 4 66 2 36 0 36 42 74 4 124 21 7 50 14 0 35 52 0 54 0 84 61 12 54 34 48 92 63 34 27 25 55 
18 16 36 30 51 72 54 54 14 78 36 0 76 7 66 45 30 24 0 36 102 87 89 99 180 42 27 34 11 140 67 0 102 40 48 45 67 0 55 6 48 40 108 4 0 4 36 0 190 114 27 26 146 56 36 64 0 138 7 94 6 12 70 0 25 3 16 0 18 6 72 104 0 115 20 68 0 56 74 103 6 76 0 0 81 0 86 123 71 48 32 7 42 25 48 64 25 108 60 62 51 126 15 35 0 50 63 25 21 100 69 0 9 43 30 69 21 60 55 40 64 8 0 3 51 58 57 0 54 63 60 64 121 45 80 124 41 63 3 0 0 15 0 129 40 63 6 9 121 90 4 54 0 0 0 185 96 92 0 84 3 22 100 90 135 108 0 32 44 56 20 60 45 9 0 98 60 81 54 0 61 33 99 76 48 94 16 6 186 12 48 88 80 40 45 6 119 135 138 19 9 36 56 67 40 12 70 0 36 10 18 90 23 70 98 42 35 75 18 30 90 30 8 32 47 66 18 18 0 117 42 0 72 125 0 0 40 39 8 70 43 0 154 0 134 10 46 56 15 88 12 93 45 55 82 56 
63 106 49 0 46 87 0 27 17 102 98 0 75 125 109 105 8 78 94 173 49 24 25 0 134 24 74 81 51 52 29 35 42 18 26 104 24 50 0 90 0 49 182 106 81 82 63 0 130 39 0 81 41 12 19 28 16 7 62 87 23 12 24 63 26 80 48 20 2 16 46 92 36 8 52 59 0 21 32 96 0 24 15 35 81 17 127 84 69 57 62 69 116 86 92 6 30 75 35 0 1 6 0 63 0 26 18 94 32 9 4 15 80 76 64 24 1 45 120 32 109 10 0 146 117 34 147 0 47 21 86 49 49 28 87 31 105 44 8 21 133 26 0 29 16 35 13 49 11 39 24 0 32 6 16 71 57 8 7 53 87 30 73 125 0 63 18 19 14 56 9 4 30 54 45 24 61 45 91 66 32 36 92 9 51 45 0 138 0 0 9 23 63 106 129 9 126 27 19 91 0 29 63 0 3 69 120 13 44 38 9 158 19 0 18 26 178 6 18 12 0 0 108 0 15 50 18 0 67 16 115 42 57 18 9 9 18 69 30 10 135 3 25 0 13 50 142 13 36 48 54 54 0 24 44 41 
0 99 27 0 30 128 0 97 30 17 165 37 62 95 9 0 97 8 127 70 36 55 107 16 148 45 57 0 94 40 88 0 133 8 17 18 60 89 111 26 17 66 12 91 117 32 141 31 94 32 16 48 32 56 10 73 129 82 65 131 4 16 60 28 56 72 23 46 27 16 10 40 8 96 20 21 81 8 30 38 9 76 60 42 64 51 67 75 60 74 0 0 134 5 62 100 0 10 56 117 3 229 0 40 0 66 34 0 47 33 50 92 91 63 21 102 24 0 81 21 136 54 1 83 0 113 33 21 89 21 20 48 70 96 88 44 52 84 12 30 6 30 70 8 35 137 22 118 20 81 0 0 171 34 5 102 35 27 22 65 26 10 20 41 12 45 116 124 190 124 23 105 12 0 8 48 13 160 243 24 57 0 15 8 0 78 41 26 6 14 109 139 130 49 140 61 100 79 12 32 24 67 65 9 53 48 92 0 84 0 79 42 33 56 15 21 63 50 8 48 0 92 40 36 70 53 43 108 16 79 18 29 8 150 136 88 111 33 64 47 44 72 153 75 51 85 75 69 108 81 15 144 38 44 7 64 
24 85 113 13 12 0 55 67 42 86 56 0 32 207 0 9 68 21 45 100 101 98 33 158 107 13 32 81 4 43 0 0 86 3 16 28 0 21 55 35 46 52 147 6 44 13 72 48 109 77 34 0 6 81 29 45 6 64 58 126 10 0 30 8 24 0 85 117 18 18 20 37 21 83 8 98 30 99 26 24 66 35 69 39 0 2 52 74 53 83 8 56 6 35 62 63 7 17 63 27 98 36 18 83 43 10 10 84 4 56 16 28 58 12 14 90 18 30 7 170 57 43 52 93 228 71 146 21 9 56 109 77 73 132 51 68 52 81 2 25 35 1 148 75 104 49 83 97 100 95 45 4 195 18 0 77 27 1 90 0 32 48 59 66 8 72 45 66 10 72 105 65 14 0 18 72 0 12 54 101 2 84 110 86 51 98 57 127 43 24 64 22 84 50 16 110 162 83 74 0 36 58 24 192 36 0 0 42 67 47 34 30 3 2 30 13 35 50 18 9 77 60 18 0 42 24 135 34 115 56 8 62 82 0 0 0 16 26 126 66 63 14 90 25 15 81 81 18 35 48 0 20 50 92 0 54 
28 20 12 112 148 106 69 124 117 22 54 35 106 56 25 63 50 36 74 30 99 87 63 74 127 87 48 54 107 36 12 14 117 25 35 0 38 88 170 30 96 36 31 64 94 34 8 35 104 14 68 106 54 10 101 24 40 87 69 87 18 15 0 0 87 113 81 46 86 133 4 91 0 87 97 88 78 45 18 20 69 21 100 102 30 26 111 136 44 26 0 10 54 0 30 36 124 26 46 149 18 139 120 38 52 97 142 69 145 40 51 159 63 94 57 42 54 78 193 0 19 79 110 0 71 77 29 63 32 16 27 52 40 80 45 20 71 38 36 42 18 15 54 56 46 56 24 114 105 24 45 59 98 36 29 26 73 74 34 120 62 121 74 80 48 34 71 98 60 10 46 3 197 43 79 24 21 56 84 168 6 94 0 54 23 62 44 63 0 21 59 104 0 68 0 144 51 25 18 57 28 25 59 8 66 66 76 63 0 34 87 59 155 39 83 45 45 18 0 48 24 29 40 72 53 32 20 90 58 49 0 43 0 147 93 84 63 55 6 165 0 109 134 16 102 63 205 10 69 144 151 145 36 77 21 102 
89 179 150 44 15 51 18 98 0 0 61 125 144 52 5 108 59 30 77 155 17 135 18 64 0 46 168 95 48 4 72 49 50 0 0 106 36 24 37 120 0 12 76 92 36 66 18 13 107 32 16 21 0 0 0 101 12 0 123 174 71 12 52 18 108 0 0 80 60 54 87 75 73 0 23 6 30 67 70 24 18 76 77 77 86 49 52 44 105 80 4 62 118 18 39 0 0 19 52 72 64 30 54 56 0 74 67 56 160 24 8 6 39 18 79 16 36 20 0 0 72 0 0 30 88 20 151 16 94 30 62 88 18 132 8 0 80 0 49 18 13 65 63 32 60 0 0 22 126 72 81 135 18 125 72 42 0 12 63 81 19 24 100 127 4 0 16 129 0 32 83 36 64 0 12 0 110 20 0 30 89 66 44 90 52 61 42 71 15 8 82 14 98 25 24 173 72 78 0 5 56 126 3 42 12 28 47 16 147 14 0 6 64 0 7 40 89 18 16 0 28 21 32 0 41 104 93 24 0 69 12 92 171 48 0 8 134 74 36 86 142 114 30 30 42 16 187 45 0 54 124 71 118 72 0 32 
66 3 54 121 44 72 14 2 90 0 0 191 3 70 65 0 0 8 44 9 78 132 17 41 117 4 137 37 0 0 36 32 50 45 0 14 45 49 0 54 21 0 64 0 30 0 19 20 69 117 63 2 38 0 35 20 0 75 63 10 58 122 0 50 19 105 36 44 30 10 50 0 16 103 16 24 25 63 100 127 45 149 81 24 4 8 55 68 76 59 30 5 60 20 94 0 24 0 106 0 85 107 36 28 0 20 30 0 102 0 10 0 0 44 36 0 44 31 24 21 74 44 22 42 71 38 70 0 24 115 30 86 47 27 4 68 2 42 103 0 31 0 30 79 5 48 55 63 43 24 76 0 0 101 0 12 12 45 7 167 0 0 78 15 20 5 12 89 36 43 18 0 51 143 148 41 60 0 54 64 44 8 0 99 34 36 56 72 53 39 0 0 23 98 39 5 35 64 6 88 0 26 30 27 0 0 0 56 6 83 0 0 0 130 0 25 0 0 45 0 55 54 0 80 92 26 44 0 114 43 0 141 2 27 64 9 67 48 6 5 4 21 8 70 0 44 36 37 40 134 0 70 133 84 10 61 
54 61 86 56 61 81 0 113 153 61 0 162 40 0 68 6 69 0 56 0 7 81 166 48 130 24 19 118 67 41 151 15 146 70 0 81 35 112 3 1 60 32 51 93 147 54 0 83 101 53 42 27 111 70 81 119 68 84 182 96 140 168 34 145 10 48 61 82 44 35 21 70 92 102 104 15 8 143 59 111 36 16 171 154 99 35 135 65 107 82 0 51 40 166 51 162 56 52 37 0 1 16 66 35 6 37 25 10 68 92 17 38 99 48 4 40 115 0 45 35 91 80 0 80 90 47 42 28 0 100 41 0 48 7 116 163 66 22 26 63 0 35 28 2 84 104 108 3 92 100 126 30 16 89 0 91 57 110 40 191 74 40 92 19 11 15 53 3 0 11 86 69 86 0 73 177 110 27 30 66 128 10 10 193 20 70 48 0 102 8 109 60 0 24 131 72 107 13 6 25 160 55 8 32 61 66 86 14 85 50 101 48 76 5 28 92 11 72 84 60 104 47 9 10 146 0 89 6 87 81 78 0 9 0 5 23 122 131 0 0 19 189 59 2 191 99 135 103 35 41 0 56 0 71 20 70 
51 83 37 72 36 52 21 7 22 20 50 77 78 99 40 0 56 111 25 30 23 62 34 72 45 66 45 97 79 40 48 30 112 14 30 131 0 20 37 12 106 70 78 36 129 24 88 0 51 26 119 69 62 100 60 98 43 96 57 73 23 24 90 126 0 20 36 106 65 20 127 10 9 56 28 46 63 69 51 10 26 89 81 86 102 60 4 6 35 102 71 80 33 92 28 133 62 35 0 4 25 67 4 192 61 57 30 97 54 72 2 39 86 37 61 113 15 60 52 35 0 32 35 46 41 16 8 30 67 27 85 6 75 111 97 0 0 5 79 65 64 15 49 0 73 28 69 5 36 25 47 24 105 128 34 31 21 54 23 121 88 57 212 23 0 50 0 45 45 0 51 60 24 51 45 50 51 40 63 70 109 10 36 109 53 81 24 64 114 40 9 51 19 3 93 71 61 0 0 0 78 49 31 65 84 75 47 19 62 49 79 88 9 45 42 73 46 70 158 35 97 60 10 0 69 57 110 51 35 45 48 54 71 86 112 35 199 30 2 15 0 78 58 80 115 14 134 35 25 27 0 58 40 41 92 31 
0 100 39 67 70 127 36 56 90 7 74 146 114 56 0 0 72 134 45 142 110 0 15 36 81 96 99 160 149 61 0 0 24 36 42 119 54 95 80 34 105 0 145 7 35 20 20 24 90 85 102 162 283 63 126 0 43 81 56 83 0 92 28 79 0 65 57 0 85 80 9 33 146 43 15 66 38 36 8 8 120 166 83 23 0 29 9 124 88 182 49 177 168 62 51 200 45 105 56 0 84 38 120 88 0 81 112 62 144 0 100 189 39 0 66 72 20 56 177 62 86 24 28 63 0 72 112 75 52 8 107 45 42 92 1 0 0 63 9 43 64 0 21 49 66 25 9 73 218 30 134 123 69 69 62 45 47 125 55 236 50 110 70 36 49 116 30 54 4 98 43 45 138 24 142 8 93 0 0 6 111 155 35 219 95 63 50 182 121 164 79 52 29 66 6 63 95 17 72 120 36 37 84 135 71 42 70 56 24 105 49 68 74 95 65 48 69 32 84 90 21 251 72 74 64 100 83 44 100 32 148 128 167 8 131 78 101 73 48 36 14 84 39 311 186 56 212 50 70 179 225 40 14 0 12 72 
16 44 51 15 114 121 60 67 9 56 137 26 128 180 98 12 132 57 72 121 19 164 63 28 123 84 58 24 58 45 38 134 40 128 82 141 40 27 128 40 27 32 174 107 201 156 42 123 174 54 176 84 105 48 151 193 104 165 16 80 24 106 60 23 5 98 52 98 68 90 51 48 89 57 32 81 41 286 91 131 24 89 168 101 20 28 93 74 54 54 66 36 18 6 162 36 18 18 89 62 19 24 13 0 65 16 52 180 165 215 58 39 136 37 96 51 110 10 90 1 223 18 74 174 134 50 135 48 78 117 27 78 142 60 44 120 123 48 148 6 83 0 117 54 64 125 181 27 46 30 86 36 36 49 117 121 11 93 122 109 129 41 32 93 27 131 49 6 63 60 130 0 198 126 36 74 166 49 6 58 126 44 63 0 42 131 72 6 129 40 10 46 20 104 27 60 233 103 161 146 83 5 141 39 61 85 52 80 117 57 178 43 181 134 0 161 79 104 60 117 0 23 27 25 106 24 125 6 71 115 39 95 56 121 48 0 171 0 84 116 78 35 80 135 172 31 71 95 72 27 171 0 67 171 0 143 
7 56 5 45 34 31 49 28 56 142 120 22 44 95 0 40 71 75 129 24 168 77 10 17 163 75 120 44 0 64 129 7 77 84 52 23 42 27 176 110 125 87 101 121 15 43 57 37 47 30 191 149 22 42 19 9 144 91 193 0 55 13 129 20 120 70 20 89 0 62 57 54 22 9 26 59 97 9 20 18 0 78 72 37 161 26 119 88 32 202 104 36 104 77 44 23 67 115 116 168 44 30 178 13 93 64 0 48 170 81 12 42 51 1 34 56 35 32 114 122 2 29 23 24 66 42 85 30 135 98 20 88 148 16 3 80 56 138 113 58 0 21 27 21 63 66 80 45 20 28 53 26 7 33 50 12 87 32 86 49 163 78 55 76 34 235 16 34 50 135 7 45 74 8 51 103 38 0 94 85 14 52 25 92 107 105 39 45 56 80 78 23 14 113 156 28 170 2 35 8 8 74 151 14 183 53 74 97 79 91 56 48 133 26 25 162 124 16 27 13 45 0 2 63 77 20 41 12 24 4 0 14 27 12 35 130 0 10 79 65 0 138 43 88 118 8 63 52 37 114 80 87 75 1 120 177 
0 63 41 16 125 13 39 84 67 24 0 27 0 203 0 93 32 0 90 53 82 68 29 72 108 101 14 8 84 85 48 162 0 91 34 107 0 0 135 0 0 68 63 19 7 117 60 6 72 76 12 1 208 0 15 64 64 7 96 85 0 32 58 0 78 78 20 104 18 52 66 0 59 136 62 143 80 40 67 80 0 128 77 155 0 46 64 21 0 73 0 49 96 44 56 0 0 136 78 0 12 44 0 24 12 47 0 65 271 108 68 56 30 10 108 97 0 0 42 92 106 119 78 64 70 121 9 48 150 84 54 0 150 63 37 92 6 0 84 20 38 0 10 119 0 40 0 72 83 42 167 72 8 48 0 86 63 12 15 0 8 71 34 65 93 18 75 14 10 40 117 76 168 54 56 135 36 20 34 138 129 56 62 138 92 63 70 36 57 28 9 92 32 54 49 30 0 85 21 58 48 66 56 21 78 105 80 40 67 56 42 188 116 38 24 48 49 0 81 0 66 12 0 12 58 41 12 91 166 45 60 69 74 60 8 28 91 133 20 67 178 59 118 42 159 43 16 78 29 169 0 0 117 93 8 99 
42 15 61 91 36 74 84 128 0 136 35 31 81 33 86 0 86 6 7 2 99 159 12 56 90 3 78 23 22 71 66 72 56 0 26 36 0 0 68 51 84 39 15 36 58 18 2 64 117 33 91 52 4 82 99 67 126 1 109 56 19 48 6 149 21 79 0 26 26 42 70 42 68 127 39 182 0 8 72 18 54 32 23 81 32 3 137 31 21 57 70 29 78 0 57 56 24 139 0 37 101 30 15 89 107 60 76 75 25 85 40 4 12 37 18 39 7 15 12 28 33 42 48 48 42 100 104 23 28 93 58 96 27 49 40 0 14 38 10 45 52 81 92 112 51 78 40 72 84 28 11 38 8 107 36 77 42 53 87 30 80 12 71 15 42 62 0 12 0 45 102 7 179 59 0 10 57 0 48 20 70 0 121 60 48 175 30 0 64 81 0 66 6 54 59 46 84 76 112 97 12 128 43 117 97 15 5 57 118 100 75 6 137 18 60 37 26 12 10 35 85 7 4 3 55 0 104 38 18 112 0 66 15 10 29 12 34 38 42 49 64 94 32 78 179 32 126 112 77 1 85 0 40 42 21 73 
130 3 35 121 138 9 12 49 61 76 12 62 27 12 112 0 10 13 81 16 48 22 14 21 0 0 54 87 45 16 70 44 36 0 69 64 10 66 38 0 0 0 26 46 0 6 0 0 39 45 130 0 29 56 72 20 66 118 14 21 7 0 0 99 0 34 27 27 6 0 63 43 113 63 12 130 0 160 27 46 27 89 173 53 8 8 119 18 0 86 8 134 126 34 15 99 84 0 17 35 16 34 40 80 17 48 15 195 101 18 15 0 24 63 67 30 0 11 135 49 17 40 3 48 11 45 27 0 0 38 56 44 88 89 0 0 39 32 46 65 72 27 42 15 24 78 26 15 32 56 27 8 10 23 0 12 0 131 0 22 158 0 10 0 0 95 32 16 5 32 24 12 5 9 0 0 21 0 46 91 150 0 0 45 21 24 24 75 0 59 21 37 12 135 100 4 35 30 0 49 6 153 0 0 142 97 28 18 58 18 27 57 18 0 0 60 4 0 68 0 10 75 8 0 34 47 59 22 6 15 0 76 15 25 87 10 93 18 14 39 63 0 0 42 35 29 0 0 93 38 42 0 20 24 63 86 
63 203 74 108 18 39 108 132 0 7 38 25 170 83 112 27 57 23 138 0 96 91 85 112 160 132 75 144 111 43 169 63 104 50 21 79 24 76 69 101 22 113 71 16 28 53 136 9 101 81 16 183 90 38 116 160 77 37 171 80 58 161 139 105 12 74 44 138 119 61 40 58 0 81 15 105 56 72 98 72 27 131 108 0 57 32 112 155 83 49 104 46 245 22 72 83 24 86 72 64 18 127 137 121 10 147 135 6 61 0 81 22 20 3 54 2 33 6 135 25 168 13 39 94 63 90 167 61 151 32 201 0 90 160 56 88 0 72 205 20 45 37 91 192 0 97 4 13 29 39 57 81 72 59 84 134 42 21 5 64 115 56 23 76 17 81 80 50 97 146 163 171 38 30 48 163 87 57 54 21 53 14 92 125 63 88 66 62 47 57 30 65 106 137 70 96 63 68 81 126 32 173 6 90 101 0 0 48 58 126 3 131 91 105 30 82 0 105 88 8 63 18 0 14 97 1 157 32 80 123 100 87 119 120 81 7 80 104 64 59 70 102 72 0 26 97 202 157 65 110 0 90 151 132 54 121 
32 72 236 14 30 38 46 95 25 0 57 96 57 0 45 72 128 8 42 24 15 50 136 66 121 52 51 40 81 72 85 7 186 10 0 25 33 51 14 28 0 87 8 38 0 48 45 40 148 33 76 29 70 0 0 100 130 164 85 213 43 4 25 82 33 92 20 63 11 21 7 94 25 129 108 3 54 57 34 37 99 69 110 74 8 14 14 96 97 3 0 9 96 87 131 6 78 54 180 89 0 107 53 0 74 18 5 112 141 15 1 58 116 0 63 20 14 0 19 51 72 80 74 18 8 22 15 12 53 10 124 68 0 62 38 69 5 77 42 0 109 50 108 81 95 140 93 0 61 0 24 8 16 35 54 108 42 58 22 20 155 10 75 48 78 92 6 19 49 91 45 2 147 0 13 1 72 0 42 66 34 20 25 110 45 9 54 24 83 68 67 25 74 86 56 31 59 0 54 40 4 10 81 60 19 46 32 20 40 1 95 15 104 107 11 43 8 107 0 18 52 7 0 80 44 68 96 36 0 85 0 113 21 73 9 6 213 15 6 110 8 0 45 19 87 25 38 74 98 48 32 55 80 20 18 89 
72 70 81 81 28 57 103 172 29 48 39 25 119 149 121 0 35 125 34 193 96 51 80 38 150 48 143 127 12 56 97 71 188 41 49 66 23 21 63 54 72 46 125 193 114 62 142 49 85 89 36 17 73 71 76 38 155 18 112 88 106 35 58 0 112 93 47 25 26 39 52 104 12 118 0 84 47 49 100 96 68 59 75 51 64 71 97 80 108 103 98 45 78 139 0 69 40 76 133 78 66 173 17 160 54 59 57 20 31 128 10 76 96 36 0 18 46 42 34 46 6 67 36 85 211 75 161 86 82 46 25 199 90 130 79 104 24 59 82 122 45 36 60 0 150 91 105 18 121 47 148 10 27 115 10 35 99 83 68 19 40 35 92 75 69 76 75 194 11 87 53 61 27 18 32 109 49 72 50 103 55 20 124 62 28 28 37 87 73 0 7 42 46 45 75 113 196 64 73 83 100 133 73 63 72 14 111 47 163 117 87 31 126 14 63 4 58 84 42 81 35 100 103 9 41 29 17 45 35 9 200 83 80 84 8 72 158 41 100 46 74 51 105 165 41 155 108 86 149 74 0 76 7 50 89 62 
0 56 128 157 67 59 5 86 157 14 0 102 56 9 40 9 34 37 56 13 98 88 62 28 70 13 60 136 62 45 13 0 51 40 25 87 40 87 57 18 61 1 103 6 21 20 16 84 94 7 21 75 139 0 189 16 77 159 193 75 45 210 0 97 16 42 41 36 65 82 23 54 97 67 71 100 57 21 30 64 51 83 171 69 0 22 49 113 35 49 7 60 162 116 109 156 107 49 0 0 35 54 6 63 0 0 197 30 73 92 71 113 6 36 15 20 28 72 9 69 40 3 10 45 63 53 8 21 46 90 76 0 22 60 55 65 58 0 78 63 78 6 42 38 15 49 6 30 63 82 58 53 56 22 6 66 13 151 31 32 86 15 19 25 11 32 5 67 15 6 22 39 105 21 53 107 58 0 41 37 131 65 45 74 45 76 37 48 105 20 90 58 7 66 35 7 41 0 0 40 43 21 51 8 36 72 16 43 11 51 67 4 69 60 39 52 22 0 35 65 110 179 0 27 100 52 90 24 20 12 43 36 48 79 68 111 0 140 63 32 24 96 28 14 97 45 94 30 42 38 117 110 73 18 0 57 
18 12 63 135 27 171 54 27 8 4 72 110 83 18 120 0 139 61 49 96 93 116 125 21 106 30 119 99 102 40 214 33 67 48 104 75 65 28 146 128 70 21 191 118 63 42 35 17 56 99 139 113 39 56 110 81 77 134 48 8 32 84 130 32 0 55 43 85 106 6 127 44 106 18 42 86 57 63 93 174 20 66 85 7 0 0 30 39 148 69 99 0 176 93 115 64 28 38 27 4 14 63 0 86 14 32 0 2 155 68 84 0 74 49 47 21 73 14 113 138 155 0 0 62 137 24 188 10 126 6 76 0 80 0 64 171 40 104 63 122 0 8 18 18 12 60 44 90 56 41 91 91 5 32 0 24 57 15 93 87 71 69 66 81 0 170 6 134 15 102 99 18 78 98 30 61 76 0 35 100 128 0 0 48 56 56 0 63 0 14 50 15 16 68 70 5 108 42 0 40 45 60 57 5 90 12 99 56 62 48 98 60 67 98 21 26 113 15 107 42 120 18 30 6 95 120 86 5 100 55 80 68 74 56 103 85 69 31 68 36 0 42 26 33 75 52 157 33 32 41 63 45 143 75 18 56 
180 97 209 167 15 110 9 129 58 32 86 225 32 8 48 15 123 54 35 34 114 111 29 49 64 64 253 42 72 94 110 51 148 110 8 26 36 69 165 114 10 9 82 137 129 144 27 80 62 57 0 45 58 40 0 21 42 72 136 107 246 206 142 30 18 42 26 45 32 40 16 0 7 18 69 64 54 37 49 6 0 34 274 108 21 101 56 98 67 16 21 0 152 105 63 60 44 50 50 80 44 66 46 41 66 45 69 80 163 112 66 76 52 0 42 0 71 6 21 0 2 0 0 72 81 28 89 37 61 42 47 41 74 109 0 242 4 30 144 71 4 94 122 6 32 6 0 82 55 116 189 81 61 86 27 58 10 56 67 102 64 0 63 32 95 90 108 79 38 27 54 57 94 27 64 99 32 6 100 75 54 56 0 80 52 76 97 35 136 10 96 34 13 64 56 127 30 0 70 110 29 0 24 55 86 84 63 30 115 82 27 105 98 92 55 20 46 6 18 2 168 34 62 0 129 87 189 54 180 0 10 102 52 54 24 8 103 120 81 7 25 87 7 4 0 51 56 155 48 140 3 121 66 16 0 80 
10 50 45 1 27 83 6 74 31 81 24 28 72 0 38 72 2 62 30 62 113 146 14 16 44 63 0 38 56 21 36 40 26 113 38 52 52 6 128 20 0 28 112 130 58 3 0 34 22 94 86 35 4 0 8 0 32 81 134 24 16 65 24 18 82 112 143 99 76 40 16 0 42 10 25 62 24 82 34 159 15 96 168 100 32 0 96 123 18 32 0 14 76 11 35 13 8 0 6 144 22 66 145 32 99 4 32 80 98 44 53 35 5 7 36 0 57 13 12 181 115 63 20 0 96 3 55 69 0 195 4 94 82 85 21 72 77 68 0 9 80 42 68 68 72 126 107 40 44 54 199 10 38 0 24 38 12 14 24 60 207 7 0 117 35 12 8 4 0 42 15 11 105 54 36 84 141 63 4 90 66 24 0 96 29 56 20 4 48 63 58 0 9 86 46 0 106 52 54 48 84 10 86 7 46 24 40 0 34 6 120 82 0 0 32 24 74 35 98 42 16 32 0 1 44 62 161 12 4 24 116 97 91 53 11 66 92 116 103 141 72 13 29 54 48 21 98 62 65 192 62 76 112 63 55 62 
47 111 30 14 41 5 133 46 98 151 76 11 27 18 30 90 87 59 11 58 55 129 89 121 82 163 209 25 62 39 69 5 98 9 46 168 72 8 65 43 99 171 106 52 64 43 107 92 112 45 80 51 17 4 10 76 52 44 48 126 91 21 204 12 0 83 81 33 51 64 26 19 42 75 81 16 48 26 21 40 166 10 37 53 72 96 49 8 5 113 73 41 55 19 8 20 63 21 77 15 29 168 102 72 64 78 42 51 145 48 40 48 158 15 26 164 5 3 262 0 24 14 70 40 50 0 75 98 95 0 14 4 58 17 69 76 79 56 34 91 1 35 12 38 77 0 29 31 147 109 7 54 22 71 8 12 136 21 37 45 82 114 134 175 85 65 0 102 54 94 95 45 100 0 0 32 61 64 49 76 0 43 93 29 86 141 4 39 125 45 10 109 0 30 62 84 227 28 143 23 168 65 105 4 92 69 42 23 12 58 49 36 76 26 61 68 109 5 72 97 0 66 0 44 26 23 25 45 59 0 63 24 101 143 57 33 20 21 27 15 0 30 145 220 63 54 63 14 41 39 85 98 115 68 68 7 
155 63 110 30 4 76 16 74 72 74 50 84 75 57 56 0 15 66 56 0 208 213 6 119 42 7 8 91 9 31 178 57 30 35 12 212 76 58 34 151 2 152 114 65 103 122 20 62 166 50 83 39 59 39 42 32 31 69 51 75 154 48 119 67 67 42 43 160 109 26 111 49 8 96 81 52 65 95 135 192 6 109 57 41 18 21 77 183 7 72 165 39 4 79 113 40 24 20 96 73 27 26 66 81 49 0 88 16 97 93 24 8 59 97 144 135 86 62 8 115 82 52 101 28 67 30 159 20 56 138 43 129 5 84 20 85 66 88 54 22 45 132 50 18 98 70 39 104 46 35 84 115 16 28 67 72 48 81 56 63 126 4 158 42 26 54 26 132 78 101 44 28 71 114 103 121 73 0 59 0 101 50 4 103 20 54 12 8 126 19 138 78 23 66 117 89 84 23 9 20 158 86 93 34 2 61 82 88 83 48 24 6 64 105 64 72 36 30 92 54 153 92 18 3 99 80 139 18 100 54 32 62 69 36 74 35 95 67 21 61 4 116 77 175 50 56 96 32 62 222 40 150 122 179 16 88 
0 167 59 61 40 42 32 62 41 63 35 18 85 82 62 50 124 92 0 0 78 30 0 84 169 0 177 16 18 40 136 58 102 9 34 0 62 12 90 6 28 24 41 55 1 0 71 65 23 45 54 16 16 4 34 8 40 0 6 21 118 19 31 96 5 128 98 64 77 19 64 36 15 193 125 95 16 16 99 17 36 45 122 53 28 63 36 66 134 20 60 36 90 49 35 12 0 84 32 27 78 0 62 56 61 70 62 86 106 120 16 61 27 64 30 4 0 0 46 45 8 8 54 45 32 28 35 24 65 133 5 92 27 174 84 25 48 44 86 28 136 99 12 28 28 0 16 79 99 49 20 141 122 32 64 25 85 2 0 1 16 8 130 87 76 107 16 40 2 45 39 0 37 135 4 38 33 0 61 101 34 0 4 32 53 73 46 60 106 127 22 58 8 37 57 80 98 89 111 18 4 56 8 42 108 52 48 61 71 35 61 105 31 104 24 64 42 16 40 0 60 0 0 0 34 12 11 24 64 40 204 129 4 0 64 67 18 0 42 7 26 45 45 146 32 32 0 7 27 104 48 97 0 37 0 41 
20 0 0 58 88 85 23 41 25 0 25 45 35 73 39 0 70 76 35 40 117 193 21 0 180 30 33 0 28 56 54 40 151 21 63 12 108 13 0 51 42 69 185 114 115 99 156 88 112 159 20 99 91 79 30 38 0 52 109 66 119 117 6 9 36 38 150 68 5 40 49 43 0 41 16 224 48 119 27 69 65 61 167 144 32 88 95 64 18 103 0 37 42 87 122 30 20 30 52 53 22 129 167 106 90 18 85 175 164 73 5 53 50 45 0 129 42 37 124 82 103 62 34 46 67 68 35 18 48 46 62 65 106 106 53 55 35 20 5 15 42 0 92 140 35 90 56 54 49 56 91 64 71 14 37 50 63 74 43 164 157 48 7 83 68 35 79 46 82 85 14 119 34 88 104 189 56 96 36 184 0 80 0 45 117 96 49 78 128 169 27 33 72 71 131 36 73 100 12 36 44 5 156 152 39 100 12 1 84 50 57 240 111 21 71 0 127 3 75 139 69 92 32 4 179 12 156 42 99 54 42 97 84 90 83 81 7 86 0 57 58 35 64 32 84 0 65 86 66 218 9 158 110 130 55 65 
72 0 109 77 38 0 28 62 49 66 14 23 13 9 47 129 29 50 97 4 72 60 53 76 65 22 136 24 97 0 43 18 126 57 0 144 56 0 11 21 48 8 94 64 20 18 27 82 123 8 37 21 70 27 2 60 8 120 25 84 34 8 48 70 6 68 84 106 18 1 103 18 27 104 0 91 87 96 44 74 27 71 93 24 72 22 70 72 18 65 29 12 119 47 29 8 0 56 41 66 26 78 44 18 0 36 60 105 117 52 41 90 48 42 0 137 15 104 25 108 55 12 26 40 99 68 87 6 64 57 33 53 34 139 73 78 56 36 145 18 49 88 45 8 34 45 18 6 76 14 47 8 0 76 18 32 0 63 0 76 228 2 118 15 72 69 56 40 81 109 72 5 56 7 8 156 20 40 56 160 35 18 99 0 35 58 58 6 103 30 0 36 103 50 40 56 134 1 18 108 67 43 72 121 0 76 60 58 120 81 80 20 19 38 4 27 125 4 88 20 35 20 10 2 75 102 24 28 21 0 61 76 12 138 24 7 94 172 18 54 114 10 28 3 77 36 12 35 19 125 30 0 40 106 20 14 
71 15 35 110 103 49 145 62 40 23 0 60 88 33 0 0 115 170 24 92 72 33 30 8 122 61 161 0 36 21 24 33 70 104 9 18 0 7 0 64 10 69 46 19 56 0 32 70 158 157 101 114 2 29 58 0 24 52 0 48 7 76 104 0 125 61 13 30 80 1 9 39 26 23 15 95 8 88 116 108 117 35 103 85 76 49 6 32 28 121 63 24 35 9 56 63 18 101 93 57 0 23 72 46 32 90 93 114 226 74 72 84 10 35 18 0 60 54 130 0 48 34 5 18 98 47 33 48 63 14 43 24 151 82 28 73 28 76 1 39 10 0 0 3 34 30 30 3 122 46 171 27 35 23 50 32 42 95 74 106 64 42 0 77 24 180 34 147 11 20 95 14 48 53 52 52 62 14 7 102 27 74 9 82 93 55 22 54 56 81 88 106 53 56 0 0 20 30 19 37 80 53 72 33 4 42 10 0 100 76 21 126 87 178 9 113 0 10 40 66 48 58 40 105 89 71 31 42 57 0 54 57 100 85 44 0 65 64 30 25 0 0 17 6 51 36 182 76 18 97 45 99 0 18 0 90 
0 76 100 47 63 78 9 10 22 80 57 134 86 30 41 27 8 95 1 65 80 60 4 82 95 38 91 166 47 147 139 13 26 31 16 61 30 42 115 30 66 43 63 56 148 138 18 15 158 58 40 68 106 38 63 0 40 96 185 122 16 123 76 137 5 66 21 8 32 69 87 6 24 54 58 68 90 54 54 128 117 146 45 82 219 81 49 12 62 104 6 86 173 7 27 133 47 105 168 15 59 50 27 65 23 83 88 36 54 60 9 80 34 6 0 34 0 85 74 136 64 22 47 12 31 78 74 0 70 132 155 120 43 202 135 52 42 84 93 37 2 46 26 96 5 7 63 84 145 50 72 6 10 89 12 60 42 18 32 13 0 64 271 28 28 68 74 137 32 78 9 0 76 107 190 63 20 36 69 87 79 46 90 181 30 221 126 94 104 72 43 137 13 30 18 3 15 64 56 11 138 40 18 60 55 69 28 81 18 53 1 81 144 14 24 44 18 21 150 6 78 120 4 60 108 54 25 10 114 56 35 24 103 210 99 127 49 74 0 78 37 177 112 50 135 129 83 33 148 56 30 56 60 56 15 34 
0 99 69 0 45 66 104 30 0 60 185 181 34 102 39 123 44 132 106 51 108 134 85 167 147 24 141 0 67 81 131 0 10 0 44 3 75 26 93 65 23 22 139 58 244 65 58 0 35 24 23 64 0 187 127 36 141 82 173 45 81 43 194 15 174 82 74 66 37 92 0 12 32 54 45 54 139 66 96 30 63 54 230 36 55 0 151 188 89 91 139 36 21 21 162 109 91 0 16 8 26 60 17 119 0 16 25 91 147 134 27 0 34 0 54 7 54 98 40 117 95 81 77 76 109 62 125 28 3 39 29 10 27 32 15 70 8 18 160 16 58 0 3 3 7 11 39 0 118 88 12 32 51 135 72 58 88 54 0 32 188 100 104 54 64 159 4 30 0 34 131 0 93 81 3 177 7 0 32 56 98 55 0 0 0 77 10 45 106 64 68 72 47 38 72 155 65 24 40 0 47 15 48 79 52 18 111 25 24 56 35 66 107 149 84 27 70 57 27 19 114 16 97 16 84 12 119 54 196 0 24 48 24 29 0 30 29 163 35 164 0 83 81 97 146 0 60 9 72 117 8 0 43 49 45 115 
5 41 15 54 0 6 60 27 33 8 100 0 27 94 4 45 20 72 66 45 0 46 0 54 41 0 36 16 30 0 48 99 141 81 4 63 48 0 46 30 0 39 48 18 120 114 54 28 28 18 48 12 15 54 4 56 50 6 26 51 0 133 109 0 114 37 12 28 4 117 0 10 0 18 0 130 7 0 94 19 0 58 66 27 20 17 0 0 97 20 54 0 18 39 0 54 0 25 24 81 0 4 2 35 54 42 0 68 76 81 69 0 25 8 42 42 0 21 45 0 0 89 30 14 43 28 18 21 42 0 45 0 156 0 39 0 28 10 42 12 83 25 0 15 50 9 24 10 96 35 0 6 8 15 0 45 54 0 20 9 85 35 5 18 0 35 0 77 35 35 151 0 73 63 27 84 102 0 15 41 28 49 3 54 12 63 16 0 0 7 9 2 78 30 0 0 0 87 0 6 82 30 36 70 4 22 0 0 30 188 9 58 51 45 76 0 30 30 0 48 84 10 0 56 0 0 0 0 68 0 66 4 7 10 6 0 30 63 30 89 0 20 59 36 118 12 10 68 34 57 22 81 18 0 0 73 
22 9 0 118 56 101 83 20 15 38 128 18 69 15 21 111 10 175 69 86 64 62 15 52 138 21 69 42 10 21 12 28 172 63 63 73 0 0 84 81 24 90 42 99 77 83 10 12 71 36 60 88 136 6 66 24 125 63 24 60 57 83 240 88 82 229 17 24 137 64 2 22 48 143 68 93 81 59 96 77 152 152 99 32 60 103 180 0 51 18 25 89 149 95 84 6 73 0 177 108 8 102 68 54 35 123 109 141 148 8 40 36 30 40 0 0 5 46 18 74 55 68 86 116 103 28 152 31 0 64 45 51 124 112 44 100 9 80 129 134 97 89 16 78 10 35 166 88 196 59 42 0 64 20 15 14 119 81 18 165 46 14 0 86 18 55 0 132 0 107 139 72 56 0 84 77 23 29 20 42 10 23 16 34 102 96 66 27 134 124 7 101 13 126 45 20 57 82 81 56 35 94 126 28 61 63 31 35 20 112 10 51 0 49 2 204 119 26 0 52 30 91 86 66 61 0 6 0 120 53 12 94 84 137 40 48 49 39 42 49 56 72 80 123 48 48 90 65 125 175 179 176 0 179 144 170 
58 66 20 123 3 39 88 117 20 16 78 42 97 66 8 0 26 87 150 15 56 28 0 0 43 42 54 0 5 0 12 48 32 25 60 47 24 0 0 46 27 6 27 116 6 0 87 35 55 0 27 78 8 61 54 63 72 28 71 44 23 40 60 81 0 11 24 18 46 14 7 41 42 15 45 34 0 64 87 48 58 40 105 48 48 45 7 38 75 70 58 108 124 46 8 24 72 18 0 85 81 36 44 70 42 39 60 25 0 0 48 69 53 15 36 0 1 0 0 0 4 37 68 3 0 40 88 51 15 58 34 4 64 89 9 18 36 6 112 79 54 91 0 68 24 20 8 45 58 47 18 28 36 47 102 20 73 15 0 15 115 18 3 72 57 78 0 76 0 97 32 4 0 57 82 0 31 24 21 0 48 24 42 0 16 138 32 3 79 145 0 62 0 32 138 6 18 62 9 81 2 73 56 40 51 4 29 13 8 64 9 0 40 4 21 84 8 54 48 55 0 0 2 32 7 0 126 0 20 45 32 104 2 0 8 0 35 36 24 28 0 54 29 62 4 0 35 138 14 0 114 60 10 23 64 7 
55 4 63 38 63 0 74 47 56 82 15 14 48 72 27 54 20 84 0 27 68 40 15 50 153 0 103 30 95 32 13 62 100 20 14 21 40 32 66 25 81 28 55 94 8 47 10 12 170 27 147 36 0 38 37 24 54 38 122 15 12 57 19 36 109 71 10 116 84 14 58 52 12 90 51 88 76 41 24 101 28 36 14 32 24 48 42 21 0 141 24 48 90 55 54 0 0 18 116 0 48 77 57 0 18 24 75 167 128 75 0 0 34 51 0 91 19 33 0 72 32 0 28 6 40 16 17 23 99 72 84 91 54 111 24 55 20 51 28 33 12 0 88 84 28 8 61 12 73 13 32 3 20 16 0 71 10 33 39 47 80 6 121 0 74 84 52 68 16 17 25 0 67 28 53 37 61 7 160 18 12 27 66 54 93 91 0 16 99 13 18 35 0 56 84 30 179 34 56 67 24 86 24 28 147 90 44 90 36 26 12 33 102 4 0 30 9 6 15 51 58 35 51 0 47 36 64 36 17 73 32 42 56 107 54 20 115 23 122 38 39 81 60 28 45 30 8 66 82 16 40 42 88 159 123 196 
30 95 74 50 63 49 105 14 123 16 0 59 119 50 4 0 43 64 75 12 120 212 0 101 46 88 64 36 123 24 128 104 73 119 16 205 82 8 74 44 81 84 70 0 50 40 30 112 43 8 18 64 16 18 87 45 33 46 87 92 2 56 159 0 70 75 0 134 30 36 99 74 97 75 112 56 0 166 99 106 78 64 64 75 95 8 103 0 0 0 24 50 99 10 12 3 97 51 64 76 10 50 6 36 80 107 0 47 73 62 72 0 20 18 102 28 0 2 8 130 81 16 154 0 18 52 112 0 212 32 40 64 112 94 24 5 14 88 101 0 0 10 0 3 100 14 48 27 175 0 45 44 30 23 0 0 24 66 112 11 88 0 138 56 61 54 69 80 40 8 149 0 114 6 128 90 72 0 72 0 10 44 34 0 107 0 0 13 25 0 40 56 8 128 100 72 9 12 0 18 0 123 46 48 24 44 60 72 27 182 80 24 0 64 65 8 46 44 40 6 72 7 16 2 35 8 83 14 32 3 16 35 18 122 0 16 33 53 18 184 27 24 152 107 0 2 109 140 27 0 0 158 229 22 17 72 
42 44 132 32 13 0 15 0 119 103 0 110 45 166 34 78 114 43 83 0 105 2 72 30 10 24 98 18 110 10 59 0 18 15 12 26 57 94 72 84 32 118 44 28 56 4 105 30 61 63 27 18 31 0 25 72 46 78 148 151 94 63 117 18 26 96 16 74 166 1 27 46 6 94 63 20 48 140 4 37 66 20 105 113 40 7 41 16 96 48 10 37 79 155 93 50 26 96 85 19 75 27 60 6 41 140 24 88 89 141 110 138 47 30 98 0 68 3 84 39 73 29 42 51 122 69 13 50 37 55 57 6 72 109 110 96 25 20 131 23 38 0 135 9 30 74 15 8 71 28 80 55 114 28 41 16 15 36 36 81 15 63 69 55 104 70 0 21 36 79 4 0 149 6 118 24 4 0 75 66 78 130 85 109 79 104 13 60 90 89 54 163 7 80 37 57 81 15 30 0 160 35 97 35 44 12 43 27 27 93 53 58 54 78 30 26 42 82 64 42 125 72 16 68 75 47 96 15 178 0 153 56 21 18 3 28 111 79 78 37 8 92 50 42 124 20 38 0 67 56 36 49 78 48 50 81 
0 141 32 43 32 172 42 53 0 24 113 80 86 97 68 32 200 110 37 39 114 111 96 94 256 137 60 116 59 14 70 13 86 6 113 104 4 27 148 36 111 86 77 39 20 142 84 19 23 47 24 52 28 22 63 67 72 45 203 3 168 85 103 21 73 15 49 203 65 6 68 70 90 90 24 121 36 170 115 112 68 66 135 58 41 6 38 100 101 126 120 0 52 115 63 22 8 27 84 19 28 44 68 24 82 72 70 104 19 80 11 16 102 100 0 54 64 104 45 43 41 0 5 33 119 56 67 48 102 89 36 111 104 97 39 74 2 142 217 0 49 25 23 56 79 31 64 2 43 136 16 40 86 0 71 40 35 58 28 16 79 109 40 61 153 5 50 97 28 4 90 39 115 129 68 147 68 0 73 77 81 35 38 73 55 34 48 25 144 30 0 82 20 63 128 167 13 0 68 14 28 60 29 87 68 0 31 153 88 49 48 72 130 83 77 60 108 38 53 56 98 88 13 0 98 20 58 39 20 45 104 83 78 117 101 38 76 75 76 16 0 184 35 59 161 16 200 59 70 134 5 35 28 28 72 77 
29 56 4 81 0 177 56 102 7 58 106 44 36 26 9 36 74 166 33 14 48 72 4 0 77 209 70 6 42 38 119 165 156 113 37 17 4 2 122 72 53 105 163 50 44 32 76 24 57 72 39 0 67 77 8 24 130 88 24 6 85 82 103 26 44 70 20 15 12 53 33 66 15 77 1 115 0 23 77 88 16 25 46 81 20 44 54 66 38 98 72 4 8 0 5 126 12 59 52 108 30 30 0 83 98 81 34 34 92 0 12 54 135 16 5 18 48 25 99 42 184 44 1 0 161 24 41 82 93 0 81 0 271 87 66 32 6 73 70 81 1 0 57 6 63 60 14 10 132 79 158 24 52 88 36 78 36 6 9 83 0 80 74 72 27 57 6 94 16 60 127 16 75 161 5 117 125 14 46 85 59 21 28 84 32 137 12 48 87 42 71 171 0 41 28 18 21 54 38 27 0 51 48 32 37 18 45 64 29 82 8 54 105 52 39 37 33 126 28 0 0 64 43 97 119 92 63 79 11 27 72 182 19 192 27 61 16 104 52 10 17 42 8 10 107 67 217 115 24 90 44 188 104 68 121 56 
31 41 145 40 11 43 0 39 30 20 46 25 17 88 4 72 98 153 27 129 0 124 74 0 122 28 119 180 0 46 127 39 60 0 25 45 0 0 72 44 20 24 137 35 24 12 12 50 103 68 80 116 47 44 40 27 70 24 1 44 7 0 40 71 63 18 82 17 19 100 16 70 10 141 32 66 211 75 21 24 57 9 89 70 68 66 74 116 49 30 27 78 59 15 78 64 27 36 9 24 0 57 55 117 32 33 117 30 34 1 35 151 47 36 7 14 8 33 166 28 0 16 0 0 109 64 99 82 29 28 24 35 126 104 12 15 8 71 86 118 19 0 2 34 15 203 32 11 24 49 86 38 38 71 64 25 16 0 22 0 80 68 82 71 26 102 0 30 37 85 12 3 16 53 0 53 2 0 166 37 0 36 6 27 59 214 47 143 16 24 63 10 4 8 70 74 106 33 0 4 102 12 54 14 36 0 6 36 109 52 78 12 36 41 48 111 9 0 16 0 0 0 41 48 44 99 91 21 122 0 64 54 101 37 49 0 15 8 97 117 94 0 40 27 0 86 169 68 208 104 57 25 40 40 40 23 
78 36 40 6 23 117 74 60 38 75 8 96 30 90 15 24 32 100 76 0 22 0 31 45 84 36 132 0 32 150 84 54 4 60 98 39 51 0 16 96 48 28 0 71 31 105 84 62 6 113 60 86 60 9 40 0 78 0 83 108 0 20 237 12 80 108 30 59 120 90 8 34 2 40 35 32 40 54 78 86 63 6 102 56 29 78 41 50 69 40 94 34 81 11 0 3 3 66 92 0 58 15 56 48 56 116 0 78 19 6 6 135 67 64 36 8 30 12 157 0 54 48 0 0 96 96 22 48 0 30 40 0 24 104 76 0 0 8 39 78 0 20 9 18 6 74 99 89 65 51 219 6 0 1 123 10 0 82 16 56 42 29 10 80 53 98 0 116 88 6 6 0 95 66 68 24 60 42 52 24 84 69 69 80 36 61 64 50 31 36 21 81 9 0 24 0 34 64 72 75 98 78 32 21 114 16 54 14 60 60 60 104 130 100 36 33 24 36 36 25 42 20 38 112 88 64 36 20 113 0 36 79 12 99 20 40 94 77 34 28 0 68 0 27 44 8 92 4 42 101 72 10 55 27 2 30 
0 68 202 76 63 81 10 30 104 64 55 83 62 16 20 0 81 8 0 22 112 63 66 40 103 130 39 93 36 25 184 52 52 27 65 240 61 102 20 79 36 119 18 106 28 0 14 22 52 17 43 0 30 70 118 22 121 142 109 54 53 104 7 78 55 0 10 80 0 7 28 112 84 135 36 157 4 66 0 36 63 40 125 69 6 0 49 31 58 42 18 80 97 48 106 99 104 119 62 53 56 0 8 18 95 9 46 42 70 46 0 98 54 12 81 58 128 0 7 90 48 0 49 10 23 86 45 0 45 63 63 2 69 53 70 98 79 199 66 0 64 6 157 45 0 72 30 0 28 57 16 0 44 32 45 82 47 204 0 13 46 66 16 81 24 29 22 5 12 18 12 16 61 106 72 53 54 0 0 18 83 18 99 44 0 191 21 36 6 24 38 20 8 153 114 0 0 51 35 42 72 65 93 57 18 63 0 86 24 7 34 3 152 0 72 108 0 72 24 42 0 140 30 20 82 0 125 2 8 35 18 72 0 70 100 0 18 37 0 74 59 34 45 158 81 0 14 27 79 74 0 118 74 174 45 44 
45 0 6 177 23 121 192 124 149 119 104 103 100 114 125 40 106 96 5 63 48 168 144 162 268 27 93 87 98 23 157 0 254 161 51 178 18 66 113 63 28 65 71 132 158 0 63 8 100 90 106 32 117 18 261 48 133 72 89 73 36 120 83 93 7 55 6 42 52 134 119 59 50 109 150 38 84 118 22 117 100 42 31 18 21 8 116 120 28 45 120 12 121 153 41 30 72 78 4 24 125 115 56 88 69 18 52 18 102 76 67 141 92 41 8 98 87 39 200 58 144 24 126 207 152 40 121 63 185 9 0 45 120 216 113 70 76 72 33 147 130 33 91 5 105 66 101 0 68 51 85 31 54 147 60 67 177 24 26 103 106 41 201 148 109 72 44 74 37 8 68 104 85 26 108 93 166 32 86 63 83 140 52 131 132 128 16 122 228 84 107 123 39 0 23 30 234 80 69 0 177 74 111 138 118 42 104 89 82 124 146 126 129 52 6 161 134 135 63 151 77 102 94 84 130 68 167 40 94 157 149 155 38 90 120 15 22 4 88 58 29 205 78 170 187 22 81 135 92 66 42 121 66 0 126 75 
40 35 156 15 64 28 40 70 29 60 69 27 62 43 99 18 60 126 70 59 27 86 0 15 11 27 63 56 60 0 54 54 34 10 3 42 39 27 76 75 33 63 20 97 24 108 24 105 50 0 92 59 0 0 48 60 62 32 154 47 27 64 50 4 8 59 84 24 83 31 2 16 24 37 0 36 23 4 175 61 43 24 57 18 28 18 107 215 8 121 83 52 107 130 173 104 24 70 21 0 7 12 46 50 38 16 40 33 205 117 90 8 48 18 56 48 5 0 45 0 127 108 12 86 54 12 88 91 36 74 42 8 42 86 14 0 35 62 188 30 39 33 121 2 23 57 49 89 32 63 57 116 38 0 49 63 56 2 66 27 44 6 57 85 24 92 32 27 8 84 119 0 153 30 37 8 33 36 77 63 77 42 45 0 0 60 0 61 62 34 72 57 14 25 20 152 49 47 15 16 16 101 52 0 52 133 121 0 0 66 0 67 81 123 20 72 3 116 42 5 89 39 39 12 63 56 62 30 16 15 69 5 69 76 10 0 66 68 77 5 12 103 99 0 99 74 96 5 49 38 52 38 40 63 60 108 
0 56 24 132 62 90 2 0 53 60 144 0 82 5 48 0 60 24 48 28 33 58 48 24 231 117 79 24 118 107 104 102 140 48 0 42 96 0 108 90 0 96 60 48 29 30 106 34 127 0 21 49 0 17 22 18 20 67 148 80 0 57 89 0 80 248 0 23 16 127 36 100 0 37 31 64 0 0 9 2 0 36 0 24 139 52 130 16 30 120 88 25 100 2 24 0 20 0 85 94 7 66 0 27 13 6 18 17 0 30 0 94 25 70 24 25 4 0 50 114 0 0 75 52 74 0 55 0 90 3 42 0 79 28 55 54 28 130 90 71 11 36 47 0 27 72 103 30 20 43 65 2 70 18 38 96 69 57 9 56 0 24 35 15 30 119 30 26 46 88 22 12 68 0 48 86 63 0 51 63 24 28 16 72 63 0 36 48 84 35 10 4 64 94 85 0 52 74 12 36 27 42 37 89 36 106 42 48 37 35 14 74 98 117 30 56 30 0 40 0 35 24 32 54 54 49 40 10 42 0 6 46 102 46 28 102 56 20 61 30 42 54 14 69 97 21 56 215 6 63 48 135 105 67 30 167 
0 4 48 163 48 28 0 38 72 8 6 74 58 14 76 0 0 18 6 100 206 84 9 8 84 18 70 66 9 40 122 41 151 20 114 42 66 120 54 51 48 56 99 38 32 17 96 69 44 3 70 63 48 28 30 18 0 66 150 30 32 43 76 55 79 66 0 40 88 8 109 0 56 65 0 67 0 48 14 71 97 26 0 40 2 0 19 84 52 104 13 14 18 52 20 103 16 24 20 124 38 74 96 14 82 61 25 10 22 47 8 0 0 16 12 97 9 29 63 29 107 127 74 91 52 40 25 44 2 96 29 104 0 74 6 12 2 44 18 15 9 26 45 81 57 114 16 0 33 25 40 44 6 44 27 143 45 62 57 40 82 84 52 0 60 30 40 49 0 40 46 12 4 43 195 0 85 0 16 0 81 34 45 130 18 15 69 75 35 16 35 3 46 27 17 12 54 55 7 63 42 28 71 96 25 58 74 16 0 83 63 87 107 143 16 8 23 12 148 13 70 26 24 10 54 8 87 17 63 7 64 0 70 135 81 56 56 93 34 88 58 40 67 30 61 36 46 139 72 170 32 21 182 24 8 20 
48 0 66 15 27 0 57 74 32 6 14 156 2 21 39 69 8 80 12 21 100 87 12 9 96 8 123 41 0 44 238 0 33 70 91 8 0 5 68 41 142 34 91 8 142 9 48 71 43 28 24 68 139 36 71 0 0 43 63 125 63 0 258 0 16 72 16 15 165 56 37 57 40 37 179 0 72 186 0 32 21 5 54 72 91 10 0 205 79 43 12 0 51 85 128 30 0 105 5 16 9 42 63 9 21 73 8 114 98 8 24 109 38 54 128 12 100 33 109 0 50 96 0 24 145 89 30 102 0 32 13 27 51 72 123 63 42 76 158 12 6 35 8 32 6 42 23 8 13 160 37 9 4 86 32 21 2 25 31 0 171 0 69 45 165 112 43 46 46 58 0 72 50 11 46 105 3 48 45 81 135 0 102 2 33 128 66 50 37 16 77 18 60 35 0 18 78 0 49 58 50 83 36 18 36 95 65 35 111 99 81 21 32 26 18 43 90 87 81 0 0 0 93 142 42 6 118 12 172 12 93 12 0 66 27 27 30 99 16 9 48 9 0 20 93 32 26 88 1 55 6 40 30 5 21 44 
6 119 27 96 59 85 63 63 67 8 166 18 109 28 50 0 27 21 33 15 121 51 85 36 107 35 53 102 42 8 282 18 130 25 0 97 57 60 77 42 103 103 0 20 24 81 38 46 24 21 9 43 51 34 39 32 0 0 62 68 28 99 55 79 68 81 38 75 78 12 5 111 10 48 147 60 0 36 39 6 48 27 69 14 28 10 48 16 122 46 33 71 147 46 2 10 47 38 72 21 97 0 119 34 38 81 39 42 44 41 40 76 75 47 97 6 46 3 96 165 0 12 16 77 97 65 101 28 18 62 39 102 35 55 112 199 24 131 113 71 29 54 66 8 36 24 83 95 46 58 16 21 63 14 26 35 63 24 46 9 80 36 49 6 62 18 106 115 0 81 14 0 33 35 134 114 0 18 113 81 63 36 70 27 55 72 40 66 16 67 129 20 7 12 118 100 113 12 8 48 48 69 57 56 82 20 25 152 10 57 51 68 153 46 102 75 23 65 38 90 0 4 59 0 65 8 137 32 65 33 165 83 64 138 135 33 63 45 69 17 59 153 66 65 95 111 8 68 56 27 22 92 59 45 0 55 
59 183 28 151 0 134 128 128 12 44 45 65 86 20 24 0 99 35 39 134 68 102 93 109 60 91 54 168 54 64 235 0 202 66 48 130 0 32 106 74 42 111 227 44 183 91 40 185 72 56 112 75 92 148 108 70 24 104 71 12 175 96 171 53 69 28 106 88 0 151 175 12 147 12 0 12 32 72 35 42 9 158 169 16 84 40 63 109 18 32 109 64 138 57 112 123 54 146 10 81 20 24 2 226 95 70 0 36 27 144 102 105 174 47 54 109 9 6 116 106 72 26 112 64 82 24 164 6 100 81 94 20 35 80 88 230 45 105 93 160 32 8 99 16 91 8 60 58 109 54 66 12 46 107 81 111 54 125 18 76 114 44 36 62 30 70 90 95 28 139 12 36 96 55 160 75 122 0 24 30 212 14 23 110 36 134 24 134 114 6 30 0 73 24 71 27 181 66 28 18 84 68 27 6 34 15 84 16 54 95 30 36 48 143 42 71 36 95 52 0 90 118 22 43 89 54 123 92 98 0 112 87 111 93 116 24 0 182 70 181 60 60 4 125 9 62 36 103 7 74 13 136 96 129 0 113 
0 121 96 203 0 145 54 102 80 42 76 157 189 13 36 108 128 178 42 87 137 27 71 39 18 129 252 77 2 117 102 35 95 35 2 222 76 120 101 105 45 47 108 91 22 4 82 25 161 90 109 96 77 54 74 24 7 202 57 247 49 152 56 150 88 112 138 122 84 44 79 23 47 6 52 56 87 0 144 111 33 117 99 5 121 78 79 62 162 95 57 39 48 60 35 144 45 179 7 67 28 63 10 149 30 124 42 111 91 10 56 48 14 71 36 5 56 30 68 16 20 106 0 30 40 211 176 27 27 18 134 18 149 251 109 80 119 66 3 163 8 100 9 6 0 68 39 104 50 88 156 0 32 15 51 6 93 35 9 52 24 30 74 75 0 130 48 113 17 0 45 73 21 2 72 0 121 93 94 25 168 12 78 144 27 109 62 28 49 81 70 70 51 69 43 90 52 87 63 12 200 202 100 0 29 30 66 0 0 32 65 21 76 119 78 56 66 90 0 6 5 124 41 64 56 108 88 30 104 51 45 87 110 35 146 7 98 70 16 63 102 31 101 28 133 60 12 87 73 182 54 14 70 148 12 47 
58 81 32 52 45 36 84 165 45 36 6 6 0 114 30 139 58 102 45 73 42 123 110 87 149 32 57 72 32 32 102 0 58 0 36 27 80 16 110 87 38 224 143 0 8 8 72 68 144 68 8 96 0 97 42 30 42 1 0 36 35 52 94 76 32 92 30 64 42 0 17 22 54 115 76 26 15 63 77 0 66 54 112 72 112 85 40 131 172 48 54 0 51 0 14 65 43 93 42 59 18 30 35 54 18 47 0 40 32 5 0 53 5 16 13 27 5 9 72 18 48 32 51 86 17 30 9 64 87 26 32 49 6 95 54 0 43 135 116 125 5 3 102 54 78 33 52 24 77 63 128 36 72 32 108 16 21 72 126 0 22 32 74 16 68 130 18 72 23 43 69 35 92 114 4 56 40 0 127 5 15 18 65 44 42 156 103 109 57 0 56 94 86 2 146 0 118 24 83 48 57 46 56 81 69 0 12 80 104 109 89 16 21 89 28 74 0 12 77 33 0 4 0 115 57 12 90 10 33 6 81 30 0 99 0 64 74 0 152 96 0 46 81 36 60 117 156 50 63 42 67 72 69 0 0 4 
18 115 86 0 4 4 0 24 0 66 8 0 12 0 42 0 7 54 71 10 75 0 0 24 90 42 133 8 0 67 63 0 36 0 13 0 45 0 36 79 30 18 120 18 12 1 6 9 32 0 0 2 0 0 0 130 85 5 39 132 0 18 60 0 30 0 0 36 0 1 6 55 40 32 0 21 0 40 73 0 10 15 29 56 0 0 27 30 79 67 45 4 54 0 65 63 36 0 33 87 60 72 6 36 2 12 13 0 45 0 18 0 12 4 24 13 9 0 0 8 100 20 0 54 12 27 81 16 0 44 91 0 35 47 0 0 6 81 36 10 0 0 6 83 0 81 6 16 12 133 6 7 0 108 0 132 5 0 0 0 0 6 0 126 52 0 24 12 108 82 76 9 0 0 9 0 50 0 6 71 72 0 27 12 126 27 25 45 0 18 6 0 102 15 6 20 6 30 69 0 56 12 12 21 0 0 38 0 54 0 0 6 34 117 0 21 21 99 0 9 2 0 20 0 108 0 0 0 104 31 2 12 90 30 12 0 36 69 12 12 36 0 13 0 0 6 0 88 0 32 68 57 21 58 5 144 
69 76 13 54 65 99 0 4 80 56 197 137 12 5 35 30 47 106 49 1 49 38 8 130 30 27 49 0 44 17 4 8 139 107 72 47 64 14 144 171 14 185 64 189 106 64 60 22 73 24 106 101 125 12 20 94 0 121 28 106 95 118 148 54 34 32 76 15 64 24 18 27 19 111 117 189 0 133 116 88 54 59 115 49 16 75 47 6 92 60 51 73 76 0 89 132 4 36 28 1 50 219 24 114 8 39 35 73 63 34 0 0 22 0 0 80 195 36 179 36 53 61 17 0 97 64 207 36 19 77 40 72 75 121 121 28 49 40 0 0 0 29 96 64 51 79 173 14 8 33 54 75 104 54 44 11 4 35 125 87 67 18 127 61 146 91 6 79 12 85 3 71 25 0 0 137 146 74 25 0 60 36 72 167 0 110 72 12 102 56 0 72 61 18 24 18 123 111 18 9 112 94 56 0 27 55 34 29 57 28 56 16 56 89 64 120 180 125 0 128 63 159 8 40 0 72 22 65 52 0 0 37 45 93 8 0 169 50 0 42 75 10 48 87 111 36 132 20 70 74 6 7 56 127 56 38 
72 54 56 34 36 21 35 59 43 51 92 24 45 8 0 49 249 75 0 0 148 0 152 54 120 14 70 40 114 30 10 92 44 95 81 0 46 93 89 52 21 76 127 42 72 84 128 26 48 93 88 173 182 30 0 87 74 56 192 156 96 97 140 129 30 60 26 59 95 17 42 36 17 42 81 69 48 24 18 18 63 33 247 72 51 102 12 151 66 160 15 57 82 225 44 118 0 62 162 57 43 18 130 72 0 49 105 49 92 197 68 50 116 36 99 24 25 0 74 110 77 67 35 118 104 18 53 151 188 22 56 30 63 52 149 229 12 18 118 30 0 0 0 22 0 24 14 21 17 90 123 36 99 12 74 97 48 63 83 112 92 26 17 92 166 55 193 112 15 56 6 70 85 55 27 46 47 48 61 120 50 120 0 44 102 167 42 67 114 72 12 11 19 39 56 170 117 58 30 83 92 41 124 70 59 54 127 35 45 68 56 93 78 39 83 79 54 26 0 51 109 53 0 2 28 6 105 87 30 0 103 21 69 45 0 54 58 22 97 12 41 0 115 59 121 101 76 203 41 105 60 71 108 57 0 54 
18 138 61 46 61 12 43 113 7 69 58 7 11 45 0 74 73 92 40 168 35 100 104 31 84 25 92 0 66 0 74 21 104 55 46 130 0 1 101 106 7 52 64 43 14 48 64 69 40 5 101 0 121 7 95 3 46 60 166 165 41 58 91 55 86 49 12 0 53 24 4 51 106 160 40 73 24 68 88 23 15 91 106 9 5 27 69 72 112 52 49 130 77 72 66 43 12 26 35 9 20 42 116 16 10 147 161 94 154 42 146 89 51 33 53 63 79 54 55 63 94 104 34 93 84 16 133 45 18 44 73 8 97 0 108 117 1 13 98 62 37 0 48 50 7 57 32 24 95 30 113 37 105 51 0 37 10 35 29 4 64 1 110 30 42 69 101 114 29 225 120 83 11 30 91 115 91 38 58 84 59 99 29 131 12 151 57 38 154 21 63 47 17 44 0 41 111 76 94 62 58 21 0 51 17 23 35 35 3 209 0 0 84 70 38 149 59 22 4 46 83 85 10 10 89 56 87 40 59 73 45 44 71 9 83 0 30 111 51 47 65 90 31 129 55 16 88 57 40 100 136 7 25 102 0 111 
0 43 0 25 36 15 4 48 0 20 83 10 115 10 122 25 56 18 56 92 0 88 35 0 123 138 66 0 63 41 35 79 96 2 2 49 17 36 124 104 42 45 59 12 27 145 112 62 72 35 40 41 5 8 4 97 10 17 19 70 52 60 54 51 18 14 0 32 16 58 22 109 14 33 20 61 8 0 93 2 24 47 126 0 48 88 92 24 55 81 88 88 126 28 33 32 26 0 64 59 6 40 0 10 6 45 15 42 73 91 77 64 12 44 24 10 19 16 16 12 13 24 6 80 54 13 89 40 137 24 0 0 106 24 39 73 49 101 63 64 12 24 37 54 0 45 14 37 0 90 16 0 44 0 50 179 60 48 9 54 5 90 26 6 48 0 2 0 32 108 90 39 72 0 3 68 49 10 0 0 71 80 0 4 25 17 0 0 36 89 0 80 40 154 84 0 22 63 62 61 24 17 61 78 0 22 6 52 67 8 0 2 80 70 0 35 8 55 84 0 8 22 32 6 77 8 40 47 9 5 0 46 76 61 20 4 92 32 0 0 41 16 112 12 64 0 35 91 40 36 18 122 0 4 0 116 
65 12 182 0 7 4 0 0 94 57 39 106 2 40 57 32 86 27 42 18 0 102 14 18 148 34 75 0 0 59 135 6 81 15 78 34 0 12 19 43 72 2 81 45 186 36 18 21 9 36 18 55 98 104 152 36 76 67 68 131 41 24 128 96 0 0 3 12 54 17 50 12 7 37 35 0 56 25 0 72 0 3 134 33 116 91 12 90 87 74 45 9 24 137 120 0 68 101 122 0 6 34 31 0 0 25 72 66 105 109 18 79 14 24 54 0 24 0 72 0 106 0 6 48 20 0 0 6 36 21 116 0 30 12 69 89 21 3 77 15 0 5 29 6 0 0 117 19 77 112 55 18 8 168 6 16 48 42 4 55 62 16 87 60 35 122 62 60 46 39 0 36 38 0 12 85 38 54 3 14 45 0 72 75 24 56 30 47 50 38 57 53 0 0 80 18 112 15 27 30 51 0 102 0 27 93 0 7 30 14 63 3 25 0 72 38 6 53 54 18 87 0 81 47 33 15 85 56 132 10 18 2 25 22 72 0 88 54 36 0 6 0 75 54 100 73 75 68 27 20 44 100 86 27 0 64 
44 120 56 82 0 37 0 35 98 88 118 47 11 28 54 45 121 33 21 54 75 74 14 70 137 101 45 36 35 5 56 62 114 18 12 0 21 10 147 9 53 45 40 89 32 81 154 46 4 75 66 0 148 65 26 54 56 98 79 114 54 120 13 84 23 34 6 34 6 46 40 56 16 71 20 170 78 42 56 46 7 91 105 24 5 12 14 0 70 135 128 0 0 101 12 32 2 6 131 34 56 129 72 36 9 217 16 76 8 8 73 0 50 21 42 95 46 8 79 68 127 28 28 180 101 67 100 0 207 30 44 0 162 105 51 262 17 134 35 40 7 58 89 18 0 22 28 4 30 113 48 0 144 109 6 54 12 51 18 44 18 88 36 53 63 36 52 22 63 22 8 162 24 15 3 154 92 74 6 46 87 39 55 119 32 30 27 59 60 18 38 0 2 41 78 36 10 95 0 106 26 11 64 75 34 48 28 153 28 17 48 64 193 2 53 125 103 74 4 44 13 31 14 0 68 27 98 72 27 40 120 14 64 91 16 14 0 72 16 0 132 24 69 1 138 0 26 46 35 49 0 114 68 79 24 24 
9 27 5 36 44 136 102 27 51 132 144 2 21 32 30 45 13 32 90 90 27 48 128 82 69 16 94 6 10 153 63 16 87 72 56 36 26 65 46 98 9 22 4 88 54 101 3 18 28 21 55 38 123 16 88 7 131 22 72 17 19 67 110 24 144 55 28 6 32 9 9 38 14 101 43 42 96 45 54 20 6 170 159 72 36 90 162 106 7 61 0 33 96 9 95 37 44 0 62 36 8 0 19 8 20 34 34 71 123 14 32 32 43 86 5 18 7 4 43 79 62 0 0 9 57 26 42 124 4 18 12 56 36 124 36 20 55 18 51 96 21 15 3 6 45 45 81 159 32 12 38 71 90 27 36 24 0 17 70 52 99 0 3 5 20 0 4 96 28 24 56 21 66 24 82 21 3 0 124 61 36 24 0 16 0 61 68 6 24 8 139 0 116 70 0 43 3 37 48 82 21 64 78 97 106 49 108 45 88 55 52 133 56 4 0 105 47 27 43 15 4 59 77 18 57 42 14 9 40 18 8 83 0 57 141 0 80 64 113 65 3 200 42 77 101 199 19 40 51 71 18 72 6 54 45 36 
100 86 25 39 0 84 0 115 72 89 246 87 204 122 6 72 97 153 56 0 92 42 52 170 148 76 76 33 135 76 214 97 49 0 106 0 129 32 49 108 85 42 84 48 58 105 159 77 49 48 36 78 35 64 189 18 135 61 19 113 93 0 74 35 58 137 78 0 80 84 0 78 0 106 0 92 0 12 16 20 81 0 88 88 18 114 93 69 144 48 15 106 72 30 10 48 32 12 0 128 98 110 63 30 6 7 132 55 110 48 0 24 47 20 100 13 62 18 134 82 39 73 77 0 25 86 31 191 52 92 96 39 66 124 3 76 50 127 24 80 0 30 49 57 9 117 117 122 168 103 16 141 0 65 176 135 69 8 16 21 144 28 101 58 8 64 40 199 89 179 90 41 25 54 34 6 65 27 45 72 90 77 171 83 21 161 20 9 73 15 32 43 72 0 113 166 33 95 124 56 42 107 45 59 76 40 69 0 62 48 32 0 30 89 100 16 15 24 0 75 83 44 106 12 77 144 107 65 24 43 107 64 25 68 126 0 135 136 107 143 7 108 112 74 72 119 141 177 71 108 36 172 38 127 46 91 
60 151 40 21 15 132 98 31 0 79 81 221 74 248 77 90 120 151 143 113 19 12 133 76 222 43 59 69 132 44 170 74 163 88 72 101 95 104 126 26 165 37 4 119 78 57 160 22 134 44 152 100 142 36 211 144 107 49 232 223 42 164 97 74 135 60 86 241 132 44 43 64 235 6 114 155 38 201 15 89 269 27 76 119 50 77 99 49 38 151 41 85 110 187 57 5 27 21 144 101 42 76 51 6 55 127 197 221 129 0 83 94 104 81 97 99 0 10 192 50 76 185 141 199 45 144 17 100 54 143 74 66 253 151 172 119 20 52 16 35 213 51 124 282 102 68 187 18 252 31 36 4 61 14 36 86 46 115 0 74 116 88 66 97 17 51 156 155 60 42 126 35 106 16 13 26 57 49 149 224 196 26 40 54 171 221 191 81 26 3 61 50 74 77 160 117 61 22 42 107 142 25 100 126 106 10 41 63 140 160 92 33 125 82 52 65 20 126 94 37 90 42 19 88 15 34 128 96 0 201 95 123 168 195 270 11 105 69 166 131 166 170 200 9 87 106 102 107 149 273 186 100 180 109 105 94 
12 0 62 100 21 48 0 60 46 0 52 8 45 0 122 0 8 34 13 26 121 46 22 56 22 107 110 54 84 0 108 0 169 117 58 0 81 28 123 10 0 16 6 64 42 9 54 8 31 36 63 31 56 100 108 36 64 91 34 87 83 18 0 54 5 20 42 9 8 4 113 18 97 28 11 90 9 155 40 10 63 116 120 91 56 0 28 28 30 47 0 0 0 5 0 26 8 24 0 40 56 183 77 96 36 32 2 144 184 75 0 27 99 10 45 72 4 0 95 171 61 77 22 12 76 45 64 9 22 81 8 48 36 86 75 90 4 0 40 94 18 0 96 40 50 24 21 0 50 90 152 0 25 80 0 55 32 8 19 30 64 81 85 132 60 42 15 0 8 6 128 0 153 38 16 0 34 48 50 107 232 8 0 113 0 61 36 40 82 12 0 34 54 64 12 42 56 81 36 72 31 25 14 0 45 64 60 11 32 2 81 78 46 16 42 114 0 32 133 113 60 35 50 28 44 85 117 0 6 12 0 42 25 52 134 0 61 162 33 23 128 18 20 70 54 8 91 48 51 98 0 20 0 18 70 62 
0 76 98 119 0 0 81 80 40 29 6 36 159 0 0 32 89 44 54 42 60 27 211 93 90 38 48 141 62 15 32 86 207 0 93 73 60 12 0 75 36 40 67 5 22 116 199 46 80 35 0 47 57 18 56 126 34 82 45 144 109 100 92 54 65 10 20 87 40 34 8 64 61 48 42 57 74 0 138 60 24 48 247 24 50 165 28 153 42 85 2 72 88 194 56 136 0 8 92 100 118 114 92 83 0 87 119 15 122 150 78 12 104 45 54 131 17 44 96 0 0 156 15 93 8 90 18 81 117 63 43 27 60 134 163 125 10 20 216 24 43 45 88 27 10 70 27 0 88 124 27 90 0 15 40 89 4 108 20 5 124 21 13 14 68 16 129 122 57 142 46 95 85 0 50 87 160 44 21 83 106 123 132 121 16 128 90 30 72 9 1 20 18 94 50 81 81 143 56 111 64 87 24 141 0 108 55 10 44 118 69 59 150 32 76 59 114 72 56 20 119 72 24 72 76 72 56 20 4 21 82 30 21 74 32 32 41 32 91 22 127 30 146 60 65 98 80 47 166 79 16 50 45 108 32 83 
65 48 25 86 18 194 0 105 0 113 51 57 63 40 83 0 178 69 0 36 78 52 14 40 111 14 30 0 22 61 41 3 74 16 0 143 64 56 110 71 53 49 152 47 30 0 50 0 56 83 68 54 118 34 12 30 85 129 81 73 32 90 8 66 0 24 18 92 34 5 20 65 7 69 0 1 0 35 2 36 61 107 151 64 0 15 121 140 89 105 65 110 81 7 150 139 98 146 12 6 140 28 28 58 90 81 143 66 105 0 54 40 48 39 18 60 78 65 95 48 171 62 0 49 32 87 63 30 67 46 147 54 113 129 45 117 6 4 5 112 27 8 203 123 0 8 0 104 60 99 0 67 64 164 54 49 46 75 0 91 0 86 40 30 0 155 24 53 0 126 119 49 88 39 142 44 178 0 133 20 98 21 31 133 73 16 86 66 73 12 68 108 12 146 55 59 30 85 0 72 75 50 4 89 52 24 16 30 0 54 2 30 70 56 23 10 4 72 23 85 64 199 28 32 100 159 89 47 44 0 112 70 40 85 70 0 62 93 56 0 4 133 55 59 77 40 93 0 102 96 10 72 75 68 70 48 
17 59 5 78 44 164 66 102 3 0 109 122 27 25 59 0 38 27 73 55 131 109 72 63 26 78 62 59 72 59 86 16 16 0 18 115 135 43 38 48 135 106 0 155 56 9 32 4 83 17 64 42 82 81 54 48 5 25 99 91 14 6 10 71 152 20 61 114 58 40 49 29 105 58 200 85 69 176 93 63 125 57 37 109 8 97 56 45 38 25 9 117 111 155 99 18 54 62 11 48 48 89 36 6 14 69 97 57 87 108 9 157 154 70 54 114 151 84 126 117 74 56 63 94 159 108 159 36 51 2 0 0 56 88 0 15 21 43 75 33 6 0 54 0 65 85 24 24 148 36 24 48 149 75 0 32 21 45 53 18 0 189 200 47 0 160 42 129 0 48 103 0 257 0 56 18 42 48 24 35 69 137 77 133 4 109 31 24 82 68 51 170 24 50 142 73 89 28 23 0 42 68 30 0 57 21 61 70 62 25 105 8 14 51 48 117 63 72 2 81 130 43 10 0 8 66 117 103 64 20 79 22 15 1 50 36 106 51 88 133 110 115 89 12 69 38 112 46 56 40 0 50 30 26 64 121 
18 30 20 94 68 96 22 43 49 34 85 77 6 43 0 45 22 84 18 33 70 74 139 27 170 12 27 64 5 50 107 0 152 15 20 58 15 4 99 47 45 58 102 104 14 30 64 16 42 32 27 107 76 0 84 102 32 84 42 81 14 102 91 44 0 79 43 28 60 98 9 16 54 215 159 111 52 8 52 10 57 10 94 28 56 56 20 14 0 20 6 6 32 21 34 24 53 57 32 0 0 78 75 0 21 148 60 105 66 9 50 72 116 93 6 57 45 12 157 15 143 15 5 102 84 85 59 4 0 57 0 4 45 50 114 95 6 78 107 177 59 49 0 16 6 59 0 1 7 104 29 36 85 132 38 46 14 35 86 81 48 56 148 64 153 61 24 40 120 24 9 54 65 0 56 136 31 0 67 56 158 16 35 102 163 112 69 114 118 45 0 12 0 2 58 0 72 107 41 10 88 20 6 6 9 8 126 45 8 42 96 21 49 38 25 110 114 82 28 25 28 0 0 152 81 41 48 63 51 0 81 16 109 95 3 28 78 63 92 111 18 111 133 0 66 82 62 23 72 108 86 71 18 89 0 91 
21 170 0 24 88 90 0 193 72 46 141 66 17 48 0 168 42 27 9 101 90 42 86 35 30 3 65 3 146 0 24 145 132 73 5 63 36 102 165 18 0 117 192 30 64 35 8 31 28 14 45 128 51 0 32 36 63 3 56 82 91 90 126 20 120 289 0 16 145 2 61 0 18 107 117 78 8 0 18 9 54 51 32 9 36 35 35 124 66 47 54 45 95 0 0 14 80 59 97 174 88 53 99 0 12 108 111 0 75 82 0 24 6 0 72 9 0 35 98 199 116 45 167 0 48 153 80 27 96 0 0 54 103 94 46 63 3 14 7 68 0 4 0 9 51 0 2 93 269 77 84 26 56 27 81 30 63 35 18 25 14 60 9 79 122 22 130 129 21 10 75 38 91 0 3 84 55 21 9 110 57 2 0 54 30 131 77 68 27 42 0 66 72 45 123 10 24 10 18 0 73 109 49 16 201 64 0 105 80 80 90 0 72 83 59 104 3 72 28 38 1 40 30 28 48 54 64 47 133 48 0 42 0 114 36 91 18 78 97 0 154 90 6 64 102 36 72 78 19 193 72 107 163 63 61 74 
0 36 145 64 22 57 43 126 81 6 15 13 105 58 63 0 73 23 31 0 101 101 72 75 99 43 73 247 0 63 160 4 142 6 8 90 65 226 169 39 81 4 48 93 0 91 102 32 85 46 36 76 0 50 134 15 18 78 207 110 35 146 6 69 31 36 37 8 0 0 23 24 16 46 11 28 5 12 15 25 67 6 146 78 91 92 17 107 92 97 69 0 79 74 87 22 4 112 72 147 8 60 84 82 42 18 157 21 83 36 3 142 73 27 0 112 66 0 136 71 0 8 13 0 48 31 14 16 192 49 29 36 112 28 61 57 58 138 63 21 0 0 18 26 21 48 24 64 18 56 21 3 90 21 48 36 28 40 30 53 54 118 0 81 14 84 205 152 113 21 40 24 45 44 94 148 37 72 55 84 7 2 81 27 4 72 126 94 33 36 6 91 0 46 10 126 11 0 0 67 120 12 110 49 96 95 79 35 18 54 57 109 214 1 0 90 7 30 8 57 0 19 10 74 64 10 59 4 46 63 24 18 9 108 111 81 16 38 12 27 18 103 76 11 96 167 42 35 93 117 17 115 24 85 25 99 
28 0 0 63 21 26 68 159 72 13 132 80 10 166 16 45 0 167 0 74 27 96 9 0 273 0 63 72 64 4 133 36 192 25 0 0 10 25 105 3 147 20 48 85 35 54 94 0 151 45 140 118 6 58 36 15 93 21 48 32 45 129 6 43 135 66 37 56 136 28 8 50 0 0 0 147 96 45 72 60 32 28 147 30 0 54 81 143 143 163 28 136 127 21 50 49 0 54 149 85 79 24 150 58 24 18 175 137 76 28 69 63 0 0 42 62 17 86 67 76 23 64 27 126 8 131 62 100 31 36 29 57 68 221 95 94 0 146 56 96 66 109 121 28 25 21 48 9 109 76 43 7 0 67 123 35 33 28 72 130 178 147 81 65 93 34 35 154 0 28 39 0 42 80 92 48 45 80 145 129 0 0 39 97 115 92 11 118 48 117 1 10 13 12 108 0 118 0 51 46 10 75 64 162 109 20 27 159 101 42 57 95 147 0 100 28 26 6 94 47 51 68 37 84 164 35 229 7 13 0 145 214 176 102 20 46 26 125 190 58 36 128 18 77 167 159 52 42 0 158 0 69 20 0 73 59 
39 34 13 84 56 97 6 69 67 64 180 27 55 76 221 0 85 92 15 80 101 10 62 71 199 39 58 16 0 27 8 3 73 57 28 6 12 14 140 68 147 0 82 200 154 46 98 20 28 9 104 135 34 34 26 54 87 176 49 42 156 133 109 24 28 120 36 56 90 58 84 14 0 110 15 73 45 127 16 156 0 30 169 41 74 71 50 86 29 148 72 0 22 119 53 14 24 12 105 42 8 66 55 79 6 0 57 70 94 87 118 36 79 64 28 49 95 27 123 0 82 0 75 75 55 34 73 14 66 232 0 111 92 166 20 196 70 62 223 66 8 70 93 57 0 33 129 0 40 136 114 28 12 90 93 85 151 46 12 90 30 0 41 144 175 96 75 8 0 63 28 6 57 128 23 158 105 0 82 105 7 4 32 0 213 152 90 30 157 0 34 52 27 31 101 126 100 12 91 109 99 12 234 98 91 80 44 115 183 3 73 60 167 116 65 89 69 95 88 91 71 12 20 72 14 81 43 34 100 45 32 22 164 101 68 99 135 16 164 48 36 65 85 112 43 90 10 46 31 145 72 48 0 144 139 56 
19 64 16 44 10 91 0 9 0 4 0 32 101 81 0 18 9 36 2 0 49 36 0 0 58 0 12 75 0 40 65 0 120 17 7 59 0 117 28 42 105 101 118 4 3 34 21 26 0 72 45 130 117 24 0 42 85 72 80 25 2 0 71 100 4 8 31 154 56 25 112 14 62 61 0 69 57 42 25 64 33 94 80 21 43 6 38 14 30 16 11 56 66 39 110 176 40 111 0 9 27 13 24 101 72 124 0 99 50 52 12 24 20 12 0 16 0 24 39 80 6 16 8 52 125 82 83 31 0 14 119 0 36 98 0 27 0 48 97 18 105 8 0 25 0 14 24 58 5 42 87 99 69 0 6 56 15 71 95 62 42 24 53 20 0 95 0 18 6 40 25 40 8 93 50 66 8 42 40 15 113 82 0 78 27 115 15 47 65 0 35 12 52 126 4 59 20 38 0 8 16 56 0 68 17 39 56 0 77 134 0 120 63 5 86 0 5 58 15 5 133 155 0 0 66 15 65 0 14 15 80 24 107 20 62 35 55 32 48 33 44 0 44 0 75 10 146 4 107 120 28 83 0 44 60 38 
42 60 24 52 54 36 30 24 36 72 29 52 34 46 95 45 21 79 104 27 178 42 33 128 150 35 84 79 48 80 161 0 28 20 177 63 46 30 123 10 6 32 0 42 0 0 10 6 150 40 77 106 64 82 97 91 31 142 88 74 29 81 44 42 0 58 65 49 90 0 128 77 0 33 57 103 55 56 0 10 6 117 141 60 18 27 42 197 0 98 4 0 139 53 24 8 54 0 38 108 60 94 107 132 0 32 80 0 26 0 21 0 36 0 117 17 28 18 25 63 88 80 19 8 18 6 0 68 72 89 61 0 0 109 42 43 18 63 159 162 3 0 52 221 18 85 46 85 36 63 62 12 27 108 5 135 20 10 37 0 58 0 15 132 82 78 20 32 59 226 79 53 56 14 17 64 55 30 46 45 110 24 81 42 0 111 54 42 24 83 55 0 72 0 89 55 21 63 125 32 59 28 18 75 111 9 42 42 137 117 0 57 58 85 54 78 78 0 55 56 16 40 0 0 80 61 107 18 42 165 6 62 144 110 126 52 74 35 72 112 7 0 37 45 30 55 117 98 60 102 184 111 123 165 35 104 
0 152 135 0 6 96 60 36 75 128 91 61 0 6 81 0 121 40 93 0 84 108 40 64 144 76 49 90 70 0 16 15 18 64 54 87 42 48 162 22 67 36 21 13 69 16 68 140 118 16 273 104 62 0 127 15 15 210 170 69 16 122 29 11 24 36 16 32 33 62 36 117 103 137 129 236 183 15 27 0 163 12 33 56 14 0 227 194 132 126 54 64 111 54 80 8 81 64 77 0 0 102 56 0 64 52 132 113 0 54 29 64 180 98 52 8 0 24 40 163 92 54 121 171 124 36 108 32 107 189 104 0 80 165 125 235 0 123 104 37 183 86 161 40 28 42 103 64 168 182 72 76 79 16 60 46 60 96 109 54 141 84 73 165 86 0 20 32 0 24 30 0 236 80 78 107 18 18 131 49 48 46 0 63 81 72 164 24 6 31 182 104 24 15 21 47 44 98 8 12 24 51 72 70 42 38 83 131 6 71 0 0 154 70 30 21 27 81 36 36 0 34 0 64 60 56 51 58 87 0 158 40 138 63 54 50 45 119 44 137 62 36 172 0 244 90 63 48 20 79 109 62 173 12 0 49 
6 51 37 42 93 7 94 52 117 21 55 27 96 72 54 141 0 132 50 75 70 36 0 98 63 95 108 112 4 71 91 120 199 67 12 117 35 0 132 24 130 112 64 131 106 179 99 31 223 8 102 52 96 35 21 48 101 18 156 198 106 126 179 24 100 104 21 39 150 0 91 90 0 105 108 99 46 96 201 40 14 101 169 114 98 167 79 59 48 139 171 95 231 70 70 95 77 78 104 53 28 80 41 81 39 225 116 42 131 83 73 112 37 76 54 97 60 78 4 87 102 60 76 99 76 16 205 60 90 128 18 53 91 0 66 16 52 8 73 50 33 13 56 8 67 35 62 81 207 32 64 27 0 22 42 48 54 21 11 8 86 6 176 148 90 135 0 265 14 94 159 0 106 96 82 0 79 54 32 39 56 106 51 207 14 170 84 70 131 6 60 68 95 4 50 27 97 107 9 0 45 59 49 16 42 66 8 10 30 162 4 67 205 166 3 159 56 45 86 17 115 37 0 24 48 34 81 48 255 0 48 48 50 108 68 91 16 78 72 41 241 55 143 97 162 112 6 107 18 73 49 128 120 57 88 116 
29 70 32 47 49 54 0 99 48 22 67 98 24 100 10 63 26 6 42 36 63 27 23 8 18 151 8 0 112 0 72 40 84 27 28 27 48 78 56 34 47 14 96 6 48 0 0 7 19 0 2 99 42 63 121 72 128 48 0 44 134 27 52 63 0 36 0 25 96 10 52 2 0 84 0 0 0 66 0 4 136 0 66 54 59 11 130 72 15 21 1 0 47 37 0 99 18 110 103 54 0 48 0 0 81 24 42 0 0 0 10 32 135 4 105 11 25 5 14 54 65 18 56 0 21 27 5 134 44 0 0 0 171 47 0 0 16 0 8 0 0 4 81 18 29 81 0 65 226 24 40 64 101 4 54 16 35 6 49 30 0 24 74 99 56 0 0 6 13 14 7 3 49 0 1 0 72 5 0 10 30 16 48 64 7 14 0 67 0 0 0 157 7 0 18 5 49 0 0 0 69 10 15 0 42 11 60 49 90 0 36 0 15 0 49 51 8 45 84 0 4 24 24 0 17 32 27 41 108 0 36 135 0 105 35 56 87 109 54 79 10 14 126 37 81 95 63 0 80 23 108 35 90 0 57 0 
32 88 0 42 72 146 50 162 87 70 0 28 153 102 69 97 9 49 0 27 229 7 95 64 170 92 35 27 72 70 87 18 6 0 20 135 82 177 192 4 72 133 70 72 56 0 0 27 180 0 0 135 98 86 78 116 56 0 93 6 20 81 64 147 14 79 65 166 180 45 72 0 18 137 172 68 72 105 0 108 33 102 108 105 70 16 146 107 0 51 12 104 0 16 39 159 102 54 49 117 35 110 56 42 9 74 36 127 123 9 24 177 7 6 138 98 7 0 0 134 144 18 35 102 71 21 134 75 18 68 104 58 63 220 0 0 55 35 0 174 0 6 27 126 75 63 21 99 153 3 141 9 129 0 18 134 21 58 63 127 18 20 86 27 9 62 88 72 78 95 24 66 92 0 36 63 57 72 27 16 75 14 160 168 18 80 36 63 48 16 119 296 22 90 72 0 75 56 56 0 190 0 35 92 60 0 123 144 168 0 145 18 18 35 119 68 0 4 127 45 39 78 0 99 110 12 60 0 70 164 114 65 150 180 93 72 163 16 75 65 19 81 138 8 66 36 219 36 213 147 175 171 0 138 35 21 
12 4 3 155 45 36 16 0 72 69 104 61 15 107 155 105 77 93 112 135 101 76 63 77 29 72 54 28 54 9 46 6 81 118 33 78 8 16 129 113 111 38 63 177 140 12 107 7 72 60 105 75 1 101 83 67 57 30 22 24 20 48 48 20 45 0 3 21 19 77 11 40 6 45 32 72 81 0 42 129 82 2 87 91 0 8 35 0 0 104 96 9 48 150 0 72 0 84 25 36 11 108 24 27 3 24 36 0 90 24 81 79 78 98 0 61 126 33 132 78 98 144 102 102 39 60 127 29 27 133 12 20 131 173 57 72 42 54 6 5 105 7 55 68 39 57 69 32 36 125 89 42 4 75 32 16 86 54 42 35 60 96 63 135 54 9 0 79 27 10 45 2 80 0 20 30 90 0 105 107 93 71 81 60 0 161 30 54 53 0 0 12 0 76 75 72 139 21 45 88 192 96 2 89 54 48 81 47 73 72 63 90 69 31 66 52 30 40 81 25 98 12 65 22 35 93 89 23 101 0 72 73 9 18 10 0 97 81 39 72 110 36 63 27 181 9 84 135 50 58 35 21 122 101 69 95 
14 27 23 41 7 29 36 72 0 108 67 131 8 4 106 89 21 96 18 80 89 35 0 45 68 28 185 65 0 85 3 0 72 69 0 24 51 104 49 6 80 142 36 64 72 70 7 54 110 70 91 60 35 14 0 21 80 142 12 9 66 177 67 21 96 98 24 18 42 0 52 9 21 127 92 56 0 8 81 40 18 32 89 54 24 58 28 80 105 1 114 22 0 45 66 42 59 36 58 0 27 114 63 27 39 91 56 30 150 38 79 36 79 104 47 49 47 7 28 0 129 108 61 43 50 0 0 39 120 100 67 42 0 77 56 138 114 66 71 180 30 28 45 0 30 21 54 0 8 56 83 3 54 0 0 56 31 61 23 12 10 0 113 73 126 0 8 99 0 48 48 42 67 63 35 15 134 12 51 0 20 15 0 6 6 50 32 0 98 0 42 81 78 28 51 27 177 13 119 53 67 88 14 5 172 61 107 69 97 102 33 4 89 216 35 44 70 85 39 7 42 44 18 94 35 0 78 20 35 48 0 82 71 105 54 8 0 10 0 21 3 0 29 139 53 0 81 10 24 81 9 3 93 46 0 32 
46 175 81 79 30 85 102 0 105 42 37 3 51 141 64 0 0 36 63 79 87 117 112 64 94 231 159 7 0 52 34 15 142 99 42 70 52 84 60 244 88 215 140 35 165 153 45 63 173 9 44 153 83 97 32 112 4 66 4 116 115 49 122 81 15 45 28 129 94 62 20 119 0 62 32 38 152 136 81 9 21 38 70 49 71 46 73 64 171 60 0 44 76 25 193 32 76 6 8 35 14 92 0 3 0 28 0 109 36 8 10 133 68 86 48 21 34 9 162 26 58 0 27 214 145 6 274 35 0 41 74 12 86 167 93 57 56 104 96 3 51 12 61 28 54 42 67 17 182 105 122 2 64 133 98 142 67 20 84 29 191 63 39 210 16 99 34 42 69 32 0 63 0 0 34 76 113 0 0 7 54 54 158 36 69 39 0 63 104 93 35 67 62 92 43 12 45 78 49 72 70 101 231 190 19 67 72 29 30 22 0 115 68 73 0 0 105 42 132 69 9 66 64 40 164 35 137 4 146 63 63 104 180 32 54 4 162 53 21 51 66 42 18 21 45 0 36 66 6 81 120 158 0 90 56 164 
46 187 92 0 91 117 80 145 154 152 146 31 73 60 102 40 48 70 13 95 118 90 268 192 107 96 42 36 52 62 73 102 32 158 16 256 67 12 97 50 0 154 81 102 183 69 132 83 95 70 87 75 116 62 183 71 120 26 105 122 94 75 74 107 62 112 172 191 52 63 33 84 39 248 154 68 38 44 16 15 36 55 237 120 40 77 183 139 26 113 160 94 117 112 2 114 56 70 114 102 13 66 9 169 42 137 64 0 66 66 47 49 116 26 69 204 75 6 18 74 86 95 112 39 154 94 86 102 144 30 25 88 90 82 96 63 0 155 108 118 134 81 10 7 83 138 66 98 80 0 159 60 112 108 60 72 46 49 27 0 130 16 115 9 101 54 148 78 88 0 100 118 90 3 66 222 79 46 158 104 75 22 52 61 9 66 10 69 187 35 118 93 27 24 165 162 141 28 107 146 287 57 55 143 46 114 58 115 256 17 281 64 85 48 56 56 6 74 108 80 82 96 30 6 139 35 121 64 152 48 80 30 33 8 156 13 95 132 80 44 99 129 74 144 143 32 36 139 97 249 24 61 115 75 30 109 
28 81 74 50 25 62 155 40 118 99 225 98 27 85 6 27 45 180 0 69 9 126 101 166 22 70 54 88 149 6 96 113 63 20 62 197 54 54 116 56 89 51 152 128 112 20 82 63 99 81 23 116 183 92 177 56 72 54 127 45 24 58 42 54 57 57 92 18 8 51 41 63 37 129 71 57 81 138 79 13 169 114 126 66 30 104 91 28 0 172 70 75 112 32 136 28 9 14 77 25 39 113 126 97 2 24 126 159 97 0 3 102 39 24 16 48 106 0 186 107 0 0 138 49 4 60 80 80 75 42 21 40 21 9 108 0 0 118 63 46 57 35 28 51 99 45 106 27 152 34 0 103 74 41 42 48 172 2 136 94 105 42 186 93 82 90 60 249 77 53 6 46 14 0 4 84 27 33 18 0 41 90 72 158 178 141 50 119 72 200 28 133 0 0 123 0 75 84 103 0 75 49 207 0 27 165 69 97 24 68 0 54 0 51 9 123 129 19 14 84 49 187 77 84 18 68 50 22 68 43 54 21 33 99 72 35 126 17 57 120 54 0 117 146 154 148 155 66 37 110 48 91 137 45 42 106 
20 77 129 112 24 97 90 191 56 64 45 68 118 77 131 0 123 91 62 194 112 24 26 0 62 12 125 208 60 8 82 87 106 122 47 12 50 100 132 75 61 0 52 187 100 36 47 0 203 68 272 129 20 99 88 24 154 164 81 53 45 89 85 7 36 135 0 100 63 14 105 112 34 16 36 116 185 16 113 100 84 181 121 0 50 36 94 136 94 157 18 86 42 48 19 56 26 28 139 16 46 274 69 76 26 0 95 72 118 88 27 0 48 32 46 138 55 9 74 127 62 48 54 13 34 92 81 140 133 24 112 90 143 109 131 126 52 20 26 145 0 113 116 102 5 0 4 9 169 96 52 32 0 2 32 86 51 51 15 48 66 48 49 106 12 81 4 45 45 36 27 104 92 35 42 39 64 103 132 25 90 20 6 56 125 153 38 36 16 61 82 57 12 93 107 84 112 42 5 9 48 26 124 0 227 42 18 72 154 42 40 39 102 102 0 98 151 24 24 25 35 57 8 16 142 112 102 69 83 102 184 51 151 290 90 121 34 39 133 0 62 108 48 35 84 115 16 54 103 99 50 86 144 72 118 88 
0 48 36 2 58 28 14 16 18 40 63 32 15 6 102 47 74 2 18 96 0 43 20 0 74 44 38 72 72 14 40 95 2 49 46 0 9 79 107 34 18 29 90 30 32 71 39 10 14 55 16 100 33 8 85 76 12 61 63 64 8 0 59 0 62 110 40 28 9 75 60 38 28 31 36 81 113 66 8 30 42 21 34 50 0 0 0 72 28 105 80 32 72 0 54 0 14 24 74 4 18 35 0 4 22 145 6 0 48 0 85 72 10 40 0 36 0 27 45 60 33 32 105 48 57 0 36 89 174 1 60 0 45 124 0 137 0 60 76 43 36 24 96 45 8 4 14 87 20 53 57 63 135 56 54 64 10 21 75 38 0 87 10 51 51 50 81 0 16 51 33 51 48 46 0 68 88 44 96 12 0 36 0 0 63 94 18 19 54 0 90 0 12 76 7 6 22 6 10 59 27 127 36 0 0 36 36 35 63 17 2 32 116 9 12 36 4 0 0 36 11 0 42 0 32 0 36 5 76 35 28 7 65 78 10 0 18 99 93 103 29 8 46 161 129 93 72 59 85 42 61 1 87 54 0 0 
0 70 128 0 95 65 10 24 64 7 42 0 62 0 83 24 8 0 10 72 14 150 40 45 0 0 0 30 42 35 52 0 45 8 14 43 7 50 30 0 72 0 0 0 0 16 24 36 0 0 0 27 34 20 100 32 0 34 56 80 0 14 9 71 16 0 51 0 8 69 62 8 56 119 83 0 0 45 45 73 2 40 28 0 2 6 35 99 0 96 0 64 0 0 93 0 0 4 40 0 0 0 42 0 39 8 0 0 51 0 29 32 18 24 18 72 45 0 0 0 55 56 18 54 24 9 45 18 48 46 10 40 36 33 23 0 63 30 121 56 0 15 161 24 0 5 0 16 8 28 96 0 8 78 27 16 15 2 68 15 31 25 128 24 26 63 105 25 24 51 56 16 36 0 65 45 44 36 95 0 0 0 93 0 75 10 12 46 102 67 42 14 9 20 14 35 68 18 0 0 0 28 96 22 25 72 44 9 117 48 42 84 40 0 34 88 45 27 0 0 8 18 0 32 19 49 0 0 88 76 2 8 72 65 0 0 24 0 66 0 72 81 32 0 0 71 42 14 38 0 48 72 0 0 0 68 
94 102 24 85 10 42 102 63 27 29 49 40 150 14 26 51 33 0 62 24 115 48 15 20 76 128 0 20 33 5 10 8 48 15 98 8 59 2 8 63 1 129 35 8 32 124 0 14 18 39 18 52 70 56 90 8 36 24 44 0 64 9 0 63 0 12 44 2 78 36 0 74 12 8 81 24 70 12 81 14 96 21 63 12 14 16 35 111 16 16 35 48 112 8 28 36 104 12 18 42 28 138 84 52 8 27 20 40 134 56 31 36 58 0 54 48 26 24 130 37 39 48 0 24 69 0 36 86 55 32 14 88 16 112 78 111 2 0 56 30 0 78 96 12 40 0 21 48 0 3 6 4 64 98 8 15 59 61 4 38 206 54 11 48 51 8 0 67 68 91 122 204 82 2 16 48 13 54 0 0 84 0 148 46 4 78 84 20 68 74 0 52 0 0 72 21 22 6 56 15 7 138 48 12 23 3 14 0 2 60 9 0 24 48 16 17 41 100 7 150 0 82 0 8 14 50 83 40 12 30 94 40 72 0 30 0 171 44 52 0 0 64 74 72 6 14 40 92 68 23 36 42 0 12 12 0 
56 65 108 103 107 45 16 93 121 58 57 76 124 118 77 24 176 43 14 15 78 83 90 80 27 35 48 63 116 7 145 39 132 36 36 39 13 50 122 63 0 29 68 40 41 60 73 77 35 85 40 63 57 53 95 56 114 14 75 35 123 15 72 15 37 24 0 51 104 114 44 28 30 28 12 59 81 5 52 0 36 61 186 42 0 54 46 135 32 103 43 7 78 80 74 203 10 96 109 0 8 47 42 20 57 22 98 0 121 115 107 105 187 101 155 85 50 39 170 18 100 76 74 173 0 94 126 38 77 34 45 24 103 154 144 134 82 43 90 49 58 38 135 15 21 92 0 40 55 84 87 187 21 2 67 18 87 6 90 63 31 48 14 182 100 71 35 55 9 116 94 65 118 6 65 75 128 0 95 5 66 36 43 72 115 17 6 138 42 14 58 38 14 51 69 156 201 18 172 24 54 117 21 93 85 127 159 49 181 31 54 78 72 28 28 49 113 61 82 35 64 48 27 0 81 53 109 11 114 48 9 137 0 51 0 60 66 33 51 70 93 64 61 66 104 29 54 65 39 84 62 50 27 107 35 105 
63 165 0 42 25 138 42 96 162 144 101 30 45 18 24 0 89 81 72 33 54 2 74 30 58 90 30 100 54 0 140 108 67 46 12 63 24 39 99 133 56 18 18 216 202 168 84 6 71 36 135 80 27 30 24 80 199 97 38 73 110 100 154 8 30 48 18 16 181 38 0 155 66 166 78 87 48 130 84 139 18 57 184 117 24 32 97 64 56 80 6 127 106 87 0 58 0 92 0 51 127 60 68 31 96 60 49 9 63 116 12 76 44 18 100 48 247 6 45 12 94 64 60 140 50 84 81 150 54 68 0 18 104 113 147 95 101 72 54 30 30 96 136 8 0 49 64 0 63 0 28 138 81 42 99 0 47 54 72 12 92 12 54 30 75 52 177 129 0 0 0 0 186 16 15 40 90 72 0 30 106 6 0 48 0 124 30 27 102 40 0 69 18 30 52 165 94 86 30 0 78 118 103 0 79 36 0 96 75 30 32 0 111 48 28 42 120 144 0 0 96 63 18 0 87 84 111 77 96 0 238 126 82 108 96 78 63 24 56 54 79 145 97 32 286 47 141 151 48 231 0 30 0 72 34 36 
88 75 31 95 51 122 27 88 100 52 87 100 26 108 56 64 22 62 0 32 27 95 87 33 180 144 145 0 28 19 148 25 91 0 28 44 131 36 89 147 3 80 149 152 80 42 18 144 81 11 24 20 0 14 25 138 36 6 28 50 81 111 197 0 37 55 57 42 42 61 32 79 17 70 73 128 56 56 81 0 35 25 144 28 35 106 67 125 45 36 63 33 113 45 94 45 0 12 93 83 30 54 39 61 6 32 60 10 207 74 0 94 32 3 42 164 151 27 28 14 12 18 8 10 93 71 176 0 0 42 51 15 48 28 60 119 48 73 25 15 22 6 121 45 8 16 40 13 0 121 84 63 131 95 96 96 66 45 76 102 36 108 103 7 33 105 44 102 37 108 45 0 46 67 104 76 24 32 39 103 41 15 42 56 27 61 28 15 129 36 56 77 59 65 63 21 101 44 75 4 28 0 36 87 0 54 68 51 30 48 30 62 68 118 0 0 44 68 56 24 75 41 82 53 169 77 133 66 72 57 25 118 27 23 112 0 111 91 3 7 43 32 84 21 48 0 68 35 40 201 0 92 15 27 35 126 
16 104 81 31 13 117 18 88 92 24 42 65 39 40 0 40 69 92 0 27 30 112 78 24 25 3 69 123 91 40 48 36 199 81 2 117 0 8 12 0 139 37 37 14 0 66 37 0 39 66 36 69 21 8 119 59 84 3 249 76 18 135 63 0 40 16 34 70 4 12 31 50 72 72 0 54 0 72 67 25 60 14 51 83 0 70 7 66 123 96 87 32 74 120 81 0 0 87 78 99 62 66 32 18 99 27 120 168 8 107 36 62 66 123 18 60 8 0 90 14 6 40 0 17 30 18 56 50 12 18 111 12 103 40 107 23 0 24 70 41 18 3 59 52 63 0 91 13 124 51 55 18 27 0 54 50 39 0 6 64 28 18 64 100 93 30 9 106 39 48 159 52 54 12 0 18 80 0 26 82 56 32 93 75 70 58 126 55 76 72 18 29 8 18 131 58 76 97 65 48 25 40 158 112 45 108 15 12 0 63 9 69 42 26 4 17 0 14 0 57 12 32 18 46 0 9 105 31 27 40 94 0 14 129 83 15 103 64 16 24 12 106 16 29 206 86 132 115 53 16 20 188 114 0 28 68 
53 14 6 7 0 21 24 138 21 50 108 15 0 0 70 0 29 56 0 121 66 120 155 136 37 51 38 40 138 28 16 40 64 40 22 121 0 116 50 20 53 129 137 24 8 0 0 27 16 0 48 233 12 14 12 36 0 58 72 45 56 0 35 107 72 21 16 137 156 4 0 0 10 0 5 77 18 57 24 9 82 7 105 27 0 12 112 138 15 30 0 51 0 45 41 30 16 18 12 0 76 87 58 0 16 0 40 0 7 128 10 0 93 21 0 7 97 93 173 37 2 0 0 0 229 32 27 142 24 32 8 98 107 162 84 12 4 0 71 0 0 48 153 21 107 0 0 71 93 104 92 24 55 37 20 148 0 47 99 48 102 118 27 24 48 61 0 48 55 63 0 53 131 2 8 29 11 72 83 61 43 112 74 17 28 229 78 10 82 91 56 144 1 0 117 113 77 14 44 28 27 35 30 17 73 0 102 0 30 0 91 27 0 8 0 52 74 112 0 0 91 100 59 10 0 36 145 6 10 28 64 5 180 0 88 0 151 94 158 26 0 129 0 66 181 65 18 0 49 114 81 32 63 12 0 120 
102 18 12 91 111 64 83 16 17 122 63 100 21 116 0 0 4 85 30 0 84 48 0 125 114 0 36 57 37 32 96 54 91 21 18 214 26 92 81 157 0 84 204 43 48 21 101 14 72 32 0 15 113 66 7 183 24 49 61 101 51 62 110 96 89 24 66 53 93 0 42 32 23 45 106 57 56 123 152 171 108 69 108 40 0 27 112 147 74 68 16 102 139 45 45 0 28 12 233 121 66 75 18 5 12 8 80 81 156 63 48 0 75 0 54 134 54 17 105 23 8 24 30 144 71 65 220 0 0 62 130 120 105 72 27 140 27 161 14 56 3 87 32 7 35 18 106 0 20 66 8 35 62 93 69 84 21 28 134 190 51 4 166 19 12 122 100 148 53 24 43 5 33 45 150 157 78 9 106 35 46 34 9 202 159 40 29 105 18 20 80 28 51 27 141 46 70 109 50 8 90 83 39 77 45 10 144 9 71 108 58 0 24 127 16 37 169 26 58 20 36 0 90 21 64 40 87 35 102 0 72 81 8 260 83 43 95 32 35 24 18 26 134 0 36 117 65 0 116 117 0 41 2 157 36 89 
87 19 41 112 10 127 54 78 9 40 74 29 70 0 69 63 65 143 103 2 131 78 33 142 137 48 126 54 12 40 72 8 147 14 28 33 8 81 0 74 113 167 88 48 54 13 80 94 164 62 9 30 74 107 34 75 7 1 27 93 34 70 54 118 40 62 42 16 6 12 35 12 53 78 12 86 0 8 112 92 48 34 56 96 63 67 109 88 40 1 7 56 0 38 0 70 12 57 83 27 9 115 83 111 1 40 28 103 86 0 8 86 51 62 8 0 0 63 0 68 75 42 25 52 193 61 133 29 24 38 23 76 25 198 32 56 49 12 99 83 28 47 90 25 98 28 34 30 73 65 135 83 74 32 0 48 29 59 88 136 115 45 88 0 18 88 107 59 61 100 41 104 124 60 125 163 77 35 106 129 28 55 227 35 56 39 52 36 85 27 49 97 76 42 0 131 32 105 35 85 20 170 0 30 54 43 28 22 0 121 28 147 98 68 84 117 96 128 0 2 83 56 32 63 53 119 87 27 36 36 28 34 91 109 0 0 20 113 0 30 96 108 50 29 0 132 214 26 75 73 38 0 16 123 68 84 
27 110 24 154 20 186 78 81 118 142 40 71 19 84 61 72 37 69 109 47 96 139 108 179 0 136 232 111 7 49 115 58 62 46 62 115 32 27 10 56 0 50 85 92 80 26 72 120 146 111 91 20 164 88 64 16 160 99 109 64 27 21 58 103 42 107 54 0 0 88 145 164 87 158 57 82 112 0 122 91 36 90 62 0 162 69 208 77 0 44 43 21 156 22 49 83 0 80 52 6 86 99 95 125 58 86 98 7 91 9 128 72 132 21 1 48 64 54 79 89 159 0 113 42 105 78 103 0 29 55 14 0 67 166 50 21 85 95 105 85 130 14 24 12 55 45 109 75 54 18 196 90 94 0 28 72 75 78 90 174 177 33 177 91 42 128 15 21 36 62 101 32 50 117 106 129 30 144 81 131 0 24 72 42 127 21 32 98 179 0 133 59 78 119 94 21 78 70 72 8 42 35 0 49 63 92 149 174 54 55 68 112 72 107 64 19 154 185 0 63 31 51 0 16 117 102 57 44 94 51 56 119 108 200 155 40 23 152 30 16 70 72 74 44 72 86 106 106 89 168 68 48 98 121 106 58 
10 0 63 122 0 0 56 64 0 24 6 86 32 32 40 12 80 12 35 0 161 114 80 49 66 42 196 86 98 79 70 0 2 40 81 16 85 147 129 52 64 69 37 0 32 8 8 55 72 43 8 129 34 42 83 0 98 144 4 0 55 79 84 163 68 61 0 92 65 0 63 0 58 74 7 63 36 20 71 14 18 101 156 0 53 47 7 47 112 73 4 51 120 5 64 89 68 26 0 2 42 76 8 8 0 49 0 28 128 136 64 0 56 56 0 18 0 1 101 33 55 71 8 63 102 18 29 73 92 39 42 0 50 127 67 132 6 42 121 112 36 5 57 41 0 20 15 0 12 59 136 41 21 140 0 98 0 84 116 28 52 28 95 21 54 44 0 96 0 93 4 8 75 0 48 18 105 0 32 0 107 1 27 24 81 84 85 63 101 10 4 0 5 56 61 40 136 21 102 64 7 88 52 21 41 30 184 84 0 56 0 41 18 93 0 91 95 28 0 8 35 93 0 23 39 0 36 55 45 63 71 0 88 21 0 8 94 73 21 21 0 42 0 60 49 40 20 40 36 56 43 56 62 153 4 63 
102 156 107 165 6 107 48 132 173 108 32 68 159 95 0 9 139 68 8 28 53 35 157 37 96 173 92 0 78 108 62 56 65 63 14 92 21 49 2 116 224 112 153 0 56 0 108 86 225 51 0 65 248 167 91 52 46 1 56 28 57 118 14 203 50 47 99 104 34 28 5 50 11 205 120 70 0 9 41 24 119 124 87 134 56 47 171 146 68 96 51 71 1 121 113 193 117 105 114 82 46 46 20 97 8 0 67 67 95 90 23 133 82 4 9 7 110 0 82 8 96 66 6 103 147 35 87 30 58 19 109 12 72 101 95 94 0 28 7 116 55 80 21 69 54 67 86 75 192 52 112 37 133 114 0 78 7 64 0 22 26 0 131 9 64 200 54 91 101 140 35 63 42 2 65 171 73 0 112 54 176 2 70 143 35 77 28 0 70 18 129 128 25 93 116 34 180 0 18 84 170 0 65 66 24 55 18 38 68 33 102 0 9 182 67 45 0 76 77 45 97 140 15 88 166 87 32 10 24 76 116 77 70 55 111 49 63 137 0 1 26 141 77 44 88 97 213 145 62 209 112 95 61 135 14 34 
71 108 66 125 33 141 188 43 0 119 201 98 105 65 26 0 55 193 5 97 121 113 132 99 184 131 153 140 33 26 75 87 179 150 27 102 82 56 75 140 107 138 159 157 90 81 30 37 254 34 76 0 126 118 48 77 77 152 142 155 25 271 114 30 61 140 0 45 9 108 38 49 6 164 83 108 25 92 69 68 52 9 89 103 36 91 156 185 72 25 6 115 120 33 86 47 27 46 68 193 22 234 146 16 192 169 162 98 139 27 43 126 136 72 0 18 87 18 107 105 70 42 116 164 77 90 134 20 169 83 87 98 206 259 147 182 68 62 60 96 35 12 70 24 136 55 105 24 247 118 20 49 116 73 88 111 84 114 71 73 153 60 69 22 0 150 102 220 18 75 101 85 17 122 88 54 9 0 74 82 52 39 109 179 59 149 92 36 70 7 139 89 45 72 37 51 56 100 0 84 32 108 73 143 74 96 26 0 52 201 30 113 226 79 30 125 75 100 4 48 42 76 101 123 147 144 84 42 75 0 104 113 63 192 69 143 87 20 108 97 106 6 115 117 205 163 111 179 199 179 37 128 92 261 3 43 
8 74 30 24 45 13 18 76 0 33 76 45 48 6 12 128 20 8 20 69 48 134 76 42 80 63 56 18 35 60 48 106 31 39 82 42 4 8 60 0 77 84 45 6 108 46 48 50 75 0 76 18 48 87 98 48 10 30 27 84 68 40 172 72 52 52 65 13 79 80 92 84 10 123 86 84 30 18 11 25 94 44 124 54 4 128 88 25 57 40 24 0 120 87 16 0 88 122 85 36 8 36 83 51 47 97 0 48 54 113 17 54 180 12 15 93 0 40 86 102 36 28 55 51 125 36 57 0 103 42 46 5 183 46 0 42 2 6 73 48 1 43 83 6 33 14 22 48 173 76 6 1 73 105 18 67 1 79 60 61 81 19 120 15 35 109 0 89 91 4 23 4 140 6 73 128 30 70 93 94 160 12 24 27 44 144 2 60 37 66 13 116 9 30 108 46 168 10 10 2 33 41 40 18 35 0 61 50 69 7 55 55 89 50 33 119 83 118 12 1 2 20 6 127 13 19 97 102 157 30 0 66 19 54 67 26 0 52 70 12 158 30 61 137 48 137 0 50 110 137 163 114 142 46 40 43 
48 110 59 49 71 63 77 137 37 7 72 53 26 159 49 24 42 40 21 72 63 183 121 62 129 56 39 30 69 108 35 127 195 77 13 0 83 94 52 44 68 31 231 52 51 178 10 0 43 23 74 63 97 63 62 182 59 49 185 174 13 99 97 18 123 133 0 151 48 78 98 48 168 191 8 54 31 96 85 4 51 28 189 164 70 145 75 104 167 58 126 208 188 40 36 129 8 18 12 77 0 19 99 12 128 103 86 118 149 70 45 115 88 19 48 90 9 0 23 141 0 48 76 96 39 27 87 76 179 63 138 35 25 71 0 102 10 44 72 41 167 18 29 42 103 73 87 124 104 135 80 31 162 55 60 95 102 122 60 156 151 16 3 12 41 6 136 89 48 79 110 24 124 55 138 44 160 56 119 63 130 112 56 191 63 25 138 65 88 60 68 129 21 144 8 113 2 70 7 48 0 109 82 240 104 59 67 0 82 74 0 133 84 16 54 27 5 18 104 42 0 72 54 22 42 17 140 16 161 31 32 149 81 15 77 56 136 82 16 64 32 90 88 98 110 48 61 108 75 187 88 102 140 41 0 151 
126 88 114 58 21 93 28 11 161 71 53 21 141 118 100 64 30 107 25 180 10 36 7 8 111 10 14 114 24 46 128 53 189 0 12 86 61 125 26 29 91 50 51 89 4 59 43 46 134 177 16 57 20 37 51 79 91 31 7 133 36 13 79 81 7 49 75 149 12 17 117 55 54 136 50 75 0 102 77 20 104 36 73 75 92 27 75 111 48 148 44 99 77 67 72 84 15 18 87 119 4 134 61 16 66 48 108 256 60 195 75 24 101 87 28 137 60 0 166 63 110 122 26 273 3 0 86 44 28 148 161 53 61 78 93 6 2 91 91 21 105 31 47 96 84 132 52 70 78 4 36 54 128 0 137 192 7 55 40 143 0 61 67 120 13 20 40 77 123 171 53 9 24 0 97 46 28 53 2 27 53 66 47 8 139 73 121 190 114 74 0 84 106 25 72 63 53 178 53 39 24 9 69 176 12 97 0 0 123 130 0 168 48 200 72 22 12 37 49 28 125 12 6 27 162 63 85 12 8 23 104 53 75 113 45 72 168 0 24 4 75 0 196 118 212 76 122 110 80 292 97 135 81 125 0 99 
38 168 78 65 54 40 44 39 60 65 12 48 154 118 91 168 48 158 157 194 112 47 108 58 77 15 115 65 56 116 106 32 82 111 124 131 35 39 54 6 6 69 105 110 97 18 52 10 149 7 58 2 169 6 77 69 90 81 45 87 52 78 266 114 98 121 52 30 135 57 51 94 63 164 20 74 90 107 85 147 15 154 84 0 69 158 32 33 0 76 69 99 139 78 79 96 52 35 137 88 0 96 65 168 35 87 91 10 90 3 115 53 68 68 30 128 17 86 18 15 117 83 88 22 127 32 117 14 2 82 40 48 131 66 52 38 33 44 107 51 92 60 76 66 35 18 48 29 140 9 174 30 30 108 9 43 9 78 53 33 81 0 78 37 63 57 81 137 12 130 187 5 4 54 65 136 38 36 85 72 65 46 30 46 0 215 15 39 270 111 86 42 19 65 57 18 147 12 144 117 109 35 79 33 24 0 40 10 37 170 96 18 129 96 50 47 90 24 173 80 104 135 0 52 39 52 26 104 126 70 116 118 42 119 77 67 87 0 138 32 72 41 94 156 78 92 143 47 117 143 168 68 171 0 62 101 
77 119 37 23 16 84 50 33 40 127 3 64 53 0 39 84 60 271 62 150 41 18 0 96 70 21 157 62 31 16 167 36 134 161 15 52 81 94 64 8 28 84 88 54 108 16 51 103 88 27 0 162 96 42 72 0 68 0 0 0 31 63 119 69 90 209 172 100 24 30 0 80 90 59 96 122 120 33 65 42 61 114 64 106 35 65 56 120 58 34 27 88 96 8 51 0 69 75 51 149 0 51 78 31 45 41 111 65 158 51 0 0 92 28 0 0 3 0 67 30 53 21 44 135 70 28 2 4 57 105 0 33 86 15 70 166 17 100 37 26 187 86 99 30 65 6 58 45 136 122 75 48 36 139 0 43 95 111 53 96 61 21 16 147 0 212 36 126 51 112 135 0 106 0 30 163 36 3 162 27 21 0 24 78 87 0 101 0 64 0 129 48 79 62 63 49 99 45 156 88 70 75 36 76 24 68 8 0 106 136 42 126 49 106 6 24 24 22 35 76 0 14 84 0 30 48 93 0 106 32 87 25 72 21 26 16 97 86 90 98 24 18 72 104 48 96 49 78 169 200 157 102 90 64 0 137 
32 48 158 50 1 70 12 0 48 105 52 83 128 0 31 0 20 154 16 47 100 57 24 86 63 42 103 98 0 30 99 24 68 236 9 129 46 58 203 24 60 5 74 0 15 17 50 99 71 59 0 126 98 5 74 0 57 132 110 44 61 150 102 105 0 113 88 72 36 25 6 20 24 27 7 36 6 8 0 6 19 99 169 72 24 69 70 70 5 113 24 48 66 58 86 128 35 78 14 86 19 109 54 42 40 28 162 32 63 35 81 64 32 42 0 80 34 25 45 76 39 106 36 65 78 0 0 28 24 91 67 36 54 110 59 115 0 9 160 113 30 115 31 24 8 56 16 104 76 66 135 122 6 11 82 25 95 18 39 36 6 15 18 137 48 120 6 97 66 94 92 0 126 0 103 101 48 0 114 39 99 15 63 48 91 36 12 14 121 24 81 93 43 50 16 42 41 6 186 69 80 0 102 64 20 176 26 20 131 75 6 18 0 94 24 30 26 36 118 31 86 76 38 36 57 19 0 0 28 32 75 108 6 57 83 58 24 154 84 0 48 97 24 111 47 36 15 58 64 168 51 133 61 67 2 75 
6 50 63 41 89 45 127 66 0 38 18 108 13 21 21 18 56 39 47 62 72 151 56 169 84 30 40 75 36 40 92 72 0 0 190 127 24 2 37 1 7 95 49 25 100 93 23 0 114 72 173 6 120 72 54 70 62 32 72 25 45 44 126 9 63 6 65 149 50 10 46 77 72 0 56 0 17 88 166 24 126 38 55 0 72 18 36 107 28 54 73 34 42 38 8 0 90 14 66 10 104 12 133 156 65 68 80 75 103 189 107 0 90 50 72 56 63 83 54 18 93 64 151 65 63 79 46 96 96 32 11 15 21 105 98 0 18 30 162 6 6 17 0 77 98 3 90 0 4 46 12 37 8 63 9 40 6 70 36 42 181 91 16 106 154 49 2 56 0 96 125 96 122 0 65 108 3 26 72 6 91 219 16 0 72 40 135 42 6 125 49 0 33 0 80 79 64 102 0 10 96 57 75 25 40 37 8 43 24 145 85 48 49 88 22 98 140 81 18 157 20 155 24 9 51 0 2 22 59 5 94 12 67 51 0 0 54 66 8 69 22 138 77 150 124 54 82 133 1 8 36 12 199 0 85 157 
173 93 63 58 4 88 60 52 76 41 108 15 128 170 0 90 197 41 53 25 94 85 55 30 170 72 59 0 172 0 159 43 119 20 31 89 151 11 99 71 28 198 176 0 108 236 121 14 52 77 24 45 91 3 53 135 21 14 157 6 94 16 139 0 52 64 55 104 69 81 53 58 89 50 4 122 135 75 57 21 129 32 44 33 0 28 0 162 96 75 63 5 66 73 86 25 28 68 99 171 29 68 54 47 89 47 42 47 48 124 35 124 113 63 36 82 49 54 227 32 41 44 36 142 79 39 91 40 160 96 35 30 81 166 78 151 12 56 105 0 78 59 81 40 105 42 65 63 72 129 79 14 49 18 95 143 0 88 17 25 119 121 61 73 30 86 93 140 97 94 171 55 103 30 39 137 81 18 221 20 79 63 32 74 137 113 0 32 93 60 29 50 13 12 218 72 18 0 61 3 27 49 128 28 8 0 59 65 36 55 33 51 77 35 69 12 109 58 10 36 83 73 25 39 64 55 18 61 166 50 36 85 19 41 20 79 141 24 58 125 55 90 34 0 97 184 159 168 40 234 15 178 110 95 101 144 
32 163 26 42 14 42 26 3 49 0 76 10 116 87 49 45 60 42 30 67 3 52 0 26 155 41 74 68 0 0 37 46 84 0 60 50 0 13 60 31 99 50 40 56 50 4 28 89 34 10 56 22 66 46 91 48 75 3 113 43 29 21 16 7 87 12 2 56 17 111 15 50 18 106 24 21 71 33 63 16 44 57 66 48 38 42 74 48 100 132 4 16 70 16 0 0 48 12 16 49 3 9 39 2 8 98 64 77 102 14 99 78 69 21 0 62 6 13 15 76 30 20 14 44 53 3 83 0 78 36 20 84 64 83 24 81 14 0 7 15 19 0 49 56 63 25 0 12 120 76 9 44 74 71 48 18 26 53 11 4 19 20 0 15 8 36 25 46 20 47 71 0 42 64 60 131 51 0 142 56 37 44 3 42 114 48 24 0 24 24 91 35 71 18 157 25 114 52 27 0 9 38 9 24 68 0 24 85 93 92 27 6 116 62 4 6 25 42 0 43 39 14 0 2 72 32 9 71 20 15 64 27 36 24 53 12 60 24 185 77 51 69 66 28 27 48 65 48 12 4 54 54 50 15 63 116 
31 98 41 38 55 24 143 22 77 12 32 53 29 133 25 51 64 56 50 43 174 104 77 8 173 80 51 16 99 0 42 40 135 0 56 76 97 0 82 7 56 42 33 65 64 10 110 53 114 28 124 63 72 4 44 107 26 43 35 70 25 52 12 16 127 62 35 64 161 25 48 118 75 151 56 26 33 60 0 55 63 68 60 26 28 44 177 156 75 52 30 112 51 47 84 30 32 0 112 44 78 158 132 12 96 66 33 119 128 16 57 19 28 0 98 63 65 12 0 56 26 86 106 26 97 18 19 86 43 32 72 67 59 64 163 41 11 101 56 51 94 1 32 9 85 49 66 82 120 38 0 61 104 63 0 70 17 115 48 253 112 8 40 21 105 48 16 56 1 110 42 110 120 53 116 12 43 47 66 63 24 18 44 133 24 193 72 179 37 55 14 57 53 72 15 132 47 27 26 3 58 20 28 172 93 0 11 115 104 219 26 48 45 129 154 50 26 56 0 32 40 128 32 100 80 45 37 40 57 0 104 67 61 167 80 90 14 31 47 69 0 20 17 94 68 28 126 140 28 189 85 118 32 181 0 81 
21 68 69 69 9 140 100 99 0 50 108 101 30 37 72 100 7 39 16 77 64 15 7 93 97 23 142 60 20 25 222 45 20 14 12 0 12 4 84 57 72 69 89 0 184 163 52 14 51 87 25 20 43 176 44 40 94 40 35 0 23 0 135 3 4 68 0 20 18 89 0 60 70 82 61 41 72 36 56 45 48 75 132 88 39 27 17 135 60 101 136 32 18 7 56 85 24 94 121 32 10 54 20 46 0 121 44 9 96 48 72 0 34 4 36 0 0 10 67 8 46 7 90 32 15 32 9 44 117 0 36 58 9 22 19 166 4 48 61 53 51 0 9 48 2 4 0 4 102 131 44 12 72 206 0 0 99 102 7 21 96 24 47 50 65 115 16 24 2 58 35 63 66 50 0 126 74 24 2 7 82 4 20 28 41 66 15 73 103 14 112 42 0 110 28 0 45 35 34 133 36 0 9 0 25 8 8 32 59 46 16 0 48 35 4 0 8 135 0 0 6 2 81 11 88 0 91 24 158 115 44 87 79 46 0 0 0 40 34 91 14 34 30 26 60 52 132 96 9 101 70 47 16 40 73 36 
78 239 119 130 20 133 7 15 89 69 62 118 127 65 18 0 113 124 89 54 20 83 69 7 87 24 168 24 90 66 82 18 123 0 24 142 45 58 33 96 72 104 94 106 50 48 55 12 30 72 156 40 205 34 12 129 62 28 128 131 1 52 116 190 87 138 99 81 50 8 23 21 22 88 54 13 68 68 31 2 151 107 70 20 27 54 34 18 48 157 24 148 151 66 32 210 102 144 124 22 53 93 108 144 10 87 65 30 77 49 48 15 79 47 24 50 11 129 166 77 92 22 10 39 73 52 82 27 27 0 102 82 36 222 179 82 0 69 66 24 84 21 79 7 58 68 8 77 6 14 54 7 164 21 0 34 10 6 0 92 8 117 139 64 71 57 18 57 0 197 38 56 79 0 95 23 144 24 83 27 86 163 106 182 116 54 78 73 62 172 66 68 27 41 44 24 67 91 0 39 32 85 123 27 28 15 55 0 7 152 0 173 60 73 89 140 108 73 113 83 0 203 21 1 163 50 22 28 105 6 156 103 119 48 95 39 34 20 9 65 93 142 47 91 79 153 72 14 56 156 0 4 170 48 25 108 
22 104 0 113 30 77 49 36 12 0 80 25 114 67 89 18 158 14 81 69 108 12 29 5 117 30 97 64 93 135 19 5 87 30 50 59 15 147 64 0 26 81 123 113 5 90 78 59 60 123 5 233 110 0 33 90 0 55 48 61 60 54 29 88 3 16 38 72 68 8 93 39 9 34 0 128 0 30 27 45 84 102 117 129 81 68 0 137 18 152 74 7 126 136 28 76 114 120 68 177 13 76 172 45 0 20 0 133 111 276 79 36 86 46 9 69 0 18 198 43 8 82 0 0 143 37 60 43 87 59 60 0 90 104 86 89 20 64 115 0 0 49 18 66 54 12 36 99 20 110 99 3 63 63 144 246 19 84 117 151 0 80 86 144 74 245 9 7 18 90 36 15 35 27 63 115 20 42 20 60 55 72 24 66 226 40 172 78 26 191 31 58 40 63 121 0 66 85 0 33 42 28 155 0 133 34 166 92 0 0 36 138 155 97 100 89 91 0 18 46 14 93 15 39 35 32 0 11 82 0 130 0 103 63 55 103 193 42 46 15 23 71 34 38 127 64 133 5 31 155 55 62 75 67 0 121 
51 112 45 33 7 79 135 99 0 184 79 30 25 126 55 96 55 126 85 169 132 90 42 64 57 43 119 120 0 104 33 24 14 0 61 54 51 8 15 108 0 91 145 174 53 169 74 45 122 100 16 39 12 24 30 82 107 0 112 103 61 16 77 18 100 102 47 0 5 182 8 68 179 36 23 156 45 96 21 25 75 60 107 168 34 112 57 76 215 131 68 123 114 92 73 0 64 102 60 84 53 15 178 140 86 144 0 120 64 57 60 80 84 54 54 66 27 42 33 16 58 158 67 0 119 84 130 48 152 88 91 121 32 112 18 72 38 15 82 92 0 0 0 124 28 36 73 111 160 70 8 25 94 130 37 99 0 72 33 0 93 104 62 143 18 212 32 123 54 114 57 63 57 165 44 51 66 16 64 81 15 104 139 92 28 200 56 72 32 69 18 20 0 48 94 111 145 126 88 76 64 93 28 132 116 57 57 0 91 107 32 49 291 84 72 54 62 83 0 24 110 24 34 36 35 24 97 0 99 56 0 160 198 6 0 54 27 110 102 311 63 49 0 40 203 54 168 88 117 153 137 6 88 191 21 76 
2 79 58 7 14 9 64 161 36 44 0 71 36 21 0 3 8 83 88 81 0 39 8 42 88 54 213 25 12 77 46 145 27 25 75 24 0 32 27 72 51 90 26 63 120 85 39 44 91 3 128 53 27 67 78 79 59 44 0 60 7 76 0 54 146 57 28 58 32 23 0 42 86 30 32 39 18 68 226 40 28 97 90 145 36 75 28 15 84 60 38 34 0 10 71 98 72 19 64 0 11 6 7 22 27 54 45 106 133 183 32 102 67 52 0 0 45 0 18 6 64 70 4 120 23 68 47 71 60 81 77 0 25 61 87 37 53 24 66 49 45 8 30 25 73 51 109 1 20 35 56 8 0 85 8 73 19 63 78 41 57 47 0 102 21 47 0 117 80 63 86 0 186 64 68 92 103 49 26 36 107 63 12 45 45 105 60 31 0 11 101 101 85 40 56 0 25 53 84 16 79 114 28 8 3 39 21 12 54 24 27 18 112 70 0 6 2 74 0 25 36 24 27 120 26 16 40 15 9 0 18 14 52 93 4 4 37 51 54 45 0 4 97 69 74 37 81 16 4 46 102 0 27 54 15 105 
0 74 34 57 23 3 20 45 15 36 20 11 72 70 72 59 50 72 94 60 89 49 6 171 38 94 171 16 35 24 10 3 51 0 14 70 0 18 39 25 0 64 92 66 64 0 93 35 121 58 91 89 7 81 25 71 38 45 5 24 3 0 111 84 0 0 0 105 2 29 45 18 34 6 9 46 6 63 3 102 6 0 107 77 116 13 15 0 4 94 166 0 32 70 2 18 3 63 27 27 16 2 0 78 12 0 15 9 131 68 0 14 52 4 6 56 10 0 63 14 15 24 105 142 30 2 16 25 110 8 43 0 102 22 9 24 90 105 66 24 0 8 49 32 61 76 4 8 14 85 0 7 79 97 63 6 87 8 113 16 16 18 65 193 4 135 18 16 0 0 81 6 30 0 7 24 97 0 29 15 4 18 0 0 40 0 30 5 46 0 3 73 81 63 8 0 138 13 0 0 128 6 12 85 90 3 68 39 72 9 20 54 67 56 0 66 81 14 0 0 0 45 40 0 14 22 46 39 83 36 6 24 96 2 0 56 64 76 0 0 16 30 117 160 36 19 63 3 8 36 56 27 82 32 24 85 
56 53 46 9 73 135 10 12 0 12 35 32 68 32 66 129 94 261 4 63 16 104 36 0 18 0 35 72 32 141 16 70 64 72 16 34 36 36 12 63 3 16 72 27 0 112 18 64 176 127 16 76 8 30 28 0 50 28 45 122 4 128 149 37 14 70 139 60 9 48 3 37 46 187 85 82 124 59 21 40 61 63 111 71 42 48 72 88 92 39 91 8 120 4 68 8 0 25 36 72 43 24 0 98 102 26 125 30 150 84 32 76 56 49 0 50 28 64 101 114 94 10 9 0 134 48 64 40 58 16 0 56 125 60 90 69 28 2 75 18 6 14 56 9 53 107 0 72 135 8 155 52 63 4 104 20 33 41 94 61 0 62 79 24 0 36 0 136 16 78 96 1 145 151 38 69 20 0 96 123 0 37 0 6 0 46 72 72 118 60 8 96 6 24 18 36 123 84 54 56 37 3 32 50 62 0 90 37 68 127 62 108 77 62 36 20 34 12 0 56 34 60 0 0 53 24 81 20 101 24 0 64 12 94 25 111 20 32 40 40 43 68 95 144 135 154 68 61 167 49 78 72 80 32 8 95 
58 48 0 64 27 89 24 239 24 105 142 44 83 0 88 18 22 87 9 21 39 176 56 24 90 52 31 139 138 50 142 178 202 50 63 67 95 12 68 95 81 79 163 97 48 0 106 139 10 42 76 122 140 35 207 111 102 45 73 16 62 66 72 78 10 64 24 74 195 66 19 27 16 126 44 112 24 0 48 144 199 40 321 35 28 101 309 160 38 35 18 132 63 94 0 9 5 27 64 54 25 93 56 115 16 70 98 24 42 57 58 138 104 0 50 8 111 31 92 132 150 18 83 72 127 0 96 202 169 61 135 164 104 139 90 42 75 41 89 79 36 102 144 9 117 86 24 66 167 108 66 72 100 0 42 100 30 86 0 8 98 0 116 24 0 0 72 161 0 126 113 49 40 7 127 90 109 82 86 78 134 20 90 38 0 194 42 27 144 142 74 183 15 58 172 126 238 9 81 147 73 117 25 56 125 62 20 17 72 0 252 0 103 0 40 10 81 143 81 45 0 134 80 0 234 68 187 28 12 30 96 36 99 22 74 0 48 241 146 45 28 111 65 77 76 130 93 124 105 24 108 115 47 34 0 157 
42 109 48 14 2 72 0 42 58 104 89 92 4 111 0 18 40 31 16 9 60 78 48 32 80 54 0 24 12 20 56 42 72 9 12 96 70 38 34 56 85 108 104 24 40 40 12 17 32 33 40 28 117 3 3 20 34 5 4 64 28 35 9 85 56 26 30 120 58 0 38 78 0 102 73 95 0 27 31 16 0 30 76 8 4 65 38 6 56 0 12 30 3 62 104 57 0 13 44 6 32 0 6 25 76 0 0 102 20 0 18 9 24 0 54 39 106 3 48 117 50 6 12 18 32 16 61 3 0 32 51 20 18 54 66 14 8 118 25 8 75 28 15 38 0 35 44 14 30 12 67 34 211 0 0 26 26 0 14 60 0 9 50 49 25 0 2 32 0 56 10 36 8 13 8 0 41 42 10 14 12 19 52 48 27 42 5 63 22 0 66 10 64 10 68 58 0 40 28 3 51 10 60 91 12 32 20 52 118 117 18 61 0 49 119 6 20 16 0 50 11 134 36 9 46 32 126 42 28 34 16 15 9 22 50 2 15 44 0 18 4 64 0 56 12 23 18 10 0 104 0 85 58 61 18 41 
10 35 121 31 40 99 71 211 110 46 22 49 97 127 54 35 30 73 42 15 55 32 101 16 108 27 125 102 99 56 63 83 120 28 0 114 40 138 167 31 105 20 39 173 0 49 9 23 110 21 140 12 38 28 46 32 116 193 61 78 97 165 45 74 58 164 0 88 63 16 98 80 38 100 48 83 40 17 24 38 108 38 52 90 0 96 69 89 105 67 70 0 196 12 112 32 32 141 76 84 51 61 32 26 56 20 91 119 118 82 70 79 50 111 24 79 86 63 47 49 52 44 48 0 6 51 52 16 0 117 28 231 73 85 48 73 68 112 7 63 7 27 166 0 28 15 56 159 181 20 49 10 58 0 53 4 41 110 15 57 115 21 36 48 32 100 104 111 61 54 6 28 32 125 68 77 39 40 129 28 45 16 31 32 66 102 101 11 94 30 50 85 8 56 56 6 111 9 20 56 121 35 29 23 157 56 70 47 56 51 56 76 229 117 6 100 24 46 88 55 155 35 0 20 132 48 69 51 77 50 0 91 24 27 169 24 80 5 56 45 117 212 93 61 60 32 0 34 114 85 18 9 96 133 63 58 
123 40 160 24 7 6 40 23 56 36 9 23 32 30 0 60 227 62 25 18 0 99 54 0 8 6 22 130 7 48 10 0 36 18 2 73 0 62 71 8 36 138 3 89 93 98 0 111 69 63 15 26 174 18 114 34 116 115 71 156 27 62 163 65 20 60 24 69 54 75 4 60 28 64 5 6 50 50 17 0 80 69 138 68 13 49 53 116 84 87 0 36 130 100 230 99 0 147 45 20 96 69 15 32 81 67 56 62 58 9 56 132 0 16 54 24 52 57 0 28 60 67 24 72 117 85 17 18 7 0 28 68 71 56 89 102 39 58 91 0 14 0 205 0 45 73 0 74 52 116 48 73 32 25 79 35 55 40 13 0 32 7 9 56 14 81 89 91 16 99 0 94 67 27 27 16 24 18 47 15 17 41 92 8 2 71 58 32 100 46 136 14 18 8 27 93 12 0 0 6 67 45 100 33 21 117 54 10 12 12 0 23 134 54 90 12 40 98 21 0 82 89 0 16 115 8 42 85 52 18 0 42 53 18 40 0 66 41 12 52 65 50 60 85 121 67 48 106 92 98 61 102 77 55 30 38 
0 0 62 91 31 30 30 25 45 118 7 10 124 45 35 45 107 46 118 0 74 30 72 195 65 52 15 54 78 63 40 6 50 15 49 118 30 0 51 0 0 62 34 36 69 3 30 36 160 12 133 0 95 39 82 12 44 21 63 2 40 43 136 15 56 3 15 62 10 82 49 91 28 4 3 138 123 30 5 56 21 52 81 67 0 40 88 23 61 0 48 0 212 84 11 45 17 40 30 0 46 39 0 54 66 22 66 50 94 107 165 75 174 24 0 75 30 6 45 45 54 15 89 12 15 20 43 22 60 142 39 0 106 85 95 132 114 0 110 36 30 16 136 111 42 15 15 0 119 26 39 90 35 37 0 68 54 45 35 0 40 27 6 66 0 64 9 30 22 76 67 2 75 63 0 19 44 0 24 49 0 12 90 83 17 152 0 15 18 0 94 70 0 4 23 34 204 110 78 15 96 20 27 75 27 5 50 18 66 82 8 6 88 25 20 71 44 30 24 27 15 71 10 56 9 41 6 54 64 63 112 118 23 123 63 53 5 59 0 105 137 48 0 59 30 3 58 2 27 72 40 72 177 139 30 0 
56 77 60 10 44 68 81 108 64 28 92 107 32 61 30 123 35 0 0 63 45 39 9 6 198 90 60 64 28 18 105 0 9 63 26 51 62 86 89 9 81 135 284 27 207 95 18 55 0 81 70 152 56 60 40 117 140 39 36 36 122 113 110 116 0 95 56 143 86 5 15 7 52 81 125 38 82 114 31 11 82 2 54 90 35 3 36 90 102 47 21 0 9 10 129 126 135 66 30 114 23 28 62 12 0 97 56 70 81 95 2 0 61 20 42 53 33 11 63 71 76 8 4 35 170 32 32 63 0 30 30 42 81 28 35 59 27 24 21 0 0 74 0 0 0 81 24 10 64 95 64 0 42 135 87 113 0 51 63 119 83 12 68 97 0 147 14 9 42 18 4 0 0 2 29 173 73 3 79 0 97 56 73 9 92 78 40 50 1 84 54 49 68 12 63 61 65 54 24 0 206 22 171 38 25 15 89 0 172 18 60 77 36 140 7 18 63 0 85 76 0 53 109 20 24 8 93 30 171 10 108 100 63 30 0 11 166 142 72 62 7 0 121 65 45 15 35 8 72 123 40 7 45 94 66 0 
7 52 0 55 0 30 51 12 8 3 26 0 36 6 71 27 8 99 56 21 97 70 14 69 0 7 32 43 0 0 80 72 127 81 91 72 3 0 41 3 43 0 21 69 0 36 81 9 34 2 77 72 63 56 118 39 40 140 0 96 72 92 95 36 0 75 48 108 28 5 142 42 72 0 137 107 4 0 80 56 70 72 65 10 34 15 70 84 0 26 21 0 136 26 7 0 35 15 0 85 2 72 42 80 45 83 81 8 38 36 7 0 0 0 98 0 1 15 4 57 149 72 9 89 30 0 30 77 93 89 9 0 81 80 103 44 21 48 121 99 153 54 4 7 16 9 4 70 88 39 1 2 32 82 0 50 22 12 3 13 63 36 32 18 96 38 0 51 0 28 188 56 40 0 3 3 30 93 27 68 127 28 33 0 81 67 123 0 32 40 9 6 21 24 15 40 7 12 0 0 7 72 0 50 35 15 46 0 24 132 9 157 26 7 80 14 26 32 28 6 9 0 15 0 9 64 56 40 8 20 135 27 98 48 68 4 3 104 16 64 26 0 116 64 8 15 18 113 30 120 103 145 80 52 9 33 
65 108 58 84 3 94 116 81 70 58 56 22 79 102 20 45 20 17 115 65 17 67 149 100 29 79 34 47 75 0 31 15 56 47 39 33 5 13 48 73 50 43 21 71 0 8 88 34 48 8 71 12 63 61 69 102 76 72 45 70 22 25 79 33 71 19 22 63 56 50 23 32 79 83 36 27 5 204 109 66 30 63 106 81 40 102 85 98 59 7 54 99 104 99 16 60 45 0 36 36 0 19 79 66 23 68 86 122 63 14 117 45 150 9 80 5 76 48 9 48 27 37 137 84 34 44 144 30 84 21 136 42 128 141 25 27 36 18 105 52 54 17 58 39 77 61 123 0 154 55 41 31 68 27 49 53 45 95 37 29 112 40 84 48 6 81 54 67 46 71 41 28 111 63 86 30 43 0 28 45 47 45 73 24 6 107 24 62 51 24 70 70 29 62 51 35 29 40 4 64 68 17 38 75 65 34 8 0 36 155 51 21 79 100 20 45 36 122 72 35 93 0 14 105 39 62 69 4 25 21 91 106 24 28 112 1 82 67 64 111 28 70 31 52 60 90 107 44 116 36 48 30 19 27 123 47 
30 16 0 38 54 24 72 51 0 48 48 27 10 54 22 18 48 82 72 4 87 93 13 70 47 16 61 90 42 45 114 0 163 25 123 102 0 46 58 38 42 44 30 43 36 0 48 108 74 45 70 76 64 40 40 84 54 55 104 18 13 48 50 63 22 9 74 58 21 59 129 58 46 160 72 76 96 109 54 55 83 134 98 42 46 0 0 98 38 4 0 3 0 80 142 0 32 48 49 40 12 9 75 56 124 0 8 132 117 61 0 16 50 38 25 30 0 15 109 49 44 84 2 6 126 103 57 36 18 22 25 50 24 67 36 18 0 98 36 116 102 12 0 52 54 30 43 24 24 62 53 0 66 39 6 120 54 0 91 65 52 23 90 22 96 35 15 44 0 59 54 12 17 35 107 64 15 0 103 109 69 8 18 0 18 187 66 128 4 90 18 36 15 64 31 119 104 18 0 15 16 91 66 42 93 48 135 30 49 124 102 72 71 168 36 60 31 30 41 21 15 45 34 21 13 71 68 40 119 0 3 42 30 58 45 30 77 40 6 22 0 15 0 16 60 34 18 56 66 76 44 54 101 104 20 86 
9 21 4 33 22 89 97 59 56 72 120 60 11 2 99 18 9 101 6 72 119 117 96 121 88 27 18 24 0 12 72 16 32 11 2 0 30 0 30 50 51 33 155 89 94 7 64 0 65 72 126 16 74 62 46 118 17 53 137 1 42 103 35 0 81 18 34 63 30 60 0 0 89 56 76 78 116 137 74 78 0 42 65 15 0 6 48 77 78 65 60 25 78 57 12 3 16 35 65 9 43 4 40 38 11 3 93 0 65 5 0 4 62 0 2 0 183 87 10 96 58 3 21 0 194 131 75 54 91 0 54 10 53 2 0 72 16 26 18 51 30 0 61 136 2 48 0 9 59 50 47 141 0 70 0 49 110 51 43 54 48 79 66 3 0 20 44 109 44 39 20 72 126 81 56 117 68 0 128 78 114 45 0 48 44 26 8 4 11 0 35 6 70 6 2 131 27 84 16 0 4 30 64 4 48 18 43 0 63 42 68 84 20 69 0 14 103 26 0 0 109 14 109 0 57 66 65 27 153 110 96 39 121 78 72 30 55 155 42 27 42 76 84 30 101 24 55 22 28 70 48 45 64 76 19 98 
8 160 56 51 28 88 54 150 80 0 58 83 85 126 16 44 0 0 0 120 0 108 124 30 104 0 12 0 36 25 0 0 32 122 8 83 68 26 90 0 0 42 155 48 182 108 37 42 16 21 56 63 93 0 106 12 54 13 44 72 0 121 3 60 16 72 65 46 16 76 4 0 143 108 96 42 0 118 70 54 54 88 0 36 27 0 0 36 88 24 0 64 90 0 36 108 89 35 48 0 72 24 0 35 45 8 0 0 15 10 36 54 40 22 54 137 4 0 36 0 106 40 81 78 72 0 75 24 0 24 75 48 0 47 16 36 0 76 44 88 120 9 16 18 52 0 28 40 0 0 120 0 32 104 9 40 0 12 30 17 46 27 58 36 92 0 84 30 4 24 56 56 0 18 196 56 105 32 32 24 196 36 0 40 27 18 0 0 156 0 0 0 43 116 32 0 32 0 20 48 105 0 92 0 0 40 0 0 16 0 72 76 0 35 3 40 49 129 68 150 0 40 0 7 72 0 90 8 127 96 81 0 0 36 20 0 45 36 6 20 0 171 0 52 48 0 20 104 0 48 40 0 0 6 0 0 
58 111 16 38 47 109 83 253 87 109 40 78 24 63 118 91 89 12 80 0 115 133 42 129 69 111 175 0 63 0 68 107 134 66 110 16 18 14 128 24 90 30 56 177 68 20 75 0 56 76 191 27 73 42 99 165 171 128 39 62 127 146 45 99 12 64 14 0 56 18 45 28 59 118 104 68 81 20 21 64 162 76 190 16 11 93 141 135 102 50 14 27 100 88 40 46 158 48 164 100 8 54 134 54 54 117 42 52 126 116 54 0 224 21 54 32 77 0 99 33 114 95 63 87 131 32 160 91 140 79 5 92 66 133 92 33 161 18 158 36 32 58 54 58 12 68 64 12 94 55 63 50 42 32 55 64 23 20 95 179 80 0 122 51 125 72 82 0 0 70 117 56 43 91 0 62 138 10 174 81 92 70 8 0 113 133 32 69 90 136 24 84 9 0 140 201 271 73 166 54 126 7 116 52 222 48 53 38 106 45 165 53 56 96 27 169 70 80 33 72 10 53 12 0 56 33 42 64 9 0 149 54 0 151 20 10 38 81 108 42 45 42 254 69 77 124 24 107 15 78 36 30 12 100 0 56 
0 16 73 0 77 49 37 0 33 7 115 25 64 28 93 0 52 36 116 10 113 6 0 54 45 81 0 54 0 0 106 31 168 0 0 2 8 109 15 72 9 36 0 31 6 24 69 0 91 52 35 60 108 56 9 64 67 31 40 127 0 14 8 135 42 27 50 0 20 18 37 56 40 36 0 51 80 40 0 120 0 58 87 79 8 80 100 73 0 35 2 40 107 73 34 30 0 76 128 2 62 0 62 28 0 52 33 0 30 12 3 16 0 3 32 24 0 30 45 0 124 40 0 4 69 126 0 24 0 72 1 0 24 27 0 5 20 0 61 27 0 0 65 40 28 34 32 0 64 0 37 104 1 98 52 41 102 14 47 76 51 45 33 49 0 75 54 71 3 16 0 64 38 10 98 216 15 0 63 0 78 26 54 69 16 107 10 40 32 19 14 119 77 0 69 105 61 48 13 0 0 60 90 15 45 9 28 0 49 72 0 168 179 0 21 54 2 26 44 2 48 20 28 44 15 101 80 97 5 0 0 76 56 1 0 0 126 85 28 12 159 90 145 25 30 108 42 28 8 166 0 9 135 0 8 17 
9 40 60 42 24 15 50 155 77 8 88 29 45 0 122 63 48 64 45 75 178 27 102 107 102 47 75 138 21 5 104 65 146 18 147 39 26 105 126 5 0 17 56 21 16 78 42 59 196 24 28 10 75 96 112 71 54 105 67 157 207 179 26 116 12 80 18 38 114 31 102 45 0 87 115 46 6 14 48 2 7 68 149 0 7 12 24 109 6 12 36 42 24 0 36 18 88 0 0 106 19 42 104 32 32 26 225 33 50 145 37 0 46 57 83 20 30 6 0 126 56 83 12 12 8 63 39 99 72 103 59 46 111 71 91 30 44 0 220 182 24 14 48 9 4 12 12 0 160 45 78 36 12 28 90 40 106 32 43 11 173 61 31 78 155 45 85 99 2 34 76 109 111 54 99 142 7 14 6 20 101 42 9 4 0 42 109 12 126 21 8 24 0 16 42 157 81 19 84 15 49 7 83 50 101 8 40 7 100 184 65 87 102 135 14 182 9 58 95 35 54 12 7 28 137 97 46 0 44 7 7 77 48 60 110 42 34 42 63 25 93 117 30 54 102 126 5 186 33 162 15 54 35 62 62 42 
8 58 72 142 81 0 59 114 63 21 36 20 81 10 117 56 135 23 0 40 97 49 96 49 174 66 81 64 84 69 149 124 25 45 77 35 0 18 131 0 34 16 87 39 0 27 0 17 12 82 43 104 97 0 10 67 72 0 63 97 28 12 99 171 127 72 86 177 81 0 54 45 57 40 20 54 3 40 85 162 0 171 252 0 128 29 0 79 27 150 27 9 108 128 60 63 0 116 130 10 32 32 0 35 24 10 35 10 168 108 40 0 42 0 18 0 98 63 142 81 143 27 72 6 58 109 58 15 168 10 38 0 189 6 92 0 32 88 88 24 0 45 33 16 18 0 0 52 46 109 46 0 25 36 0 31 63 16 45 60 0 129 0 117 76 114 45 105 21 39 25 45 154 35 89 0 100 0 11 81 29 56 0 46 69 144 144 173 22 72 49 46 4 95 0 76 106 15 0 127 43 125 0 12 0 90 8 112 36 72 170 81 81 16 0 56 21 14 81 0 14 87 6 32 62 40 0 71 14 25 27 113 40 40 40 0 80 76 54 72 27 49 64 83 79 82 81 99 35 215 94 92 189 0 0 209 
20 24 9 86 24 16 31 4 14 45 34 92 87 41 68 40 0 60 18 90 118 41 14 3 74 12 106 27 0 25 35 3 25 45 39 10 64 37 12 8 24 34 16 7 20 102 4 0 72 56 72 0 20 0 36 64 80 84 32 40 16 99 32 66 16 77 30 16 52 0 4 67 0 79 16 16 24 89 41 24 40 60 40 50 28 3 82 7 70 54 40 40 79 5 1 92 13 0 99 61 48 124 24 66 8 88 12 16 36 0 57 0 38 0 24 0 11 32 0 10 18 8 6 16 28 38 25 60 76 16 17 45 72 16 0 138 0 56 13 34 10 36 18 54 21 136 67 28 0 2 12 13 88 4 4 49 18 6 35 5 17 32 53 20 26 9 32 22 25 63 34 60 9 29 66 34 0 17 48 0 23 0 60 23 13 32 2 0 16 106 0 42 42 16 15 38 60 4 44 56 83 48 23 0 9 0 2 2 88 2 50 0 6 116 0 25 49 4 87 96 0 32 4 0 78 22 11 0 58 46 96 52 32 44 39 27 82 1 38 25 5 35 14 42 42 22 30 95 98 9 43 45 72 18 68 82 
45 0 15 117 95 30 51 109 0 0 64 63 72 112 24 18 69 73 45 18 164 122 0 0 186 39 0 72 85 69 93 9 127 64 146 24 8 3 79 77 74 85 0 76 66 0 75 101 87 90 16 112 158 67 0 0 93 85 55 62 105 71 169 30 60 92 42 77 162 109 41 132 0 63 9 177 135 105 21 164 55 142 229 93 84 115 246 104 15 30 47 18 166 138 143 2 117 35 92 42 5 54 123 133 82 16 82 148 78 62 24 96 84 18 0 140 67 10 0 30 126 59 6 13 60 92 42 117 47 8 12 12 163 104 21 169 0 0 95 56 56 78 226 83 0 134 96 36 114 86 91 63 96 43 84 54 128 168 58 0 99 44 9 131 36 117 0 72 54 56 18 128 57 35 48 234 6 129 85 95 0 38 0 0 90 156 8 55 141 127 41 14 46 107 190 93 119 62 40 45 5 135 115 56 112 110 34 42 192 117 117 113 86 10 75 130 68 48 81 80 51 48 12 76 117 0 108 36 77 6 99 171 129 42 0 121 42 134 124 19 204 24 80 78 36 42 54 13 37 160 42 182 183 125 153 77 
15 22 0 67 42 39 0 114 25 36 81 66 8 0 54 112 49 64 39 81 40 18 28 80 81 81 32 117 77 10 61 88 69 72 24 58 8 7 68 0 45 74 34 0 7 97 0 8 39 126 127 64 71 45 8 52 102 77 8 5 35 70 134 80 14 111 17 24 48 112 11 27 54 18 18 87 0 0 42 58 55 45 83 20 0 6 42 14 78 42 45 37 45 30 45 6 24 93 54 102 96 43 86 0 62 187 5 72 13 2 65 49 30 21 4 63 0 19 194 4 18 8 12 111 60 3 45 0 81 16 96 109 144 8 22 90 43 0 64 28 0 60 26 20 49 55 0 64 116 42 4 2 76 87 0 8 0 69 96 185 92 14 19 0 0 141 19 58 24 9 80 92 0 18 80 37 27 24 91 24 0 62 68 171 63 90 6 134 6 100 64 26 9 76 4 3 29 7 28 85 34 96 70 59 32 4 48 0 56 80 90 84 35 21 11 0 95 65 0 28 6 81 35 120 26 16 6 6 47 14 125 74 5 66 63 12 48 66 21 93 46 75 0 108 54 7 105 125 95 109 34 86 16 0 34 8 
42 210 19 192 43 66 54 4 99 13 100 0 81 44 22 0 49 26 72 28 31 72 140 8 51 120 78 18 190 18 132 20 96 0 90 81 0 0 72 63 155 157 81 0 62 90 81 0 57 8 28 48 44 66 121 93 63 56 54 32 127 0 132 0 40 88 66 55 53 73 120 87 94 117 151 48 107 135 12 45 100 44 149 0 6 0 0 191 94 87 32 63 63 73 64 58 18 96 16 109 48 135 12 61 57 8 78 56 52 116 40 0 87 35 15 52 84 42 241 49 24 0 16 60 138 38 36 30 24 141 32 56 48 80 192 45 81 52 42 81 88 62 120 69 114 27 60 64 59 192 70 4 114 79 84 167 0 31 44 0 150 4 64 43 66 110 0 85 104 144 42 133 55 0 0 128 8 0 27 15 67 0 101 36 84 64 120 58 76 84 72 71 8 24 169 24 53 8 81 69 9 133 69 28 39 25 46 58 44 88 18 66 16 141 24 4 130 104 40 24 0 117 32 91 51 117 24 2 113 20 56 52 150 44 83 21 35 14 27 45 0 93 48 23 121 3 87 118 57 239 126 48 36 56 21 92 
0 48 0 45 45 52 20 64 5 36 41 56 27 18 46 25 13 75 75 30 71 42 50 149 80 56 53 29 21 105 172 56 44 10 87 63 35 46 120 48 6 90 21 96 36 51 28 33 28 55 54 170 86 59 69 2 26 117 68 97 29 80 166 63 0 64 57 93 117 48 71 33 6 97 96 64 0 79 7 97 30 82 202 7 42 27 57 60 20 0 93 32 145 4 84 0 0 30 30 41 14 92 0 32 27 73 104 74 144 41 134 2 6 0 20 0 16 5 8 32 140 6 43 27 43 4 137 0 101 22 110 8 20 116 13 90 35 66 83 70 24 30 0 61 12 67 35 6 34 0 37 0 93 40 120 70 0 0 71 46 47 0 105 42 0 86 9 56 20 94 86 51 10 0 0 6 66 28 0 28 49 17 3 152 52 14 28 85 20 65 0 10 77 52 18 49 10 76 25 132 19 63 45 107 71 12 126 1 56 26 133 39 0 52 12 58 4 17 88 0 7 46 0 0 44 20 123 24 33 0 24 47 37 50 42 0 68 14 56 112 53 0 62 0 11 25 117 76 6 61 24 39 108 63 0 129 
39 61 96 113 21 62 56 60 117 39 28 119 169 22 160 99 0 63 49 16 132 138 92 4 60 63 120 18 23 4 60 89 104 63 31 223 0 72 56 72 54 36 51 7 26 0 122 58 149 3 20 150 102 4 175 67 83 4 141 122 18 0 0 100 43 63 95 107 137 59 10 112 52 105 7 62 24 89 12 42 76 94 211 6 145 49 120 73 74 54 103 43 61 21 74 4 0 56 58 124 54 10 33 15 25 109 50 145 143 154 53 160 54 89 9 0 56 0 13 3 70 40 69 128 85 101 98 77 0 20 17 158 85 3 136 24 0 71 55 75 57 84 0 12 60 87 12 28 30 0 24 54 131 0 68 44 8 17 137 15 43 21 9 142 53 100 34 15 86 8 64 8 24 0 47 81 146 5 40 6 107 60 81 121 45 70 6 21 0 88 46 99 10 206 37 33 36 190 40 0 163 7 78 119 39 54 59 60 114 101 63 9 32 45 2 5 0 57 73 50 19 64 12 96 28 9 24 6 12 36 1 44 83 29 74 9 134 114 42 5 21 69 185 24 114 84 152 115 26 149 37 192 7 72 2 160 
6 32 16 48 84 74 83 35 0 58 0 98 104 14 40 72 87 6 0 0 223 171 121 65 179 82 96 40 81 125 121 70 135 90 105 47 113 54 139 11 162 99 187 27 48 103 24 65 189 69 64 137 229 81 35 137 8 20 128 98 61 0 133 37 98 71 36 48 220 18 73 76 5 134 83 76 0 167 36 75 21 34 63 56 41 30 24 205 148 68 31 71 162 64 2 81 5 68 80 181 54 88 117 19 24 56 56 45 160 169 20 97 48 4 92 59 66 52 38 77 53 49 32 81 105 83 131 73 81 74 114 67 127 43 35 112 32 116 35 0 0 0 8 78 187 188 43 54 100 85 87 9 26 9 45 212 112 62 73 118 72 21 120 68 172 106 53 113 40 94 41 56 136 68 158 25 32 36 40 216 77 12 108 169 39 233 128 63 27 12 8 24 77 67 14 8 145 85 93 0 25 95 23 118 101 18 82 63 30 49 81 27 42 163 73 71 9 45 9 0 0 14 36 51 130 0 58 21 185 49 137 69 0 47 11 96 72 10 14 82 122 17 56 9 125 26 172 186 8 233 81 170 113 42 40 118 
135 18 20 50 0 78 96 12 45 7 21 18 0 77 78 6 56 90 0 99 81 61 28 1 43 12 0 80 46 26 112 6 86 20 21 80 25 5 16 0 63 6 24 20 119 74 99 54 138 25 0 5 150 56 0 96 16 12 157 93 195 115 60 32 71 114 30 7 161 32 48 12 63 76 79 0 66 164 4 49 59 84 82 4 3 49 98 52 65 41 48 18 103 135 27 32 4 7 105 0 25 119 18 38 9 0 103 14 18 0 19 28 13 104 64 64 144 0 18 84 40 24 0 63 69 0 11 33 116 82 21 48 0 0 85 137 8 40 27 15 8 14 54 0 42 10 71 45 34 48 94 0 7 0 0 87 39 58 57 94 26 0 86 31 29 12 63 184 102 86 78 96 59 72 36 71 0 77 8 0 82 2 0 61 24 20 36 16 152 0 16 24 8 0 170 36 104 5 84 67 0 45 19 6 29 54 45 12 14 56 51 0 0 82 42 84 28 12 52 40 90 21 28 0 80 29 22 49 72 67 75 10 9 164 56 99 65 56 90 23 19 74 9 112 145 242 96 143 80 71 72 169 0 60 0 111 
34 21 45 28 14 24 36 24 10 0 107 18 27 42 5 18 0 24 107 110 36 64 95 100 18 12 77 0 60 0 100 0 85 16 0 63 81 42 50 47 92 46 75 12 72 9 56 14 0 1 54 66 67 63 36 6 56 7 90 27 35 0 64 34 105 45 80 100 31 0 10 40 84 36 92 30 63 142 87 0 113 87 62 20 28 72 47 55 100 28 8 40 34 48 85 24 38 17 0 29 30 27 77 48 5 78 82 42 117 0 0 27 141 13 0 72 78 53 218 0 22 0 41 180 54 16 0 105 40 54 46 0 0 56 84 37 42 119 129 27 61 12 9 0 107 56 27 20 29 128 40 0 65 44 0 82 0 6 38 85 6 113 32 33 0 97 14 69 18 64 175 0 186 52 16 6 19 6 34 72 18 82 0 65 79 126 92 48 117 64 101 92 132 0 16 119 0 0 0 0 0 93 87 69 46 18 0 30 48 56 28 1 56 4 0 38 20 64 0 119 16 60 24 70 107 54 32 33 112 34 40 10 57 116 68 20 42 24 114 49 0 49 111 10 85 214 95 10 81 74 102 69 16 30 90 199 
115 58 136 57 48 7 6 8 2 146 10 11 120 55 24 60 42 9 51 6 100 71 0 24 14 0 48 132 57 0 39 60 42 10 4 126 91 99 31 106 13 59 62 96 79 40 30 20 43 23 44 15 46 0 32 62 107 56 87 133 0 90 6 124 57 59 15 16 38 9 17 118 48 91 0 38 0 66 73 79 107 44 59 60 70 0 150 0 36 186 30 124 91 134 9 79 0 71 72 72 133 115 35 12 45 52 32 125 117 62 49 0 85 28 31 192 109 35 91 40 81 151 50 58 79 124 55 2 34 21 106 113 200 124 122 64 66 78 27 52 42 20 101 7 38 75 88 42 25 7 0 82 84 45 30 8 27 30 23 32 0 24 187 18 47 81 74 78 0 144 26 49 63 73 80 52 56 0 25 85 8 4 128 25 22 149 82 65 68 20 0 53 12 67 93 71 94 0 27 18 109 112 32 27 50 116 16 7 34 42 24 0 196 17 20 63 103 120 72 82 148 105 0 10 136 32 82 18 75 0 136 50 48 63 32 10 122 48 65 16 94 118 43 75 141 4 63 86 90 92 0 0 85 155 30 79 
22 18 119 148 0 69 34 67 101 0 44 50 54 36 45 45 36 0 59 36 4 110 18 18 0 55 121 0 0 15 22 51 42 0 25 38 0 8 3 76 96 86 0 12 14 6 0 36 84 0 44 24 35 36 66 0 0 0 40 89 26 0 36 73 4 51 26 27 24 14 4 0 20 36 49 32 0 45 6 0 88 83 122 72 27 72 0 44 60 123 48 8 72 36 74 0 11 0 34 0 0 4 0 0 43 0 45 52 6 0 48 34 34 15 27 0 0 0 27 27 0 12 10 51 0 0 33 61 63 9 94 0 9 0 6 18 0 4 99 45 28 16 10 24 54 36 91 10 103 34 81 12 76 0 0 10 18 21 0 18 34 0 2 12 15 119 8 0 82 0 0 32 40 6 54 48 6 59 1 8 24 0 91 8 19 87 117 18 0 20 12 0 18 51 0 11 55 21 25 96 0 27 41 12 18 36 10 74 14 108 0 4 15 63 0 54 0 0 27 12 54 0 27 16 19 63 22 27 77 12 14 27 95 100 86 0 0 36 0 0 4 0 8 26 0 7 3 99 0 89 59 89 0 0 0 44 
30 90 15 73 85 63 71 108 41 20 0 41 76 125 121 54 30 25 32 48 72 52 51 53 99 32 23 169 64 16 44 8 0 0 16 6 0 81 149 22 24 23 99 9 0 47 62 26 29 43 107 72 99 62 111 131 0 38 58 16 6 0 48 35 27 36 6 66 94 113 53 77 54 16 11 0 48 134 12 0 15 101 105 14 51 6 0 168 8 84 2 50 119 2 51 12 10 25 0 129 35 45 12 71 16 45 110 36 28 45 67 148 30 59 64 85 31 66 15 47 22 0 69 36 65 36 78 6 68 41 12 39 22 27 37 20 44 36 72 61 10 0 34 33 50 18 44 51 56 22 63 62 157 35 57 36 0 66 4 85 44 33 36 39 14 49 108 96 72 57 33 2 113 18 42 12 81 82 66 28 21 49 46 69 40 22 112 120 24 15 109 100 51 8 5 29 62 21 0 80 0 75 33 59 131 33 74 148 100 95 45 12 57 86 74 1 31 40 48 10 31 30 22 91 20 18 52 37 23 108 8 103 123 89 117 64 91 38 60 54 45 21 99 25 18 49 172 65 63 113 126 79 40 2 35 70 
24 60 14 14 54 6 0 140 123 52 35 118 23 111 8 193 61 125 72 30 12 74 51 74 37 17 118 20 84 10 81 85 90 9 40 9 45 8 36 56 86 74 50 9 50 81 60 2 52 0 152 64 0 46 91 135 36 73 149 5 4 62 126 97 36 88 145 52 35 16 82 4 50 84 0 51 109 49 144 73 91 52 16 4 85 18 81 66 84 161 39 62 108 63 110 45 24 10 10 16 32 14 47 121 29 65 0 6 123 157 121 0 37 15 40 6 8 43 96 123 0 27 64 24 50 79 125 75 115 77 8 3 90 46 94 94 11 76 54 56 54 0 0 33 0 0 95 78 126 9 8 17 65 14 5 75 25 31 96 131 96 49 99 1 0 162 4 22 0 114 58 0 87 0 0 43 0 0 24 138 70 99 92 8 0 159 9 8 27 64 22 43 3 12 20 58 81 14 14 0 96 25 54 28 16 0 27 25 12 148 1 15 75 54 36 74 41 0 122 3 144 44 0 38 69 46 44 34 105 14 72 35 40 68 61 42 27 136 63 17 8 76 50 42 143 0 18 9 75 36 0 49 0 162 0 143 
45 65 0 183 18 196 86 40 46 8 112 136 45 21 0 24 52 0 34 3 81 150 39 15 100 18 14 27 18 6 28 21 119 0 18 50 44 21 0 0 16 16 58 77 77 67 24 90 8 0 16 93 119 0 36 42 205 49 28 100 81 193 30 121 26 62 8 8 74 89 7 45 88 84 83 20 125 121 85 96 102 97 138 32 83 115 103 83 18 0 25 3 30 73 157 35 32 2 85 45 124 12 5 20 49 85 36 56 139 42 27 52 30 66 20 0 14 12 20 31 180 43 81 72 66 115 115 24 0 10 22 84 81 120 63 176 21 58 51 151 0 9 36 16 36 90 66 16 38 54 44 0 128 119 8 68 17 51 5 72 32 93 93 72 56 84 141 61 18 5 58 48 75 15 186 55 4 62 128 14 68 52 54 81 0 21 45 25 105 0 0 26 24 20 86 30 0 46 10 6 88 32 92 0 24 26 0 56 8 44 36 59 60 33 44 205 20 206 43 124 80 49 38 6 135 56 2 113 47 10 103 4 16 69 57 0 118 121 26 76 104 220 20 32 52 90 123 187 41 81 36 129 14 82 0 117 
99 32 8 32 3 0 112 10 0 3 32 31 64 5 0 0 217 72 18 0 56 32 79 32 12 20 35 4 124 24 52 12 67 0 61 79 0 10 12 24 56 44 51 23 56 73 12 70 34 60 0 30 125 10 48 28 63 121 17 3 8 8 208 12 27 22 34 0 95 135 68 36 65 63 56 115 84 54 0 21 117 0 99 59 8 37 28 130 0 62 0 76 146 24 121 59 0 105 34 0 16 36 80 16 0 9 6 97 58 50 64 138 94 57 105 0 3 27 298 68 0 100 0 79 105 19 111 92 77 0 16 18 102 127 112 205 8 121 68 62 30 48 38 16 7 0 35 115 6 153 40 30 0 36 30 16 0 104 78 139 228 57 4 72 64 247 96 66 42 99 20 80 16 9 40 54 26 19 107 45 35 68 0 16 36 52 72 24 16 36 8 24 0 79 13 42 71 4 0 0 80 16 32 16 27 45 145 0 30 130 58 73 71 36 52 25 96 100 30 16 120 53 16 72 18 0 24 48 51 0 32 0 36 39 58 32 66 15 9 63 8 37 0 7 105 60 24 151 30 45 28 9 0 72 10 0 
12 14 66 66 30 173 51 123 72 39 131 158 14 29 92 87 4 84 18 24 123 139 41 39 145 24 24 126 6 52 157 144 107 5 168 42 46 55 145 56 60 37 64 89 28 87 92 52 161 75 141 125 173 92 142 85 52 83 63 75 88 59 133 77 60 137 97 92 206 48 55 66 113 107 83 103 156 88 188 135 126 92 105 28 36 25 132 214 54 46 58 52 139 13 27 16 50 18 49 72 51 35 106 88 94 129 110 104 66 146 156 144 21 87 0 24 68 18 20 18 135 3 151 136 96 92 121 54 48 182 73 130 36 35 115 30 0 0 79 56 66 37 0 78 104 124 84 24 151 0 63 105 14 63 93 40 23 96 85 31 152 93 113 129 112 127 33 139 6 50 64 9 115 54 107 203 38 9 105 21 165 80 69 201 166 47 54 27 93 106 121 69 15 78 52 66 51 0 9 90 96 60 193 13 92 23 32 10 30 38 107 84 104 81 46 60 182 75 111 138 88 72 0 60 66 125 66 44 91 63 71 12 54 35 82 65 185 63 66 118 29 136 98 58 101 90 224 94 52 148 56 21 97 20 109 82 
15 12 40 49 108 83 49 161 0 39 84 64 15 74 0 36 36 100 27 82 56 92 20 52 250 10 30 24 32 0 89 22 83 51 0 21 27 94 139 27 53 43 147 50 54 72 1 42 79 7 27 63 109 0 47 75 68 22 52 76 0 43 73 71 63 82 32 10 98 37 41 37 8 14 12 195 0 54 16 59 50 74 77 36 19 34 109 53 18 52 12 24 173 52 72 0 64 70 140 59 27 112 31 0 5 75 4 77 120 60 18 145 91 26 45 95 7 18 93 4 117 21 19 135 27 20 48 35 47 33 16 40 131 23 53 40 39 85 67 21 58 52 73 6 8 76 32 72 40 83 12 24 90 80 41 39 53 92 36 101 67 49 72 92 38 73 90 139 136 26 9 31 24 33 140 27 60 80 71 194 84 0 8 89 132 81 38 23 45 3 68 83 12 25 3 69 66 65 18 52 0 103 78 7 27 42 70 64 0 21 7 98 117 7 23 95 130 55 12 4 15 18 49 75 74 12 50 64 86 102 63 117 37 87 95 0 12 53 48 0 132 88 42 141 92 77 28 17 80 164 71 120 45 33 15 63 
2 49 46 22 1 36 4 31 10 101 65 27 12 32 0 12 18 251 41 101 69 31 0 149 6 9 83 93 26 21 57 0 12 0 14 74 54 15 38 88 25 185 90 0 62 32 36 130 94 20 53 59 4 7 42 5 34 17 0 48 50 0 190 7 0 54 41 51 15 12 11 8 43 111 32 50 0 4 56 60 55 69 0 0 0 49 16 88 27 43 56 0 14 76 84 8 12 73 7 44 43 41 66 99 7 0 82 22 64 1 0 0 64 0 0 127 1 8 28 63 71 54 67 50 141 4 188 27 16 42 8 40 24 74 52 67 1 36 30 0 43 71 86 0 64 0 16 21 58 14 42 56 63 5 0 29 93 68 23 0 40 17 27 107 15 63 0 27 2 158 14 0 0 0 0 56 0 0 81 49 0 16 5 6 61 0 37 44 70 21 18 22 7 20 42 53 166 55 135 79 63 64 45 14 0 89 89 53 29 7 16 6 3 36 0 0 93 55 2 0 0 28 10 12 86 0 2 44 49 28 64 35 87 93 0 0 46 20 49 29 35 0 32 162 69 25 118 9 51 68 102 24 108 72 56 125 
131 53 52 49 4 82 47 0 0 12 121 51 45 5 60 5 40 26 15 16 65 55 28 4 175 4 30 84 29 4 52 0 35 0 3 10 48 0 24 87 0 116 38 94 82 46 31 14 38 38 87 33 59 9 11 18 19 76 10 50 11 22 57 8 0 135 30 4 5 96 5 64 45 1 25 29 0 45 12 16 97 33 39 45 107 46 37 9 16 40 41 98 20 47 86 40 23 28 61 9 86 91 33 47 36 9 15 10 63 9 7 142 63 69 38 134 0 27 18 74 69 68 59 60 89 46 58 0 66 5 51 135 59 106 45 115 7 33 87 58 18 38 152 14 45 44 47 92 45 28 60 48 81 65 67 5 65 84 17 153 3 30 4 0 4 32 65 0 0 141 8 101 112 50 180 69 77 2 104 101 0 7 72 96 37 90 60 90 118 86 56 32 41 143 10 52 0 103 0 42 10 94 18 126 0 98 0 0 31 63 0 18 38 60 20 45 60 181 75 0 77 120 77 141 40 0 0 30 69 14 0 105 104 3 66 56 15 28 21 70 17 116 26 130 33 25 0 95 74 61 23 35 49 38 27 50 
27 67 57 33 41 15 0 115 6 28 63 43 44 21 135 21 29 90 23 69 69 98 37 0 10 0 126 57 0 79 60 6 1 14 8 45 50 24 97 72 48 57 125 12 27 46 3 62 15 0 0 46 109 0 35 46 12 4 63 99 40 0 58 56 84 17 68 51 51 61 18 21 102 85 25 41 59 25 73 21 87 0 54 3 78 95 79 56 74 36 28 94 63 56 76 0 14 38 18 19 12 60 28 0 11 63 18 24 67 24 21 141 39 76 25 120 5 22 115 56 3 135 4 80 62 34 127 24 0 49 4 58 45 104 40 26 29 79 17 143 18 26 44 0 0 8 24 32 46 7 157 16 18 98 60 0 19 9 28 29 2 77 39 47 0 80 83 90 64 92 103 56 45 27 2 13 95 44 78 48 15 64 18 15 69 9 77 2 124 63 89 86 12 129 8 45 7 65 56 0 55 81 38 88 0 30 107 6 43 113 18 0 49 56 8 16 50 33 88 84 39 73 68 9 53 30 29 5 56 14 24 45 90 16 58 1 91 10 5 62 15 18 24 94 30 34 27 63 19 80 16 63 0 8 10 30 
152 71 36 190 18 67 37 53 144 7 36 145 12 146 126 59 0 108 12 43 32 225 98 49 244 56 38 120 79 36 262 3 206 4 143 35 64 8 82 108 73 131 23 97 117 15 131 21 0 81 49 63 54 112 228 40 105 128 0 145 19 8 159 40 87 67 14 136 129 4 144 64 0 24 63 17 64 34 58 136 120 158 155 18 79 39 62 213 43 82 76 56 135 14 148 38 64 72 23 0 29 113 11 117 50 136 75 89 23 59 0 180 45 21 41 0 133 96 107 165 181 18 89 179 87 125 71 21 41 20 86 70 60 167 127 24 24 38 135 56 91 24 227 0 31 75 3 152 96 73 54 1 56 72 95 5 0 56 0 31 67 115 106 81 8 69 24 179 57 93 59 35 65 66 116 29 60 9 48 75 183 47 106 93 28 79 106 118 64 35 89 120 12 177 70 85 66 99 0 98 144 113 47 172 41 6 58 168 132 180 133 186 59 74 56 11 50 119 137 2 43 41 23 68 60 77 146 49 39 2 102 117 66 70 98 60 96 54 27 61 57 66 156 84 77 83 156 73 209 117 8 194 49 64 70 67 
32 64 109 73 35 100 42 63 0 63 66 69 61 76 92 7 43 54 21 3 93 80 8 24 159 147 24 0 40 24 79 28 105 56 33 7 10 74 152 129 99 153 35 174 46 73 0 164 86 0 114 126 0 106 30 50 60 145 8 0 128 91 6 114 0 65 28 144 94 34 28 54 43 27 54 0 83 81 51 128 27 8 80 0 32 28 42 40 24 128 8 12 64 10 72 21 44 51 8 0 2 42 0 0 63 56 0 149 36 34 0 95 63 60 15 63 112 0 91 72 91 8 0 8 80 24 111 0 28 109 28 105 91 87 68 46 99 38 9 80 0 0 101 24 36 45 100 46 8 35 120 83 0 106 16 84 2 10 187 7 210 34 96 57 20 23 32 111 49 47 27 71 91 0 10 27 157 0 90 48 70 57 67 112 81 41 0 49 40 28 40 0 0 64 94 0 97 35 53 77 56 49 12 36 136 57 72 89 128 47 70 27 15 0 53 62 30 73 100 0 72 53 84 0 47 129 35 40 3 44 72 166 185 129 42 40 117 90 177 18 4 144 60 17 8 24 153 56 0 36 129 139 16 144 81 96 
0 50 53 45 69 136 2 86 164 24 134 141 41 109 106 0 17 84 5 86 14 87 189 43 152 135 61 86 43 35 78 54 72 35 71 87 107 18 50 196 49 13 173 96 5 76 115 77 90 68 49 110 110 50 159 214 310 61 159 81 32 135 112 45 12 9 117 20 58 32 114 107 92 200 45 114 12 26 157 97 0 36 78 104 45 44 93 24 144 86 18 42 158 26 118 128 24 82 66 24 152 2 138 143 54 101 96 74 146 32 42 39 27 28 48 10 137 0 109 127 36 10 0 15 142 126 216 97 27 90 8 88 101 44 58 56 44 104 5 81 20 0 159 110 16 111 43 73 97 21 52 143 30 66 66 133 83 39 132 297 105 45 108 43 18 93 75 159 19 60 45 0 47 45 84 28 17 45 136 39 137 99 0 113 0 110 12 94 109 9 51 30 15 32 84 192 169 46 63 59 93 48 0 75 48 59 137 56 226 42 102 12 84 126 40 48 52 31 15 25 201 94 22 78 70 104 181 84 66 121 42 126 156 81 200 28 107 113 78 0 35 78 58 99 248 33 177 71 119 256 129 0 89 87 45 119 
27 48 0 29 42 93 0 30 27 101 64 33 6 8 36 120 10 60 0 36 36 20 0 21 74 63 60 30 49 0 98 57 30 9 21 87 0 18 62 14 2 65 153 18 36 86 0 22 62 42 0 0 92 23 19 93 6 14 84 66 24 11 36 42 0 64 63 12 40 52 71 32 69 24 13 81 0 90 57 28 58 33 61 0 72 25 46 60 77 33 36 24 54 62 18 9 6 49 80 36 10 18 27 21 27 110 0 81 27 49 42 12 63 47 12 50 16 50 41 84 48 33 19 34 38 41 61 0 94 50 75 25 90 90 15 66 45 35 12 10 0 6 52 16 0 0 28 24 5 36 18 8 72 58 56 20 48 6 4 30 0 21 83 28 0 9 0 42 56 14 63 87 13 41 18 12 30 54 54 139 49 6 52 81 96 28 6 48 52 0 3 0 42 32 100 30 0 21 0 30 0 36 12 0 24 68 0 0 6 40 0 29 27 31 0 55 80 0 12 0 6 99 46 30 28 8 56 21 85 41 32 81 0 27 0 16 0 74 24 0 97 76 0 43 21 24 42 85 9 101 6 28 42 24 20 9 
0 63 137 45 33 72 64 157 182 0 32 19 65 54 9 72 51 53 115 113 7 177 225 165 27 176 106 114 53 52 112 45 53 45 160 234 140 0 65 27 88 18 112 114 0 28 76 76 56 26 142 110 72 35 92 75 18 96 140 73 81 15 47 87 97 15 112 98 1 47 135 93 67 125 24 46 64 99 74 35 12 45 139 74 54 28 110 77 101 126 4 28 107 125 82 119 31 63 0 23 91 40 32 81 63 21 156 0 130 0 118 94 87 54 0 185 130 114 81 60 63 92 33 3 58 28 29 16 76 43 42 39 61 153 104 110 41 72 138 42 24 57 45 76 0 62 73 76 43 49 6 157 51 0 45 40 81 56 138 98 21 98 51 84 117 0 6 48 47 89 112 9 73 70 147 88 74 20 53 112 60 43 86 8 36 131 114 45 41 123 76 40 76 9 99 103 73 86 30 20 53 35 86 81 52 128 50 72 90 56 49 28 60 100 28 49 205 15 62 82 84 162 35 32 91 48 10 12 95 25 166 99 6 160 137 16 18 153 39 80 32 162 76 38 141 16 114 78 1 162 0 123 168 11 91 111 
12 53 46 41 10 0 0 99 124 36 85 34 44 80 70 133 73 72 44 27 104 48 49 44 107 42 53 21 27 48 65 30 50 5 23 7 13 29 89 17 0 116 23 4 0 0 51 71 23 6 40 48 117 62 46 84 87 120 13 18 145 62 25 82 14 183 93 138 70 91 70 46 78 286 73 20 0 31 0 105 6 6 73 24 86 68 122 77 64 18 78 16 7 48 150 56 64 251 163 21 0 45 36 66 69 16 37 0 29 25 99 116 95 90 66 24 6 27 16 10 144 18 68 63 78 13 81 27 79 105 87 127 31 26 104 113 76 42 61 57 31 56 71 20 14 80 76 7 114 45 155 29 32 12 34 24 88 48 38 48 59 65 84 70 175 119 36 12 15 40 13 51 85 102 79 108 101 0 86 56 23 65 45 128 94 85 17 0 163 0 63 41 18 112 0 6 121 38 81 48 53 14 78 9 20 81 34 14 121 76 126 9 99 107 141 128 6 84 80 53 60 8 10 80 51 57 20 14 79 0 0 96 52 99 69 79 1 5 12 224 54 45 136 114 88 102 14 59 26 170 131 41 125 35 26 32 
149 165 205 41 10 115 4 183 64 53 182 98 73 0 0 0 0 60 49 27 195 151 24 114 36 0 85 96 12 75 14 57 78 38 19 170 97 46 82 69 111 230 244 76 122 72 42 52 100 66 202 36 187 0 74 30 3 84 83 102 92 102 77 95 155 102 55 51 12 13 37 30 41 0 67 137 31 63 77 126 135 76 10 20 0 30 51 115 167 80 94 93 0 62 109 140 15 64 46 81 56 74 84 78 50 0 0 50 76 30 4 67 47 69 0 138 24 21 110 119 97 116 60 14 75 115 111 47 0 34 74 156 27 263 49 54 27 127 76 71 53 118 59 49 91 81 80 23 69 0 121 87 36 12 15 29 18 19 68 63 188 18 10 7 22 108 42 96 78 63 17 155 3 7 51 91 130 0 127 135 59 7 155 72 21 56 42 6 50 41 42 54 75 38 77 66 41 66 42 2 176 197 169 20 62 136 63 33 104 76 43 99 15 128 27 24 70 56 67 72 75 144 70 49 45 105 85 17 54 5 15 101 82 75 39 28 50 125 0 28 30 24 79 148 27 37 63 26 101 126 47 84 155 134 11 75 
30 156 63 92 9 114 0 82 0 0 45 119 13 18 16 9 53 93 19 45 62 94 95 0 72 54 90 89 94 30 137 6 63 73 32 157 64 47 56 30 6 36 70 30 10 20 72 106 26 75 79 30 64 32 104 189 0 180 125 212 18 100 54 21 22 52 32 11 81 9 44 16 108 21 15 0 30 105 20 10 127 32 83 66 15 27 30 121 56 170 5 25 26 103 147 56 0 69 0 42 46 28 68 32 0 140 66 54 22 3 0 84 0 84 46 55 22 29 72 97 84 105 0 9 42 99 6 46 12 24 50 30 54 58 58 111 31 34 57 78 0 24 70 36 0 57 6 119 48 139 45 58 59 163 27 42 33 73 27 110 0 44 0 160 0 0 77 50 5 36 110 8 11 41 60 24 136 30 65 20 256 66 33 81 86 10 30 68 72 72 124 28 11 0 82 33 0 64 0 20 151 8 88 0 48 39 124 2 14 56 15 75 54 66 8 51 42 125 47 47 31 58 27 40 72 56 86 58 36 55 176 21 105 36 112 26 46 135 31 0 54 126 51 57 52 41 82 49 8 84 63 89 28 108 8 1 
0 0 71 31 15 30 0 65 28 40 100 0 18 99 0 0 142 17 91 108 30 64 56 48 122 27 42 129 76 51 22 54 13 27 63 48 141 32 15 27 0 89 213 1 105 42 6 81 104 149 90 69 101 8 6 31 51 61 0 20 9 26 63 45 0 123 57 54 6 73 54 56 37 34 11 39 6 54 23 25 105 40 125 35 72 64 79 12 44 96 48 32 0 34 46 86 0 30 92 20 28 26 101 117 18 22 5 64 42 6 2 66 171 3 16 136 0 2 162 69 48 8 42 132 90 114 81 0 40 6 4 75 86 22 46 100 33 58 71 36 0 40 77 33 57 26 113 9 35 121 6 20 6 31 16 66 77 99 89 150 54 81 45 117 18 36 16 0 58 36 36 70 206 0 36 51 54 42 94 56 17 74 12 42 179 22 2 146 137 81 36 65 0 8 28 24 148 62 30 9 114 21 130 0 9 59 51 12 72 91 8 76 20 39 9 45 134 0 12 110 17 134 84 90 14 12 80 39 84 30 70 6 78 72 34 68 24 0 40 12 90 30 15 102 20 69 142 4 45 31 116 4 72 0 20 67 
96 25 0 69 45 108 0 61 21 0 34 45 60 36 32 0 54 99 168 37 134 48 0 63 60 98 0 63 65 0 108 68 158 83 41 63 45 0 27 99 187 16 72 57 56 5 84 14 87 32 54 12 146 219 128 36 109 6 89 54 72 27 85 66 42 113 16 52 8 42 146 75 10 0 5 84 117 12 67 0 53 57 70 10 20 10 64 0 81 43 81 46 125 0 58 93 18 54 0 0 4 131 0 152 113 0 49 67 35 0 49 147 147 27 12 88 28 0 69 120 31 8 49 75 0 126 137 24 147 18 0 16 87 16 46 30 9 48 65 55 110 18 99 4 42 33 60 75 56 105 145 90 24 5 66 6 22 18 26 48 171 49 39 64 35 109 49 36 72 39 106 94 59 153 14 43 168 64 6 0 0 63 116 0 33 27 0 81 140 0 63 10 11 34 88 72 92 36 63 69 27 49 10 28 20 76 18 4 89 137 84 24 54 25 78 45 14 64 36 105 90 39 54 0 52 109 14 46 9 36 97 81 4 197 90 97 9 21 56 0 35 0 0 92 16 16 100 84 55 0 72 100 63 43 82 59 
117 42 44 63 46 47 0 26 0 44 0 0 63 9 0 27 132 24 8 72 55 28 44 9 105 42 38 3 6 0 60 13 76 69 0 186 30 0 58 24 0 26 48 3 63 66 114 81 6 12 16 67 102 0 22 81 12 49 26 94 18 54 54 51 38 10 63 113 0 53 7 54 45 48 23 50 8 10 0 15 0 3 26 10 29 0 14 18 0 97 107 65 0 13 49 0 36 40 28 36 29 0 0 4 32 8 60 0 39 24 9 36 23 18 72 54 47 54 6 39 8 49 20 72 178 7 20 0 42 28 0 0 99 8 12 111 52 78 37 12 6 72 79 1 0 16 14 0 34 16 90 0 0 36 0 63 22 36 54 72 0 54 32 30 0 95 135 18 60 0 49 0 15 4 0 186 123 24 132 7 27 8 0 84 16 84 0 0 100 0 16 18 9 21 50 63 57 78 0 0 83 0 20 59 27 0 0 65 80 72 12 0 82 129 72 51 0 21 9 30 116 44 0 2 0 24 24 106 48 0 8 0 26 52 8 9 18 67 14 13 75 12 56 8 92 53 37 88 44 95 0 37 14 99 0 41 
0 26 32 0 43 12 65 97 41 9 108 90 16 9 56 9 78 38 43 60 101 86 95 39 78 22 8 45 6 5 17 0 72 40 79 50 4 35 78 71 18 72 24 10 12 64 46 74 110 18 28 0 77 17 62 92 0 116 168 59 12 25 8 36 31 81 112 126 55 80 7 28 72 0 49 16 93 0 81 64 61 0 135 136 88 60 124 119 92 34 0 60 52 59 78 58 4 0 121 48 0 12 51 45 32 0 60 84 23 9 57 168 74 0 63 5 0 0 108 0 18 147 8 57 19 32 54 158 30 73 47 20 9 18 54 90 32 24 179 102 42 27 28 67 88 32 112 48 133 36 81 36 55 0 27 25 63 34 44 9 109 63 5 36 56 24 45 13 7 38 36 65 32 64 68 139 56 14 34 217 53 0 5 71 71 159 96 3 74 0 86 149 6 95 0 114 20 0 7 66 76 7 103 85 0 73 35 5 90 71 84 0 81 30 18 14 27 28 9 45 39 12 0 104 45 32 155 18 8 30 18 30 94 136 12 78 45 116 43 80 0 26 29 52 87 136 58 54 58 77 88 24 31 8 12 0 
15 0 110 42 11 124 121 138 72 12 104 109 82 117 12 75 110 98 122 51 44 140 88 143 160 98 84 40 78 32 99 2 3 0 151 81 77 0 54 136 33 61 8 58 108 90 58 127 123 55 10 45 8 164 180 27 207 29 150 69 33 112 138 62 43 16 6 63 27 110 21 16 163 60 72 49 81 84 36 15 132 24 169 33 59 24 22 59 80 18 91 14 68 97 0 14 179 34 30 33 117 18 29 6 51 30 104 50 131 88 93 64 36 69 8 10 27 66 84 35 91 24 78 9 61 44 72 30 118 6 35 6 48 78 50 63 64 0 75 139 69 10 15 4 56 0 61 39 94 45 53 32 16 68 14 0 86 48 88 78 193 109 63 50 32 38 21 64 8 30 81 70 114 14 115 146 45 31 48 40 130 89 68 3 31 64 32 10 21 52 0 46 0 0 171 31 124 58 25 25 106 45 42 0 132 0 102 0 54 92 116 28 35 51 58 130 69 69 86 91 75 27 12 55 181 35 130 45 146 45 32 69 16 65 42 39 9 15 6 46 0 283 0 120 166 45 144 125 19 88 9 26 0 54 0 166 
109 81 70 18 108 126 40 48 34 54 208 107 4 44 64 48 0 146 79 87 32 163 51 27 34 4 6 0 72 63 21 125 110 85 0 4 0 14 44 162 44 8 134 68 27 9 0 19 56 96 70 25 29 35 97 83 188 13 165 136 53 67 246 53 118 96 20 76 50 93 57 29 18 4 38 46 36 6 105 29 37 58 144 6 42 79 196 45 77 34 144 48 32 20 144 67 16 35 48 45 41 48 28 104 25 29 56 69 95 16 0 8 73 8 3 19 18 12 63 150 162 19 56 75 103 60 131 18 72 26 104 56 129 6 0 48 0 0 79 62 43 70 24 7 31 106 40 42 109 61 171 37 44 8 102 34 66 28 72 86 28 4 32 69 42 73 58 73 44 0 180 34 59 204 22 98 50 24 44 58 11 16 18 32 58 66 4 60 53 8 35 24 12 53 52 82 107 77 71 20 36 62 18 20 36 50 88 31 143 83 86 118 77 117 7 32 87 99 32 54 14 0 0 94 186 82 116 29 84 0 57 53 25 34 14 68 12 47 162 14 28 36 4 98 40 81 9 206 76 65 22 131 129 74 63 97 
0 54 0 0 69 29 0 0 64 115 140 12 124 121 80 65 47 12 23 24 19 56 45 16 39 0 0 16 113 24 51 36 8 101 54 78 48 0 112 15 16 141 29 0 117 71 94 0 52 28 84 18 67 0 103 90 88 40 225 49 0 22 105 36 36 70 18 0 68 126 39 0 6 47 0 82 129 72 2 12 68 32 21 0 48 15 82 23 85 32 29 0 77 0 7 0 0 0 40 29 20 27 36 0 0 138 18 0 36 56 44 72 32 54 0 30 7 61 76 62 64 14 48 39 67 36 104 48 84 19 24 60 0 82 66 68 4 20 15 3 82 9 48 33 0 42 47 27 36 0 1 2 32 117 18 54 7 45 3 4 7 45 54 36 20 90 67 61 9 108 63 28 8 20 32 72 24 23 163 36 60 90 50 38 76 85 27 8 67 0 63 10 9 8 172 93 63 14 95 20 73 40 99 14 15 61 78 13 56 73 78 30 84 4 9 10 99 54 20 44 51 0 0 0 103 21 45 9 75 95 0 0 6 72 69 50 64 12 59 79 47 0 24 28 108 39 126 83 37 40 62 52 66 52 35 85 
8 66 12 41 32 83 50 15 59 36 100 98 41 61 84 81 0 97 21 101 52 102 39 16 58 33 84 18 0 20 85 56 158 43 27 117 38 103 44 72 36 45 203 42 57 58 84 3 53 63 24 121 53 44 79 69 102 54 42 128 54 0 56 50 14 54 51 16 80 16 122 6 58 162 56 132 71 59 8 31 50 72 232 56 28 75 154 137 63 108 30 173 84 9 105 68 6 84 123 156 29 6 69 33 12 108 26 145 266 144 2 64 24 30 39 81 0 14 34 135 89 48 2 78 148 189 224 69 0 67 0 18 51 49 60 51 21 54 3 120 54 33 12 68 21 119 122 77 80 42 116 10 67 0 121 137 58 66 71 108 143 68 115 66 70 84 37 64 22 0 75 15 89 69 20 49 49 0 0 213 128 4 59 99 72 77 21 24 50 50 2 159 0 116 59 8 84 87 55 0 95 77 113 14 37 51 35 70 73 48 112 47 63 63 0 51 32 12 36 0 78 53 0 103 50 33 88 93 66 5 0 76 30 75 86 16 119 0 66 10 78 6 111 0 128 62 16 28 64 179 26 12 77 125 0 91 
49 28 38 29 89 77 40 145 85 9 48 63 8 119 12 0 27 136 120 100 18 12 17 71 64 16 32 72 93 0 58 72 152 0 43 74 13 10 116 6 72 16 17 119 26 14 83 22 104 20 211 95 15 32 35 77 72 132 14 108 32 20 9 78 57 137 14 88 115 20 0 16 57 0 0 106 16 16 66 40 80 125 39 35 19 20 68 61 0 104 31 22 92 86 4 30 97 0 63 72 18 24 45 0 0 131 73 90 97 46 91 42 54 21 0 56 37 0 188 0 92 76 57 83 4 63 24 31 31 40 40 96 94 57 86 14 4 32 159 0 11 15 50 0 55 74 18 36 40 75 36 0 0 42 41 70 2 77 45 115 70 0 22 67 4 169 0 76 45 144 36 18 14 0 16 12 5 4 96 15 113 0 52 16 99 94 0 23 64 102 0 66 45 64 159 4 118 0 68 48 56 100 24 27 157 0 82 48 12 18 84 42 56 56 18 153 30 0 0 0 10 9 39 56 18 62 21 0 9 24 0 8 32 28 0 0 121 78 150 10 16 150 6 54 129 76 138 2 94 48 86 84 27 38 72 182 
16 94 72 68 28 88 157 74 16 24 82 57 82 0 36 18 35 72 119 125 48 99 66 172 76 21 56 135 0 0 160 0 86 34 30 128 45 130 42 140 49 63 0 43 72 24 58 0 0 19 0 113 55 93 78 96 30 20 49 60 5 36 91 34 79 110 14 158 20 127 20 64 36 58 60 0 25 36 42 0 0 66 64 32 30 0 63 97 104 32 97 115 27 14 30 0 58 74 58 0 1 26 0 14 0 77 59 78 36 78 26 0 161 40 110 0 83 78 80 72 117 16 28 150 119 38 61 12 81 52 110 0 30 0 49 96 20 72 141 54 55 25 72 39 0 4 75 40 116 217 90 32 24 35 62 36 114 36 84 104 106 56 10 122 0 96 40 60 20 104 44 10 109 0 13 121 150 0 71 0 45 100 63 144 62 91 86 10 48 16 172 40 68 75 107 89 50 191 54 107 0 142 74 24 60 21 0 0 124 144 73 15 31 57 106 39 71 54 20 40 53 24 36 40 86 99 123 20 156 90 42 6 74 74 16 26 67 43 79 36 12 85 92 54 87 95 102 25 91 74 98 56 69 32 0 290 
5 45 56 26 30 10 8 32 65 112 56 39 30 0 97 0 45 20 120 0 24 18 7 82 81 0 25 68 2 100 122 0 71 0 52 47 21 67 84 48 66 17 18 61 21 7 3 0 12 60 72 28 22 26 73 48 14 67 158 76 0 28 79 42 85 72 58 0 2 6 0 41 3 21 0 52 55 0 41 8 63 72 13 56 49 10 71 15 23 68 0 13 172 75 71 0 7 19 25 56 0 63 14 3 6 0 40 26 0 48 12 0 2 29 16 0 10 45 49 56 14 72 0 19 9 21 24 69 0 65 5 0 3 37 0 84 0 150 37 80 137 4 34 110 18 65 91 49 56 70 59 58 125 23 0 90 6 30 49 0 56 10 0 0 46 47 10 47 35 114 20 8 43 7 18 60 128 0 0 27 21 42 57 0 12 76 21 63 35 0 39 47 67 63 0 45 50 9 46 32 3 19 64 0 14 0 91 0 69 27 0 135 29 49 36 12 59 20 0 25 110 46 24 0 35 74 5 0 38 25 63 33 68 65 0 40 30 110 30 9 13 40 28 30 103 87 0 56 64 62 47 49 35 42 50 56 
91 230 4 12 119 21 108 25 60 93 50 66 42 23 4 15 44 46 24 46 1 23 102 9 285 42 98 138 90 66 149 109 80 93 56 116 118 82 82 9 84 50 151 168 127 42 20 24 56 9 39 7 134 0 94 101 136 14 99 50 2 16 48 134 84 84 50 24 52 60 51 64 18 173 79 57 24 43 53 36 16 0 85 90 32 24 174 48 92 237 0 145 194 14 7 163 48 54 125 16 18 136 30 11 12 124 51 172 117 85 42 115 48 28 42 95 38 40 81 149 26 15 90 134 44 37 47 92 127 46 108 9 175 73 159 94 44 38 15 56 51 34 34 32 43 90 20 82 56 86 0 64 78 18 32 82 62 74 46 161 16 75 102 63 67 0 40 34 16 105 28 0 34 85 53 53 57 4 58 198 46 0 0 54 54 87 97 91 70 94 59 51 52 106 128 22 72 70 15 0 85 81 20 115 36 86 80 69 127 8 35 59 103 22 0 20 16 30 47 0 0 6 16 8 125 20 26 123 66 0 219 125 40 185 31 89 70 60 71 12 50 63 82 102 190 87 40 66 103 75 0 69 135 45 40 37 
50 71 154 61 16 189 68 208 96 139 74 76 24 26 40 95 2 100 105 78 90 96 94 150 113 157 80 94 7 33 216 117 133 75 40 76 30 130 105 73 82 183 38 112 16 4 77 144 102 3 170 101 154 71 153 36 21 155 88 79 122 42 147 151 35 166 38 111 83 196 106 29 46 18 65 64 158 23 8 109 179 94 20 28 18 49 138 119 66 82 23 48 152 78 172 40 70 129 21 59 29 54 83 12 90 94 116 97 6 30 72 190 209 66 45 5 7 45 154 255 95 81 56 18 141 45 39 98 106 22 86 106 98 194 67 77 34 56 148 31 1 77 125 92 30 88 88 8 96 125 56 114 40 148 82 169 109 70 153 90 160 75 63 163 34 231 10 27 86 132 31 68 30 49 49 97 112 0 51 22 95 12 179 146 20 100 38 52 104 109 148 69 37 21 104 22 24 0 62 4 124 52 115 105 136 96 104 72 35 0 78 80 118 30 50 183 119 132 52 17 46 128 16 168 16 124 66 59 68 0 93 202 159 208 120 12 98 142 16 53 12 36 92 59 5 24 56 54 164 183 80 223 17 66 20 40 
2 2 25 109 4 0 26 27 48 112 35 0 27 0 93 75 25 56 49 0 33 8 8 48 40 73 149 60 2 0 111 88 75 0 7 21 81 48 56 73 45 50 20 6 6 87 59 57 86 36 6 63 33 12 10 64 103 51 12 19 0 32 59 69 6 51 0 32 27 33 14 36 69 153 8 46 8 16 94 16 37 113 178 64 87 151 101 50 61 87 15 141 187 17 16 143 0 42 72 22 56 8 54 12 0 26 48 40 115 98 10 0 82 0 0 18 8 17 74 27 0 6 37 52 66 69 81 80 48 33 30 0 112 66 15 28 24 76 119 18 42 28 45 28 0 72 44 18 40 69 0 83 0 15 0 40 121 92 29 72 32 8 46 71 12 93 0 51 0 98 84 0 96 42 0 18 27 27 55 2 103 58 0 82 30 148 110 54 17 26 36 57 0 70 28 0 101 75 120 84 59 61 37 0 0 53 0 73 72 87 48 0 81 0 16 0 18 34 0 20 22 56 0 0 24 0 65 35 57 10 58 12 4 18 17 4 90 0 21 0 21 0 212 32 71 41 20 51 108 74 40 49 24 27 63 114 
101 134 31 2 36 12 0 63 45 10 48 31 7 110 92 0 64 1 8 12 21 135 27 16 101 67 48 9 14 7 69 66 63 32 4 12 73 13 43 54 27 56 104 0 26 1 75 55 51 79 56 17 124 61 48 80 42 104 143 56 17 113 30 5 93 178 9 80 18 76 42 2 37 153 133 48 82 106 25 0 87 36 28 72 108 55 68 49 41 35 58 64 53 14 20 82 50 1 117 47 97 67 80 28 58 48 82 48 41 12 12 130 81 12 135 45 61 24 130 80 21 60 56 87 35 157 79 98 171 74 196 21 217 115 68 98 0 62 114 0 69 58 93 114 0 81 66 54 51 62 37 15 18 81 48 8 49 91 8 18 64 14 23 2 11 10 111 123 99 36 34 98 64 18 111 133 114 56 142 86 141 16 18 54 45 5 37 24 40 74 0 45 5 155 160 22 33 58 12 64 70 13 119 85 79 109 7 0 116 15 71 18 98 83 2 50 5 119 156 43 20 43 79 91 75 37 67 0 20 87 32 119 48 102 125 55 90 49 0 0 63 8 7 22 35 56 58 75 115 183 42 135 88 91 38 6 
22 0 40 248 108 175 97 130 141 58 0 99 163 98 111 40 77 19 47 68 128 164 118 24 32 96 178 54 137 15 92 237 152 67 130 0 18 54 97 18 0 6 109 31 111 145 7 0 236 18 156 36 22 56 78 64 0 99 81 62 146 64 66 93 84 214 77 32 80 0 193 71 20 223 17 128 67 183 64 32 58 60 127 30 36 58 163 26 48 120 68 0 216 14 82 46 80 120 187 0 36 127 27 84 82 75 9 48 49 188 34 60 194 55 54 90 12 0 42 65 79 19 145 123 36 8 54 106 293 45 18 132 109 60 62 195 8 24 96 82 8 0 142 96 30 102 148 57 162 18 101 54 74 69 75 52 0 166 100 73 84 20 157 159 239 192 43 40 40 67 48 37 180 45 54 72 209 39 16 0 68 76 54 80 105 21 32 25 195 122 6 74 0 81 7 54 91 36 49 0 0 133 127 45 47 46 39 0 6 21 0 26 55 138 0 152 215 12 103 153 44 72 61 0 17 83 29 35 214 54 99 117 98 311 67 7 93 98 20 93 86 96 96 162 177 101 54 159 0 72 45 51 78 123 63 56 
179 127 49 41 24 93 70 156 7 104 0 192 29 80 101 111 44 142 114 117 32 194 91 82 148 37 53 48 59 8 73 122 38 0 150 100 0 108 112 3 57 69 32 136 48 0 84 32 115 60 45 55 47 64 128 52 58 15 102 49 107 81 11 100 146 111 105 79 16 2 18 12 76 51 32 167 18 106 46 66 118 35 44 7 84 31 48 46 33 144 34 119 113 91 37 46 74 60 74 0 70 69 64 101 26 0 127 88 124 80 93 0 58 16 36 0 74 142 122 28 84 32 129 66 125 56 41 55 4 46 56 107 148 71 104 0 3 83 14 88 157 66 126 194 65 46 82 35 25 49 138 33 82 57 18 21 91 42 57 118 116 114 48 87 115 42 42 85 0 132 38 86 76 36 65 100 65 2 54 109 58 91 89 4 33 110 112 126 28 95 66 14 39 36 132 63 28 24 55 19 64 62 43 0 67 14 90 17 160 134 68 64 19 59 74 28 141 92 36 96 55 137 36 23 52 34 136 0 24 140 113 81 148 62 81 13 22 80 48 69 12 186 44 101 129 106 70 53 73 118 84 12 122 100 75 81 
56 189 0 0 28 81 30 54 0 8 143 0 45 93 0 21 20 149 14 33 85 78 24 35 144 18 15 72 54 0 117 36 172 14 37 6 0 3 69 71 66 60 104 66 0 0 60 8 50 56 0 59 200 57 24 87 30 0 0 81 19 0 111 10 83 81 47 63 0 45 24 50 6 54 24 93 54 30 128 64 12 73 69 30 0 52 12 102 204 33 60 54 64 20 21 54 0 178 84 8 37 48 0 178 0 76 0 151 0 84 27 58 0 54 84 0 0 51 75 24 57 64 5 40 48 132 83 90 67 0 0 57 24 89 269 4 3 24 3 39 40 40 12 99 102 6 50 75 50 200 111 78 0 21 104 72 23 0 36 26 81 80 18 107 135 105 21 72 12 0 40 64 18 178 0 114 63 0 118 40 2 63 18 63 55 149 75 5 48 54 48 60 34 0 76 0 24 188 90 51 20 0 42 42 3 43 9 32 94 90 13 72 55 22 145 42 18 73 8 30 123 5 57 6 30 36 70 10 6 12 190 144 56 0 75 14 72 126 87 92 119 62 86 30 214 117 0 42 9 172 0 76 153 16 8 72 
61 26 58 99 10 72 87 57 78 72 51 105 84 100 45 9 30 105 9 27 113 25 27 120 130 21 51 9 64 62 15 9 112 81 65 191 43 31 67 73 0 52 53 9 91 12 93 9 148 18 0 36 47 49 57 26 76 268 80 113 33 85 40 20 77 89 0 5 42 87 8 96 123 83 9 170 53 81 21 36 101 0 133 46 54 84 52 84 49 32 105 162 99 15 92 100 40 0 73 5 119 88 5 56 30 42 124 20 94 38 66 48 25 45 17 54 27 81 168 0 35 52 81 120 64 71 42 29 0 83 66 0 63 168 0 91 23 36 26 74 142 14 156 150 24 7 51 20 167 83 90 36 0 150 93 62 28 243 15 90 101 40 4 0 44 106 37 41 0 50 47 0 3 51 52 154 90 44 44 28 162 42 123 56 80 144 63 54 179 0 34 100 5 134 93 11 5 131 63 56 22 8 19 192 0 87 108 0 12 27 63 72 146 61 28 7 42 124 0 81 87 109 11 65 0 40 172 66 51 130 53 66 32 12 4 59 134 35 10 42 126 81 62 62 150 25 96 48 72 24 52 47 121 114 6 1 
54 85 86 61 29 168 32 18 154 69 150 0 102 55 98 84 62 27 125 56 57 167 69 34 13 149 48 27 7 0 18 40 175 3 15 135 19 14 56 56 23 39 0 79 31 145 72 36 39 57 0 56 49 9 91 102 188 36 32 141 0 18 71 63 29 6 0 37 22 36 23 117 0 200 8 7 0 6 6 71 0 73 74 60 19 22 94 135 28 9 35 4 120 91 62 0 52 24 105 40 23 68 28 8 46 87 0 28 25 8 106 9 49 3 18 32 76 0 35 16 167 45 21 93 15 4 61 14 73 0 81 28 9 59 93 105 0 94 61 39 60 2 97 14 48 48 12 72 44 45 0 12 108 34 0 0 69 0 0 35 7 2 58 69 96 125 2 8 30 32 81 49 8 0 57 36 0 14 81 7 8 4 88 0 6 31 0 78 72 32 89 70 10 64 73 66 132 28 87 35 8 80 40 71 36 0 10 71 111 90 69 106 99 17 61 38 7 30 0 83 57 56 0 2 152 79 103 71 0 0 47 56 6 99 64 27 101 2 42 25 22 4 82 25 101 0 156 73 67 131 5 22 63 8 0 75 
87 0 59 114 8 6 34 33 0 12 63 77 3 14 143 0 97 234 21 130 74 0 0 0 14 0 101 118 28 5 65 115 2 50 7 36 45 64 64 72 24 0 36 149 63 99 60 8 67 20 12 84 52 45 2 58 18 100 56 0 48 120 68 69 20 158 27 36 68 43 48 0 45 48 0 61 50 0 40 71 54 182 138 59 48 55 53 48 48 116 82 88 72 63 8 0 12 26 9 16 34 87 14 0 19 0 0 52 78 60 21 103 0 68 36 0 32 15 60 36 53 0 49 82 0 32 42 85 48 54 55 36 16 52 2 81 28 62 98 60 9 12 24 10 12 21 19 6 0 7 90 0 10 21 84 43 49 20 0 0 68 39 29 69 32 18 91 102 21 103 29 3 71 110 45 37 12 18 72 21 20 67 0 0 42 171 79 50 178 21 6 0 9 0 58 27 134 0 81 157 47 38 0 0 10 8 56 64 0 67 9 14 62 128 36 30 27 27 39 18 95 0 35 0 53 0 135 54 27 36 19 7 16 0 42 18 15 12 88 35 15 27 45 125 14 54 29 228 45 0 86 5 69 51 21 147 
61 0 50 28 76 128 22 59 36 125 102 104 26 80 60 129 76 240 18 64 49 168 0 82 272 52 48 9 0 116 117 56 96 56 103 0 16 49 72 149 135 132 97 54 92 48 100 103 129 47 24 209 40 80 106 52 62 30 28 152 61 54 184 35 0 56 137 46 63 7 58 54 11 100 30 129 126 20 139 93 140 17 4 76 36 57 116 197 115 79 56 5 60 42 255 21 40 121 7 0 104 72 101 131 131 12 43 56 57 58 14 18 132 21 0 12 70 13 81 16 155 66 21 40 122 72 73 111 49 63 48 0 112 29 4 51 24 77 42 64 34 0 165 69 7 87 16 95 216 107 100 123 66 60 56 72 174 54 92 62 106 81 89 142 94 149 16 111 0 125 0 0 68 82 46 39 43 74 56 51 85 8 91 69 71 206 4 47 12 0 113 83 22 14 50 78 90 67 100 51 24 24 163 63 27 117 86 54 146 58 63 85 182 55 173 67 123 81 99 42 61 16 0 46 128 40 45 41 128 75 21 55 124 87 45 8 57 94 83 29 16 36 112 226 188 152 81 0 124 52 153 46 49 55 21 43 
12 170 49 182 80 164 42 95 81 44 93 155 197 83 174 27 92 106 55 21 94 179 146 143 193 116 137 6 0 123 227 45 234 25 18 273 48 56 99 144 103 111 230 66 119 15 191 56 128 36 131 0 143 96 132 141 163 19 49 179 106 49 114 81 20 51 27 98 127 34 85 137 25 166 15 26 42 14 31 40 27 189 219 12 54 103 113 186 3 78 88 9 253 85 76 150 99 162 59 161 12 103 20 286 62 81 93 91 129 50 41 130 159 29 5 91 92 45 73 74 142 60 99 87 19 80 257 33 132 32 81 81 99 115 179 76 81 227 159 62 42 9 79 22 83 191 37 63 6 52 82 67 61 40 60 91 9 9 87 28 49 10 20 90 124 255 81 27 52 110 112 18 78 7 51 65 203 9 172 63 169 61 45 153 54 35 52 37 57 95 23 31 102 81 100 166 290 171 126 132 179 60 27 156 133 14 17 182 158 244 161 57 69 111 87 107 40 26 92 45 86 179 37 56 117 63 56 18 115 0 45 170 113 67 152 30 57 5 88 14 96 36 69 121 36 72 78 216 39 211 16 129 140 0 54 194 
37 16 154 139 107 117 43 64 57 29 58 48 102 102 149 73 119 225 127 225 152 68 88 87 185 0 9 138 27 68 19 0 80 32 42 3 56 29 22 24 75 86 141 168 3 68 6 63 87 132 80 104 115 45 42 115 121 60 24 148 9 27 200 157 0 167 78 88 29 91 46 70 79 129 6 60 84 86 49 111 49 68 144 53 64 5 89 112 43 79 54 6 63 166 162 62 0 82 78 0 53 14 4 63 0 86 24 76 117 19 16 12 135 98 2 58 23 40 189 20 163 90 4 87 330 23 108 55 34 79 20 59 130 33 5 90 35 49 244 84 17 40 45 15 4 112 84 50 64 138 70 6 93 71 129 119 117 30 48 114 135 140 34 159 3 96 20 72 65 163 33 7 111 18 124 134 80 3 87 124 108 63 123 35 42 140 0 74 147 25 27 68 64 52 37 124 165 112 63 118 3 83 170 36 63 106 207 0 106 34 0 135 74 126 108 107 102 89 35 129 51 21 131 69 116 136 25 73 39 40 56 122 57 58 49 64 178 72 42 92 85 93 111 149 106 79 204 52 70 261 151 62 96 42 75 229 
0 124 95 70 209 87 89 121 44 55 72 119 124 94 0 18 102 85 16 82 70 35 39 96 154 55 25 258 48 103 64 14 47 35 48 134 0 72 40 59 0 228 162 50 0 62 0 138 89 25 0 150 178 38 31 94 60 7 175 40 29 0 51 121 21 8 32 117 63 60 0 17 75 166 15 193 29 134 45 13 96 73 60 205 0 36 189 38 109 39 8 8 125 101 124 105 72 13 94 4 50 76 12 47 21 150 14 109 100 71 40 113 52 63 0 62 56 22 36 79 16 42 32 56 209 94 112 63 33 113 126 139 133 60 65 2 66 71 145 18 0 5 79 65 99 212 40 6 41 63 72 10 13 8 20 134 86 89 145 7 58 74 51 83 3 49 64 64 50 62 72 94 9 118 197 45 6 6 104 96 98 20 60 159 42 162 77 62 27 0 78 64 8 100 99 4 173 172 64 2 105 158 68 77 12 63 86 16 124 123 28 114 110 35 72 72 64 46 48 10 53 168 86 71 66 4 61 60 46 75 98 62 120 103 72 0 113 48 67 41 248 82 87 223 117 51 246 45 208 121 84 14 86 37 55 57 
33 54 66 46 15 96 72 30 9 16 8 50 62 104 24 16 69 19 1 47 10 103 72 39 20 51 22 0 10 26 41 28 76 50 0 46 52 72 17 4 21 25 99 48 27 0 9 14 51 78 7 0 75 6 27 214 70 8 9 98 22 18 81 84 42 11 74 57 68 15 8 2 11 6 27 70 0 96 19 28 28 9 104 28 65 2 101 48 56 54 8 24 16 76 3 32 21 67 126 48 39 4 63 23 9 78 20 22 99 31 3 0 42 5 51 71 68 50 30 32 112 2 14 26 119 115 6 0 27 12 18 15 40 38 3 56 30 0 26 59 7 1 60 1 63 48 64 17 0 43 103 0 60 0 0 83 58 21 99 118 0 34 51 55 36 67 18 72 0 36 55 6 121 63 0 7 0 9 27 126 40 20 81 56 32 39 47 2 19 16 3 144 43 38 20 46 136 50 29 8 33 49 0 42 48 0 32 14 98 37 95 0 15 52 8 13 16 28 80 5 9 25 0 24 55 21 54 46 32 23 16 124 30 18 12 6 48 20 62 33 80 38 8 9 66 77 6 37 13 103 0 0 127 3 0 47 
12 18 76 83 18 18 32 0 34 42 92 95 26 47 137 54 103 145 32 144 0 132 103 99 0 0 77 45 81 28 152 0 240 14 0 164 84 55 30 140 105 67 148 131 64 97 81 22 54 0 0 118 87 12 35 61 39 72 216 196 130 20 38 50 24 42 144 97 92 0 55 16 26 71 50 201 53 156 34 0 15 156 157 127 42 70 50 103 113 74 41 76 187 173 28 14 8 52 40 17 55 189 16 24 7 56 114 155 106 113 10 94 141 25 78 77 56 0 128 183 40 9 18 88 108 0 147 52 39 59 199 8 97 45 12 18 30 48 92 51 9 18 61 0 90 16 86 41 152 83 70 56 96 19 79 13 12 67 55 154 118 42 22 13 80 145 32 37 33 81 32 28 85 0 38 18 61 72 64 107 60 56 0 193 11 176 134 44 26 87 33 75 46 79 79 108 70 161 0 73 47 122 33 181 21 0 91 64 24 98 63 24 27 17 63 113 20 18 58 24 92 30 57 3 136 115 189 0 147 10 56 35 78 23 78 66 117 99 63 7 78 115 84 72 273 12 12 153 54 84 8 46 74 103 20 28 
8 19 0 163 13 79 52 5 52 74 87 0 9 17 125 40 0 123 9 66 12 193 9 36 89 83 65 18 0 0 59 103 126 73 42 9 40 33 85 53 24 83 73 135 86 72 69 37 50 56 63 181 29 69 12 0 9 55 74 44 0 27 66 61 0 134 33 0 0 60 30 0 0 181 9 36 78 54 90 54 0 153 126 151 16 67 79 80 64 136 40 82 72 0 36 42 0 36 141 0 0 69 45 0 10 150 5 0 33 3 62 79 12 45 0 25 45 0 7 88 20 3 53 4 81 27 102 149 144 6 145 48 26 36 0 100 0 52 110 99 0 0 56 7 0 35 0 75 106 35 36 0 127 21 98 28 41 71 6 130 63 50 30 34 32 8 15 119 0 18 28 70 96 3 246 70 70 16 70 9 0 0 19 96 26 111 94 12 72 14 97 86 0 106 69 42 82 59 0 104 0 24 88 18 43 6 24 64 95 74 0 27 33 84 0 144 55 0 16 20 0 14 56 58 128 0 75 28 134 0 0 17 12 124 0 21 6 16 0 48 32 117 15 0 62 24 54 183 6 25 0 12 35 96 0 84 
54 144 16 114 19 183 12 148 0 18 110 145 106 0 58 126 44 74 0 92 147 84 35 0 58 37 142 120 3 86 121 63 46 18 43 97 45 86 62 18 55 64 207 92 0 5 107 18 19 65 57 122 57 69 56 24 133 75 40 106 186 3 0 86 79 78 45 42 44 29 150 51 21 0 108 41 80 18 149 107 18 149 171 3 64 98 19 57 60 93 114 35 25 18 148 117 25 75 67 99 18 84 12 125 9 0 81 118 214 106 4 0 13 70 101 12 13 32 51 241 188 107 0 66 86 17 123 59 54 24 71 29 139 136 42 36 60 85 0 132 4 40 11 54 4 85 17 18 81 61 165 0 63 0 71 99 35 54 44 130 2 66 59 191 40 40 0 69 0 36 91 29 45 84 15 68 102 106 2 107 102 12 6 98 4 39 48 65 76 0 48 70 28 70 68 37 60 104 85 38 48 65 40 0 80 18 80 102 35 12 26 49 85 45 104 15 44 45 32 28 35 41 17 0 28 43 169 53 46 16 59 81 6 75 109 0 93 48 87 0 13 0 72 151 84 32 102 20 133 69 44 105 110 0 14 108 
0 115 94 25 6 0 56 10 58 48 49 0 68 79 8 0 30 48 67 16 69 36 0 0 74 16 63 32 0 46 67 45 0 10 46 12 54 10 101 24 126 38 0 80 12 47 40 0 40 56 116 0 45 64 70 15 136 42 96 55 0 16 48 45 0 15 77 125 44 48 34 111 114 46 22 0 6 117 0 75 42 0 76 40 41 0 8 12 21 136 6 68 30 40 103 0 20 80 75 6 92 18 28 24 97 64 0 56 74 12 37 42 75 54 0 104 16 6 70 79 59 0 56 12 56 0 74 0 72 46 0 48 48 2 40 75 62 0 50 15 0 0 72 15 0 18 66 4 124 0 36 0 55 6 0 12 40 87 0 18 0 54 12 42 15 122 38 21 58 48 36 0 202 16 0 55 62 71 64 49 0 60 84 0 87 10 18 9 64 45 67 12 6 36 64 15 78 41 25 51 26 0 54 14 72 76 5 83 0 90 58 0 113 64 32 0 6 70 27 105 0 18 47 24 41 32 0 28 0 0 49 0 54 88 30 0 35 0 76 117 0 104 8 32 108 21 6 74 36 40 45 66 54 22 84 125 
62 50 0 25 56 29 75 144 122 95 3 7 93 67 62 5 7 62 35 79 78 102 61 75 73 82 20 48 25 0 0 14 6 0 31 52 0 109 162 52 106 66 91 60 0 9 9 22 99 23 131 24 118 60 68 82 6 45 21 62 32 54 20 75 91 38 63 135 42 36 134 91 74 111 165 25 162 0 0 180 84 35 21 0 3 64 101 94 75 0 5 92 87 0 71 30 90 47 63 21 8 116 0 61 32 67 10 50 9 0 52 89 0 44 36 30 63 64 43 153 234 88 9 45 77 22 100 59 49 6 24 72 12 184 83 39 55 8 36 54 8 16 183 72 85 0 0 60 171 33 98 72 150 35 0 64 33 60 45 65 27 71 116 24 60 20 60 70 89 130 72 127 23 87 34 58 68 42 20 64 18 57 111 54 70 101 92 34 72 0 98 125 0 31 5 49 49 2 0 20 110 97 6 20 60 43 47 103 38 30 89 0 103 27 99 30 45 81 46 36 55 131 0 20 127 88 26 47 21 35 83 105 80 138 83 28 21 146 0 133 119 112 123 23 76 56 23 53 208 223 18 51 182 0 28 35 
166 69 126 70 82 66 20 26 141 52 62 129 50 117 70 42 0 180 62 172 127 261 0 49 0 26 130 87 70 28 58 6 117 137 36 72 130 52 48 131 162 20 188 92 83 4 0 64 158 64 73 85 189 36 109 36 92 43 166 180 47 119 127 134 96 56 65 63 0 36 103 21 28 107 17 115 45 132 32 0 23 112 66 35 24 25 143 105 121 161 116 115 79 25 107 63 74 0 0 179 68 152 102 116 56 100 106 118 114 64 20 68 56 32 0 62 99 72 0 96 8 44 28 117 89 139 118 131 189 72 108 147 135 63 0 35 0 16 74 18 0 56 75 0 114 169 0 78 109 18 95 35 36 60 80 64 3 110 55 0 82 108 203 64 8 118 88 150 114 88 32 14 66 49 108 117 127 0 118 0 16 62 97 135 115 60 45 55 69 120 0 51 7 36 64 46 82 95 0 6 56 108 200 55 45 87 92 25 121 65 0 42 54 85 0 336 124 72 88 0 0 8 68 32 195 92 21 22 17 54 28 44 150 75 36 127 128 125 0 63 235 126 105 143 56 108 123 74 0 331 43 186 84 194 20 73 
124 84 40 97 54 0 92 123 54 40 63 24 46 115 15 162 96 126 132 52 168 122 0 56 7 122 139 48 68 0 78 76 12 24 120 131 104 37 102 57 81 154 76 100 88 28 38 143 9 99 22 233 110 10 8 0 249 24 0 0 109 10 165 51 44 83 77 57 72 8 40 29 24 48 42 15 128 52 60 16 175 117 107 21 170 0 122 232 77 138 24 60 117 68 136 24 27 108 8 105 106 72 91 60 18 8 75 119 140 66 20 0 113 0 88 23 42 0 216 81 63 117 3 24 69 0 3 114 122 68 34 6 138 144 42 0 8 60 205 24 4 0 3 12 38 40 7 111 182 36 40 62 15 36 81 0 6 12 48 116 100 0 50 74 66 82 0 96 64 126 113 84 50 48 50 0 0 12 8 0 47 40 50 16 54 162 110 194 56 69 9 56 36 96 67 71 130 77 28 24 26 94 112 12 84 64 147 112 94 93 0 30 0 75 59 123 11 153 18 20 35 18 9 28 30 6 72 75 18 24 52 34 0 200 35 135 116 68 125 69 0 33 40 0 24 139 217 57 39 61 123 168 56 79 99 108 
171 75 106 184 61 51 22 93 82 155 79 152 23 74 114 83 109 65 88 103 91 154 43 8 32 0 13 129 53 16 102 88 171 33 129 80 18 90 81 90 50 40 218 45 81 54 53 1 72 83 200 10 59 78 187 30 34 177 129 136 175 50 131 62 69 54 89 0 22 24 106 70 7 70 88 118 8 65 35 59 37 120 211 0 51 34 79 60 77 79 39 34 67 68 69 0 76 46 78 51 27 18 44 208 52 54 106 89 90 6 40 36 57 24 167 19 73 28 217 127 177 37 137 188 168 48 131 63 111 9 174 40 79 83 0 105 21 72 43 149 107 104 191 111 3 54 106 75 93 83 143 32 64 12 34 50 32 42 33 117 104 44 66 129 57 71 112 34 33 151 121 66 127 81 19 56 27 0 63 178 81 44 52 6 30 84 90 176 10 49 142 19 78 29 48 119 135 64 8 46 6 57 61 105 135 46 72 56 163 210 2 132 178 38 86 79 69 50 36 74 82 155 31 56 126 77 294 87 0 99 0 56 95 72 190 0 14 131 51 84 110 56 107 31 154 117 166 138 50 8 174 85 107 54 55 103 
22 49 15 93 41 70 52 62 15 4 73 44 43 29 21 29 70 64 0 20 62 52 28 73 58 32 83 54 48 60 90 18 85 3 6 21 15 12 75 15 16 13 3 18 33 0 42 0 43 43 12 74 104 81 0 83 50 24 11 72 69 21 88 21 28 21 70 37 83 94 29 35 48 164 74 71 8 9 0 8 36 6 134 26 88 34 54 70 35 35 18 39 52 7 0 61 30 137 4 40 57 64 45 78 82 20 0 44 81 75 43 17 75 6 24 16 12 33 125 0 42 38 54 2 77 25 37 120 14 0 0 0 97 60 112 28 1 75 54 51 15 76 69 17 24 45 6 9 15 56 77 33 20 39 22 72 25 0 32 36 88 34 104 24 163 110 14 33 57 67 38 8 71 38 42 84 80 81 51 28 26 73 0 37 6 100 29 71 135 72 0 0 44 9 44 91 89 49 42 21 8 5 18 25 63 8 52 2 2 71 42 33 43 111 121 14 62 111 12 48 56 0 2 64 32 51 80 32 77 0 56 78 111 104 29 3 26 59 42 40 39 59 20 5 85 80 27 152 23 173 17 51 56 19 1 76 
76 67 114 78 45 91 76 17 108 120 88 25 68 79 91 7 84 89 56 112 7 48 49 0 212 28 36 3 0 24 3 14 78 37 28 59 12 53 36 126 60 34 110 84 0 0 49 50 200 34 12 39 38 23 96 32 6 126 132 82 31 99 39 76 12 76 6 12 25 52 22 46 2 85 37 116 31 0 74 140 53 60 120 98 36 34 138 131 106 94 87 19 50 28 63 69 0 57 116 4 16 33 48 84 24 35 88 8 25 3 0 119 0 24 42 0 72 0 131 114 90 134 5 0 82 55 14 36 56 44 0 7 34 49 36 72 1 0 90 34 0 60 59 170 0 121 38 26 73 116 129 36 76 0 90 60 79 34 4 30 68 63 45 44 56 109 36 63 21 63 31 25 25 108 7 24 0 0 199 37 36 4 92 48 36 104 48 6 48 52 3 92 0 10 74 9 74 48 20 40 25 95 60 0 16 97 32 40 20 84 39 59 74 23 48 32 0 0 36 0 12 84 20 40 51 145 57 15 69 92 56 106 4 58 102 33 4 86 42 9 56 63 24 15 34 4 42 39 64 61 54 36 97 72 12 31 
14 54 37 166 36 207 0 102 0 16 50 172 15 0 30 42 12 88 13 26 24 62 25 40 146 59 8 53 136 0 168 16 119 18 28 172 0 26 35 32 18 38 80 122 44 0 64 0 14 6 7 73 0 99 66 69 117 98 81 64 85 45 11 44 0 117 6 3 127 18 24 3 99 12 20 75 0 88 100 0 64 2 107 48 0 0 104 77 56 8 57 30 75 68 110 83 100 99 12 0 7 18 47 36 62 80 48 56 50 64 12 48 80 139 0 22 57 60 42 26 65 0 0 79 92 96 127 32 24 22 23 66 106 40 84 31 12 0 63 73 7 26 123 0 15 90 0 14 50 0 0 28 85 92 16 18 6 165 28 146 147 22 36 167 0 77 10 49 36 27 161 26 84 2 92 99 81 36 0 42 200 3 70 68 28 29 12 65 50 29 0 46 1 21 136 14 43 45 24 0 70 54 21 7 32 8 49 10 48 17 97 12 34 54 0 132 34 75 24 39 76 75 12 79 18 64 32 8 1 45 32 77 60 54 10 0 117 16 28 99 28 179 18 85 63 30 95 54 22 7 23 0 0 8 0 83 
48 83 57 14 60 3 42 41 115 54 300 78 63 118 48 0 28 61 92 11 53 117 91 45 85 63 0 20 50 63 68 35 75 20 76 94 145 64 122 74 85 190 93 41 195 102 62 82 8 69 72 102 37 110 87 55 130 134 153 169 46 66 132 120 141 119 111 135 90 147 68 89 38 120 21 136 9 82 37 8 121 89 115 88 241 31 163 38 105 62 57 44 9 5 59 71 0 48 81 7 19 129 16 106 4 77 8 125 142 56 86 131 82 35 101 154 55 45 148 184 32 86 8 39 127 76 69 34 21 24 80 97 57 141 235 72 0 56 77 0 60 27 88 109 167 78 178 16 51 161 88 8 78 95 42 126 113 33 113 41 93 109 122 93 143 0 3 0 34 89 135 64 104 69 38 180 71 88 40 115 89 0 106 73 91 142 82 37 229 114 0 76 43 125 31 44 98 55 109 32 120 52 77 69 26 114 137 81 155 32 64 78 56 35 134 0 159 148 0 226 142 236 21 113 40 51 117 10 60 30 4 10 121 21 102 90 136 79 46 81 0 18 11 76 279 1 143 51 72 166 74 55 16 8 142 163 
42 44 82 128 88 123 16 65 120 150 118 191 73 0 0 0 89 72 120 24 26 114 166 104 91 30 128 152 37 87 135 45 90 15 32 105 0 76 72 114 48 49 107 182 74 125 75 16 68 30 69 54 50 24 77 98 16 120 301 0 9 118 50 74 53 112 90 76 0 27 45 56 15 99 11 39 23 63 123 104 44 113 149 80 42 60 135 72 111 36 0 10 9 72 59 27 15 70 128 86 6 85 52 192 44 75 63 86 27 57 0 16 90 57 0 0 88 6 42 72 36 3 38 55 56 140 39 15 124 132 49 112 33 127 23 24 77 120 106 111 6 0 67 20 98 0 104 93 48 56 101 14 90 86 40 25 9 89 10 164 192 17 45 23 12 63 101 30 49 77 25 29 122 35 71 80 105 0 163 208 68 109 94 117 137 122 102 57 69 5 72 4 7 74 3 98 15 66 0 167 133 44 32 95 32 27 56 81 25 20 120 67 74 57 48 123 94 104 25 0 38 77 77 18 115 114 97 15 96 48 42 18 76 103 132 0 56 102 33 30 27 165 100 49 57 18 0 58 47 62 6 27 54 204 41 89 
36 47 104 0 25 40 63 35 16 28 7 30 77 75 78 62 58 26 54 34 66 122 10 16 114 36 12 48 42 45 126 11 75 41 127 145 12 162 6 98 0 66 36 88 48 54 8 19 92 81 68 29 144 5 12 120 96 54 114 30 34 88 171 0 43 85 52 36 161 6 9 131 0 98 9 36 167 190 54 84 177 66 50 46 80 50 74 36 176 91 15 80 82 35 105 8 7 48 20 56 63 0 108 56 24 56 18 111 148 67 14 3 125 35 110 0 48 0 87 0 120 0 7 127 46 60 0 87 49 61 27 0 0 52 0 56 77 80 57 53 48 12 60 74 0 45 139 0 185 63 66 56 93 49 100 4 8 40 112 200 111 42 7 98 66 12 50 77 0 30 0 19 74 12 71 80 35 0 46 45 58 106 89 126 87 188 0 141 14 153 104 138 26 6 8 56 21 49 0 40 92 125 185 32 40 32 27 45 60 24 114 58 40 31 9 96 97 6 169 168 32 119 20 74 79 36 95 25 34 39 78 139 54 119 42 8 126 67 95 24 60 91 99 30 67 119 85 19 0 58 71 35 104 99 49 71 
8 130 36 36 7 138 30 111 18 0 126 24 99 12 0 81 38 65 56 50 52 128 56 36 52 33 28 0 54 10 139 39 24 7 23 95 72 0 110 83 47 72 158 83 80 7 3 10 28 66 0 68 81 27 52 108 132 69 164 52 81 6 57 25 79 61 54 134 0 0 16 68 155 92 75 104 32 153 42 89 134 41 72 78 60 48 0 119 64 21 9 0 53 96 44 54 41 82 26 108 12 79 36 65 0 120 184 42 121 60 9 21 66 45 0 65 59 96 71 133 144 13 70 90 80 20 54 27 20 63 53 0 30 102 176 112 0 50 21 47 64 14 90 16 0 54 20 58 148 117 122 4 40 87 97 81 0 10 15 52 14 119 36 41 69 102 18 35 10 95 135 0 143 149 7 2 54 0 36 56 101 152 0 20 91 164 122 26 62 8 126 14 26 47 96 39 43 40 24 71 12 9 14 0 3 0 9 20 71 142 35 0 175 28 81 66 34 16 0 126 61 62 9 0 155 14 68 80 36 49 68 186 71 72 61 101 38 107 119 54 83 107 56 90 16 63 93 71 10 211 65 40 173 124 32 134 
0 36 150 146 39 154 18 83 102 0 187 40 192 84 132 0 35 135 42 62 33 135 74 0 316 28 35 69 72 35 87 87 127 0 57 23 0 0 103 12 207 0 50 199 16 18 154 12 70 0 163 68 63 107 160 135 163 3 101 0 0 84 56 3 38 141 9 72 114 35 78 63 14 0 5 180 78 0 0 149 42 69 114 91 0 51 87 92 30 236 50 33 62 147 134 72 0 0 24 54 65 90 70 32 12 0 0 88 54 107 0 37 11 80 0 213 50 0 30 32 108 90 54 45 49 3 123 56 48 78 0 180 56 32 22 49 48 82 177 103 43 24 97 24 0 165 40 100 97 62 39 62 103 62 72 109 67 40 39 143 91 0 24 36 63 96 7 94 99 24 87 64 58 16 165 46 60 91 144 0 21 12 71 93 93 104 20 97 36 67 73 5 8 0 253 54 192 41 93 90 0 0 88 48 139 195 48 129 87 47 192 28 150 84 35 63 0 33 126 92 99 38 70 114 91 35 65 24 23 16 45 103 125 42 112 47 33 9 199 47 86 258 20 80 46 48 48 114 52 85 24 117 75 9 107 233 
23 36 30 91 6 110 47 144 28 90 54 63 4 60 46 0 63 101 0 183 165 99 34 40 156 0 87 0 48 46 92 10 79 57 19 150 112 90 114 24 138 85 198 90 185 108 32 63 132 55 219 118 20 24 75 24 64 102 149 79 40 63 13 56 97 46 5 108 0 5 45 50 168 0 92 129 24 98 43 0 159 55 85 14 14 17 17 111 127 170 24 91 37 48 65 179 24 8 55 63 105 0 94 22 90 56 72 78 44 6 19 81 60 74 22 130 0 56 50 27 122 110 59 122 0 77 39 42 7 229 99 77 103 73 105 48 10 8 93 63 72 34 0 138 65 52 44 16 20 49 16 11 0 64 28 106 0 27 4 61 110 154 63 49 27 18 12 36 2 0 72 45 38 9 146 8 198 0 67 16 162 16 48 175 185 53 72 32 39 88 35 0 45 68 170 53 36 102 49 0 84 78 186 44 82 16 6 36 0 71 0 12 6 96 0 36 69 83 75 104 18 60 8 15 56 28 74 40 86 120 72 38 145 109 53 56 39 110 72 93 9 210 96 116 26 17 54 107 58 208 73 56 128 103 61 48 
4 0 3 1 68 105 32 117 42 41 90 30 42 118 52 0 24 175 0 131 147 110 79 83 59 81 90 51 108 6 85 37 80 63 93 159 122 67 153 27 40 51 81 62 100 0 39 72 33 4 116 257 57 36 73 4 137 27 65 28 0 86 166 87 35 38 0 53 126 76 42 6 15 37 78 146 84 91 41 135 7 75 86 0 64 4 87 155 0 102 56 90 0 14 0 42 3 54 52 91 90 73 57 12 47 54 45 48 48 66 0 49 30 7 90 42 0 49 153 98 101 0 6 9 71 36 113 48 6 9 0 32 144 84 75 24 18 62 27 0 31 68 69 33 27 30 74 54 141 44 0 9 63 68 0 0 77 0 28 105 74 102 201 51 8 130 86 115 107 4 63 0 87 0 82 78 1 110 102 14 7 14 33 125 9 111 49 68 24 78 35 133 0 16 149 18 79 47 6 0 84 58 83 28 111 3 153 124 2 49 34 73 24 36 134 131 54 36 54 0 110 5 10 112 57 59 197 49 86 76 48 6 112 12 105 84 43 32 56 18 50 60 65 36 147 12 195 55 124 115 93 164 78 45 13 77 
44 71 96 50 47 143 78 153 85 8 6 96 91 148 86 63 72 143 2 39 0 141 44 0 112 133 6 54 58 63 169 120 54 15 67 100 68 9 167 45 95 129 28 49 32 27 62 159 165 12 117 75 9 66 78 92 215 60 91 186 62 16 129 0 33 157 53 99 88 24 47 81 180 178 75 76 1 170 19 0 143 96 84 137 47 24 70 80 167 88 65 24 53 50 72 86 0 131 0 35 90 68 10 39 75 141 8 136 123 121 72 86 17 58 51 57 39 12 69 55 27 12 123 31 77 123 7 47 35 44 91 257 85 52 100 0 11 60 79 24 4 15 104 7 171 102 31 81 92 87 16 48 63 3 18 73 0 18 93 56 36 37 49 74 48 84 17 18 74 93 57 43 116 0 138 58 24 0 100 15 156 76 151 7 98 32 26 78 22 44 130 176 47 59 110 23 79 6 36 8 71 100 18 30 150 30 108 102 119 93 128 27 49 94 0 5 38 104 52 36 89 78 0 171 93 21 141 43 36 25 24 76 32 57 51 6 59 19 68 86 29 207 88 63 40 39 190 126 85 57 18 42 53 0 73 170 
3 112 108 34 52 32 6 71 104 55 104 7 25 75 69 42 8 24 145 13 54 12 32 6 54 140 104 81 21 6 30 20 126 15 25 81 37 0 4 57 68 32 91 45 27 4 41 29 149 0 8 24 39 9 9 173 49 54 141 56 0 119 16 0 16 0 20 0 0 22 74 72 15 40 46 90 61 24 105 118 34 81 17 131 3 40 59 70 15 63 15 34 192 95 51 77 60 0 90 46 71 50 68 16 9 0 43 25 67 0 37 48 80 0 0 128 41 9 142 74 76 86 46 27 76 10 108 32 0 89 48 0 18 78 79 62 44 110 128 12 12 45 25 46 10 55 16 49 8 125 40 8 20 113 0 95 47 20 18 88 44 39 33 107 67 76 2 0 28 24 68 4 132 24 31 78 102 0 75 58 42 13 16 78 126 83 9 27 48 36 42 169 0 36 67 42 55 28 24 22 115 4 28 4 33 0 70 133 22 56 4 6 111 75 36 63 158 60 0 68 48 71 0 4 46 15 45 66 34 54 95 0 123 152 78 48 70 108 0 28 18 53 146 40 12 16 34 11 56 64 71 8 45 112 44 12 
0 20 51 99 3 134 0 36 31 0 12 80 51 34 168 32 219 90 14 100 12 0 167 70 38 82 97 85 84 22 98 21 81 0 16 12 20 63 21 27 6 64 27 49 33 130 22 15 101 109 99 0 24 42 8 30 63 35 96 6 32 18 163 112 0 56 35 78 26 26 33 63 36 76 40 94 72 0 0 120 69 27 71 124 44 35 86 24 46 141 82 16 56 112 52 16 20 0 0 0 4 6 139 0 0 0 0 62 72 122 80 28 123 92 0 12 0 0 130 49 18 0 0 0 4 4 23 46 0 50 21 24 0 0 100 122 28 8 50 80 9 0 14 12 63 38 40 4 8 25 91 42 95 51 36 4 91 21 36 63 65 35 36 33 4 179 35 38 10 98 24 6 0 85 46 120 4 0 14 70 0 96 4 69 113 19 78 58 32 81 57 52 0 16 20 81 171 9 0 36 36 0 89 28 61 16 128 0 68 65 10 126 86 158 9 72 60 32 20 36 48 28 94 30 71 104 72 6 59 20 110 126 117 48 68 107 58 36 92 4 0 42 24 48 98 134 114 69 45 182 42 62 0 151 21 28 
79 158 0 72 67 23 178 42 0 25 62 61 29 54 53 56 113 83 22 36 16 40 24 7 50 32 18 62 16 15 17 8 55 20 13 0 36 0 0 40 89 135 6 0 73 76 66 28 96 64 5 0 110 16 30 75 14 16 64 63 38 64 63 50 135 73 27 75 66 54 37 4 138 27 106 0 4 181 27 89 148 97 107 132 7 50 0 36 133 99 54 142 127 66 31 63 28 36 173 0 83 33 94 11 77 63 8 60 161 0 0 136 51 0 32 32 23 8 144 51 0 0 128 64 77 22 9 16 143 16 56 69 9 32 27 144 0 60 99 7 42 0 12 3 36 9 7 0 131 0 35 9 44 4 9 143 2 81 0 143 16 56 30 8 0 36 172 113 18 21 24 5 148 100 143 7 28 7 56 24 72 95 0 46 54 111 120 60 29 59 59 84 12 0 60 141 93 22 0 104 72 42 36 93 82 36 18 72 83 158 18 64 64 276 72 122 5 74 49 100 49 27 54 72 13 12 40 83 16 5 40 86 92 249 76 16 22 38 6 129 8 10 62 144 69 74 84 162 94 68 117 87 63 107 8 18 
6 61 80 18 45 24 8 23 36 0 39 24 81 142 79 87 68 105 61 49 16 97 5 74 58 75 0 50 78 0 25 137 96 72 12 20 62 22 86 9 120 46 197 91 32 32 81 47 75 24 32 44 171 153 44 42 146 26 168 72 0 61 81 94 56 153 48 60 31 105 78 25 20 122 15 70 38 128 14 76 0 39 140 30 26 27 36 8 32 7 42 34 134 113 62 76 8 0 72 135 0 16 34 0 65 9 71 185 111 0 79 117 23 0 0 40 5 0 5 102 40 0 108 153 27 19 98 91 135 0 136 54 76 27 1 0 54 128 6 6 105 21 8 10 74 148 22 68 94 0 0 46 163 15 45 39 49 6 45 34 25 6 8 81 45 95 79 35 0 6 96 10 53 0 48 40 178 27 72 21 6 18 44 78 113 10 18 27 18 5 48 2 122 29 22 44 56 0 0 6 63 63 62 135 73 44 88 10 93 104 23 118 30 47 45 18 31 0 0 32 0 10 77 4 36 0 46 43 76 0 133 11 14 33 25 16 122 42 43 19 43 0 94 87 0 15 112 100 49 42 16 108 153 56 46 6 
0 40 29 12 4 137 42 79 64 67 10 40 21 75 18 0 37 12 0 8 10 87 43 56 78 9 12 9 0 18 71 77 48 28 8 10 40 4 56 28 22 8 19 7 4 27 0 80 34 53 68 8 55 23 16 36 18 0 32 81 1 18 0 14 2 104 0 43 12 6 0 72 109 54 16 64 0 0 6 21 48 37 32 0 32 33 131 90 97 89 48 24 28 7 17 41 0 95 64 9 8 6 45 56 38 126 8 39 72 64 14 32 30 0 48 2 12 9 0 0 34 0 50 0 68 63 21 27 19 47 35 53 0 70 38 0 7 12 50 15 0 0 16 17 36 10 177 13 189 32 152 24 23 10 36 44 0 66 57 0 137 3 40 11 92 64 6 54 0 19 0 0 48 16 14 0 21 12 93 0 24 102 0 103 58 21 0 11 24 0 58 39 27 8 10 63 48 7 0 58 0 41 0 96 90 0 0 98 38 48 54 2 64 0 27 0 0 3 0 0 43 9 2 0 55 52 30 12 80 15 16 122 87 64 43 0 56 58 86 0 27 48 12 45 77 62 45 18 4 113 101 2 78 72 0 62 
23 68 126 79 39 48 34 50 45 47 7 86 163 8 63 89 43 21 113 84 103 140 16 105 26 80 210 194 64 2 133 79 124 105 134 154 48 176 59 75 24 76 91 129 88 71 20 75 77 31 51 177 36 82 27 90 94 147 101 25 108 136 113 136 154 113 99 173 91 0 147 74 0 77 14 63 42 82 57 32 30 56 140 18 70 99 42 83 52 118 0 43 153 58 35 104 16 87 123 73 10 171 12 85 76 86 52 55 112 76 17 0 83 0 86 113 69 5 19 146 73 64 65 54 141 24 157 18 181 53 70 0 106 110 56 46 136 76 153 38 6 7 149 90 32 58 118 24 88 45 109 100 17 18 145 91 45 49 151 25 103 12 109 162 173 9 56 58 24 8 95 57 45 0 75 93 160 20 38 7 48 40 42 6 40 159 21 46 89 66 7 14 70 102 46 109 70 0 100 20 68 255 62 6 13 98 95 15 129 46 27 24 51 110 28 65 87 0 74 91 72 132 48 39 74 68 146 77 0 0 10 153 72 244 0 65 95 38 52 147 88 72 113 64 72 0 165 100 82 213 32 42 262 75 103 13 
75 56 68 37 11 0 47 71 0 27 63 0 42 58 0 25 56 117 25 40 152 50 0 55 49 42 21 36 0 38 61 108 114 30 70 14 17 30 55 43 18 56 150 73 99 170 98 0 145 44 8 54 63 101 14 78 39 67 14 47 53 28 100 0 6 0 55 42 68 4 5 127 14 68 7 0 89 35 99 48 41 56 103 45 1 59 18 133 78 69 0 81 30 0 0 8 0 6 71 67 27 75 94 28 0 74 60 6 83 89 22 55 73 16 37 75 5 7 63 16 152 50 25 113 49 58 36 96 56 4 73 26 36 48 43 170 20 51 44 149 0 0 0 0 0 23 15 36 37 4 65 0 40 89 54 48 12 8 39 3 118 71 35 39 103 41 91 179 84 46 67 76 116 0 16 12 65 2 48 121 64 70 65 69 86 59 16 50 146 22 56 0 40 92 70 90 106 20 99 37 12 127 18 57 31 0 22 10 64 45 108 0 0 0 30 2 9 56 54 60 42 0 22 27 48 0 92 92 79 72 131 117 45 49 1 0 35 62 69 15 35 51 79 10 22 48 48 172 0 123 19 56 90 80 9 62 
0 81 0 16 60 8 36 30 36 12 104 66 0 94 36 0 19 109 0 145 127 91 173 58 233 50 57 69 86 40 21 32 3 80 53 63 60 97 163 7 177 145 138 84 7 12 29 84 29 9 153 214 174 36 40 64 90 44 80 71 84 108 18 116 148 179 62 185 137 34 111 27 0 83 87 111 29 9 59 18 0 83 48 43 0 28 52 65 7 129 90 63 51 24 79 72 21 77 65 0 148 36 103 11 59 63 67 91 106 31 65 45 30 48 24 91 45 48 165 73 39 8 28 0 102 78 36 64 51 108 0 98 36 51 27 120 40 104 113 24 5 19 35 0 18 24 12 58 35 115 102 60 0 49 18 231 82 72 82 114 3 86 83 33 154 15 20 71 29 40 33 0 165 83 138 13 51 0 120 64 72 25 28 79 111 129 42 95 114 21 45 79 18 11 192 148 158 0 65 56 21 28 56 25 241 54 136 161 49 9 41 30 112 243 89 54 62 0 30 8 60 88 18 80 21 0 8 67 65 20 0 71 145 116 83 44 69 46 154 16 68 131 43 171 133 116 127 73 73 127 166 57 221 0 81 152 
53 6 35 0 50 45 0 100 75 0 30 44 12 135 59 0 32 27 42 54 167 269 25 24 6 37 54 15 88 8 47 52 30 93 71 57 32 41 66 16 57 99 106 46 95 26 29 54 69 130 32 36 97 4 72 60 49 14 107 43 38 4 6 66 56 11 22 50 47 42 69 25 0 7 31 79 81 143 84 80 51 75 55 69 8 10 106 89 117 25 0 2 62 49 28 0 46 83 13 110 22 18 131 62 67 60 17 73 75 0 26 60 108 34 0 56 65 10 26 4 65 32 23 63 171 116 70 21 66 106 0 87 140 39 18 0 14 0 78 0 66 0 65 73 103 122 32 61 117 0 78 71 6 93 4 64 33 10 62 53 132 63 72 98 29 63 9 40 35 62 69 60 118 51 80 181 30 0 45 71 109 28 37 117 98 3 18 15 67 78 0 102 28 63 79 53 86 95 54 67 13 21 150 19 24 85 80 7 113 19 61 112 21 6 2 105 137 78 0 115 42 59 16 21 107 5 146 32 42 93 36 55 85 6 20 77 113 71 36 77 127 33 67 24 127 65 68 82 24 193 95 69 111 62 59 42 
99 48 2 3 60 14 53 27 84 42 12 13 118 49 50 24 113 41 24 28 135 67 111 47 20 18 45 15 76 25 71 7 0 28 80 66 36 29 114 9 56 12 97 79 158 40 41 90 28 41 43 33 111 0 13 86 136 40 98 28 137 26 127 7 50 45 3 0 111 45 78 56 66 117 48 30 155 160 4 28 0 56 72 0 32 42 36 111 72 73 1 6 130 57 95 95 13 17 46 0 22 48 21 7 50 9 23 62 99 126 72 22 83 30 16 14 158 18 0 20 45 0 18 32 94 30 15 66 28 86 38 0 12 62 92 161 71 0 162 0 0 18 176 3 0 47 8 103 76 64 40 36 0 66 2 60 57 41 27 40 29 0 27 31 115 0 36 90 85 123 57 6 94 0 94 54 14 27 16 42 111 14 3 16 42 99 54 10 81 15 45 0 47 53 36 113 210 18 45 0 22 40 144 18 93 24 107 49 85 21 3 0 56 109 16 54 66 27 24 16 42 26 24 10 30 32 31 102 136 0 93 56 24 115 4 96 144 63 21 0 139 8 8 8 87 101 42 99 41 167 0 63 126 149 0 0 
0 69 11 205 110 77 94 119 123 49 74 24 120 2 106 48 65 46 27 108 149 222 115 74 141 6 105 14 85 16 64 86 253 115 15 37 9 22 78 63 89 36 78 98 48 0 73 93 132 9 74 61 83 44 159 80 174 68 142 90 131 132 84 113 169 215 18 17 94 63 168 48 28 144 94 96 155 68 187 61 24 112 158 86 48 64 133 83 127 84 66 40 118 92 162 58 38 43 83 120 69 20 47 79 42 68 72 144 149 77 41 75 12 96 3 3 17 0 94 82 100 32 67 112 72 38 109 37 122 143 16 113 66 113 19 57 18 84 202 99 56 60 100 58 33 89 64 102 168 63 38 42 91 77 68 52 32 59 26 119 80 42 55 57 116 162 62 105 0 0 159 28 145 80 120 88 84 0 44 41 81 48 60 49 65 105 4 50 215 86 33 6 56 32 80 159 120 76 118 69 43 137 127 154 75 85 0 77 123 72 134 87 108 167 16 223 53 9 63 90 107 20 8 22 166 21 111 16 27 78 10 112 36 55 74 79 100 109 104 131 87 130 28 136 130 34 60 206 41 56 105 95 135 81 4 143 
24 24 81 57 37 118 47 58 0 124 69 65 142 58 20 49 58 46 157 58 114 64 20 129 138 42 108 42 79 213 194 115 22 56 79 99 16 66 30 247 134 144 133 41 137 167 18 8 64 4 93 101 54 93 20 12 46 153 116 35 60 4 130 64 48 107 68 18 112 0 12 76 35 119 84 66 0 153 12 0 94 72 88 71 42 47 130 53 80 128 30 49 98 109 129 142 54 81 54 38 47 32 34 39 65 153 24 12 79 35 25 49 137 66 75 61 64 14 78 60 167 70 41 108 98 34 36 72 82 53 44 0 102 99 82 40 97 12 21 72 20 28 33 72 12 114 111 51 138 45 42 114 24 110 109 44 63 120 40 88 178 53 9 120 85 153 60 54 94 54 18 0 116 29 135 18 90 63 48 35 131 123 112 44 30 212 70 2 85 8 70 12 68 82 60 86 15 102 80 111 16 143 138 83 67 95 96 40 28 89 63 87 104 16 63 52 100 63 100 24 61 36 105 24 53 83 45 45 147 53 196 70 38 139 32 28 93 85 22 20 18 181 87 55 195 0 0 111 0 39 135 177 56 115 78 45 
32 0 51 36 56 18 54 38 0 0 40 24 136 34 64 0 80 51 89 14 44 115 18 9 24 0 60 66 0 6 75 0 0 0 44 42 123 38 48 34 0 0 63 56 24 9 21 20 24 68 0 24 10 6 161 72 64 63 0 18 11 0 30 0 0 12 18 0 16 34 8 9 18 18 24 6 33 27 36 27 69 48 56 12 42 0 56 51 58 15 27 28 64 49 100 0 72 39 24 64 64 33 40 56 10 0 72 0 90 0 0 27 103 27 0 76 51 81 186 0 42 48 10 24 45 17 85 45 81 55 0 66 0 63 5 105 35 54 100 18 32 0 35 20 0 51 0 2 36 58 27 84 35 71 18 24 8 54 53 0 0 87 15 28 18 183 0 42 0 99 135 18 81 21 21 75 45 0 0 0 0 0 0 0 0 54 46 70 117 64 27 27 0 12 96 48 140 91 72 0 3 18 0 10 40 0 36 13 95 15 72 0 57 6 0 81 8 15 0 166 72 82 31 0 56 54 27 0 36 0 14 0 39 5 45 0 0 40 48 0 54 9 35 20 77 40 18 56 20 0 6 27 0 0 18 62 
10 34 80 77 42 181 36 46 20 89 119 0 120 42 144 74 0 54 30 16 132 137 16 24 72 14 103 26 54 64 213 42 43 82 3 146 49 30 107 78 30 60 96 18 79 66 27 5 14 20 59 73 12 4 14 93 30 41 267 45 50 79 111 100 60 100 32 51 42 62 37 56 170 162 64 124 5 221 104 97 57 82 199 50 10 64 157 83 91 32 48 60 87 65 0 35 27 9 151 91 33 64 116 96 38 124 74 120 131 48 32 24 8 103 87 4 46 31 47 40 104 78 74 40 44 126 112 66 4 137 48 130 75 55 11 64 12 101 96 59 24 68 19 8 16 10 60 151 58 50 103 0 0 42 46 61 67 98 31 40 109 77 56 41 58 111 35 37 75 69 157 13 67 158 90 9 15 0 152 193 176 58 21 39 148 182 101 0 39 71 98 60 56 113 112 68 37 16 52 22 13 111 62 24 83 60 55 99 89 82 85 144 257 54 124 128 8 36 30 23 72 70 42 16 157 49 32 59 153 84 6 129 24 166 83 0 51 166 6 57 27 185 32 58 113 54 146 55 18 178 62 85 82 90 0 82 
31 26 109 85 3 87 18 24 31 126 54 75 3 45 32 27 127 36 0 50 0 66 52 45 112 51 9 66 0 0 136 84 142 27 62 35 0 130 65 67 45 57 71 22 6 54 62 91 24 22 56 30 130 64 107 156 136 76 63 139 82 167 39 123 0 36 0 48 33 42 75 87 66 65 36 88 6 21 67 24 26 103 268 9 53 50 97 12 57 70 55 7 29 112 53 14 87 57 103 27 30 18 30 86 30 91 0 27 121 60 25 52 46 36 53 26 82 0 45 59 158 0 30 70 191 7 54 18 87 13 11 64 88 0 65 71 0 40 57 100 40 24 32 9 12 0 3 77 84 48 24 36 75 55 0 199 35 40 27 77 0 51 63 112 12 15 3 78 9 101 175 0 66 0 21 136 15 0 167 82 129 108 52 32 56 48 36 38 64 18 75 8 81 0 126 78 26 27 0 36 3 0 27 42 157 54 88 68 60 102 3 66 40 112 3 51 49 71 32 38 7 126 49 12 117 100 145 50 14 72 72 115 76 48 158 28 38 106 27 10 51 179 44 75 100 7 33 60 21 76 75 158 81 44 0 139 
58 93 74 174 0 112 66 112 72 60 0 63 37 112 154 63 90 60 14 68 196 217 83 66 72 92 229 28 2 58 135 25 0 40 26 113 16 86 166 100 88 97 124 48 49 62 30 65 19 70 16 119 104 35 0 21 130 91 66 89 48 0 63 143 78 174 75 51 99 6 44 108 93 160 0 18 0 0 56 47 66 107 159 66 191 133 24 58 56 92 57 10 219 58 29 40 56 112 63 93 79 103 72 32 122 118 72 9 142 79 76 128 54 74 0 75 39 59 53 66 101 83 135 18 62 83 126 20 30 167 30 72 118 72 88 106 12 108 100 81 74 0 22 42 108 28 81 40 100 54 173 40 137 190 36 28 90 69 35 40 117 89 81 227 85 95 64 196 79 68 54 14 54 54 79 97 108 85 125 34 80 36 25 81 163 117 108 33 132 67 15 84 2 186 98 0 44 78 107 119 36 90 83 81 27 24 154 194 33 44 69 64 0 96 6 45 79 129 147 100 87 59 0 48 69 68 28 40 85 64 128 45 98 60 130 60 65 141 28 72 89 81 42 81 65 9 100 226 113 268 29 214 200 93 67 112 
51 24 37 126 83 18 72 133 7 167 49 48 41 126 99 164 74 129 97 153 90 81 0 127 104 36 253 72 91 12 178 0 64 56 84 93 111 37 220 109 211 226 113 119 114 111 15 48 108 134 235 84 166 125 38 0 48 85 105 65 61 0 226 208 84 24 56 194 106 95 68 25 53 166 45 46 66 27 103 14 25 183 198 132 130 43 39 84 89 239 69 38 198 90 46 163 102 117 58 176 91 69 45 0 0 142 90 75 185 130 161 54 132 0 16 97 61 30 235 42 51 36 34 81 203 59 36 70 137 75 0 48 182 79 26 142 16 72 255 27 17 111 157 30 40 0 24 0 10 187 0 101 155 197 45 18 9 177 131 48 36 0 133 29 189 264 12 123 84 178 27 63 83 21 5 231 42 36 242 54 0 72 33 9 205 181 128 90 191 72 99 101 80 36 243 43 163 45 72 180 56 67 36 40 155 21 114 156 152 75 64 61 30 188 0 238 166 74 8 0 73 81 54 153 45 55 152 10 140 42 34 0 45 90 24 82 126 156 193 71 42 175 63 35 54 0 81 147 4 218 71 93 54 99 102 64 
43 35 24 85 6 122 5 0 72 8 57 60 9 106 0 30 66 9 66 32 240 45 16 69 0 61 137 45 35 0 36 0 74 20 14 117 63 94 61 8 0 85 38 23 42 0 24 33 147 0 0 91 9 0 0 78 7 68 0 21 63 52 62 72 8 28 4 119 126 0 41 60 2 81 71 78 40 56 7 85 60 15 88 0 36 0 40 89 0 32 0 15 8 4 40 14 0 54 64 0 0 72 27 0 0 44 0 0 16 55 1 32 63 35 135 59 15 0 24 99 154 42 0 12 70 32 44 44 27 16 38 0 52 124 31 0 15 29 95 61 57 14 12 0 0 12 0 36 56 0 160 35 74 5 0 64 12 32 79 34 81 0 100 0 174 164 0 10 0 6 3 8 44 0 36 0 24 2 133 28 5 8 66 102 0 16 38 0 137 0 16 137 0 58 32 94 48 0 53 0 30 90 20 2 36 7 112 45 0 45 40 72 0 96 58 6 12 5 56 0 26 40 21 0 18 144 36 12 152 0 1 108 144 60 32 4 139 10 0 26 0 8 30 0 39 0 90 55 56 132 67 28 73 28 0 0 
40 48 112 0 70 52 28 32 0 0 30 9 80 141 12 63 70 22 216 8 135 12 0 130 12 63 113 44 96 0 72 14 42 72 40 90 88 0 162 91 18 48 107 84 0 0 172 9 24 94 4 81 124 90 20 0 45 0 81 66 58 12 36 18 16 26 6 165 84 67 40 12 72 16 68 25 0 138 49 0 46 68 82 126 14 0 20 87 126 66 55 64 78 56 51 35 104 0 0 154 70 126 109 40 0 12 28 85 92 0 11 0 48 25 180 0 5 0 108 168 53 101 76 183 36 24 97 0 52 155 77 74 0 88 0 126 36 149 116 8 0 0 6 63 27 33 16 54 48 109 99 65 72 35 26 10 32 54 7 42 18 0 14 135 30 158 34 6 0 76 117 20 141 50 3 0 51 48 0 0 135 103 27 48 101 0 68 127 18 134 32 0 72 81 136 10 0 130 0 87 26 8 88 81 130 0 22 63 6 58 24 36 18 97 193 114 28 49 91 29 24 43 44 0 65 27 84 0 101 36 52 0 12 12 14 72 63 93 0 50 93 0 139 90 0 0 148 25 27 0 81 167 16 9 0 64 
37 65 24 43 15 59 70 0 6 3 120 81 42 54 78 21 93 173 0 42 33 68 36 41 273 91 24 0 11 0 81 67 191 64 119 31 0 100 141 73 0 103 37 166 39 21 133 74 90 15 27 94 136 100 169 91 155 64 137 89 74 111 69 36 11 21 63 47 32 24 48 102 79 163 35 274 105 53 84 62 73 61 162 86 0 87 91 52 141 127 164 184 90 96 93 135 72 144 114 68 42 87 94 43 36 96 116 139 192 110 8 66 46 3 0 28 67 24 54 47 52 7 3 96 145 145 136 84 48 25 97 56 117 52 115 58 0 68 39 55 99 42 121 100 67 53 145 0 55 152 91 79 20 121 42 71 135 129 181 31 137 42 111 56 101 32 76 207 33 74 116 98 79 31 88 103 52 0 78 81 145 30 89 176 24 49 86 50 103 0 43 81 0 89 106 34 127 22 66 9 22 81 73 21 77 62 85 120 85 46 42 45 62 99 28 70 85 90 31 43 59 130 48 48 0 73 85 35 68 101 105 119 103 69 182 9 146 74 75 22 97 27 20 63 136 139 64 147 125 104 49 99 125 124 18 30 
0 148 60 10 11 189 112 145 84 63 28 0 66 40 48 9 5 50 31 35 74 48 118 107 0 100 16 50 6 0 75 103 44 105 0 119 107 24 51 40 14 97 38 45 0 13 41 63 35 0 149 34 54 50 31 27 8 81 43 0 18 26 45 18 30 126 52 57 13 4 16 96 32 88 110 60 8 28 40 4 98 71 0 84 0 17 102 76 45 40 21 28 158 38 14 84 66 9 42 22 1 38 0 20 54 6 8 40 87 79 32 147 173 19 117 88 71 5 80 108 27 24 138 63 55 0 88 37 36 49 98 42 0 72 92 50 16 193 78 6 111 63 81 7 12 33 104 58 70 18 14 22 124 8 54 71 21 54 30 62 86 72 0 58 24 46 8 12 0 29 81 0 168 9 114 31 36 3 58 46 88 22 0 34 2 83 42 24 49 30 167 94 59 21 62 12 14 54 0 8 0 47 35 115 78 39 5 84 42 12 21 48 86 62 56 31 4 54 21 87 39 80 0 135 0 52 104 31 23 10 66 57 0 36 171 11 33 61 0 6 7 42 39 36 81 58 70 2 0 114 12 56 38 20 21 49 
125 0 104 78 108 36 18 43 74 144 18 85 7 69 86 30 72 54 0 126 73 238 66 30 37 55 179 144 0 0 54 69 37 0 0 176 75 58 24 58 153 8 193 74 59 0 47 59 116 44 96 128 64 102 45 50 56 14 45 50 6 6 28 153 56 39 20 73 0 11 5 16 41 152 3 75 12 156 0 12 0 25 48 27 106 105 138 31 15 156 0 142 174 0 63 45 72 28 63 0 0 34 38 50 0 64 78 230 106 48 0 148 18 15 46 133 6 0 119 64 21 0 10 182 89 54 234 56 84 43 186 89 197 72 101 0 15 75 115 15 3 0 0 10 57 170 24 6 135 35 21 51 17 72 46 28 45 89 27 49 120 54 154 65 0 138 57 41 51 85 33 59 28 0 64 26 85 16 128 86 8 0 94 64 51 197 12 139 22 95 0 18 16 119 174 15 123 67 75 0 57 149 72 105 38 77 0 32 77 18 17 18 0 31 9 74 0 0 101 10 56 20 68 20 105 42 19 0 9 0 56 53 113 29 39 4 32 16 32 62 161 36 40 91 86 0 281 53 93 97 0 99 42 0 36 75 
0 90 63 186 0 174 46 22 34 6 133 113 75 89 102 0 97 192 61 240 39 132 175 0 80 195 140 64 157 45 75 63 84 6 0 63 6 84 109 68 63 132 162 58 67 46 17 75 236 0 49 77 78 12 39 51 4 46 66 53 48 67 108 178 63 87 85 14 36 128 119 0 49 30 41 189 18 0 112 40 30 117 132 54 0 91 32 110 81 156 18 102 192 63 122 195 45 102 56 52 78 74 115 124 4 56 115 106 64 95 70 100 126 66 54 84 45 99 36 112 56 137 5 78 48 88 76 52 66 47 191 30 73 199 90 120 0 12 67 130 9 91 191 127 6 0 22 16 58 21 93 43 44 127 36 86 63 18 86 64 56 204 215 54 0 102 34 92 28 123 45 24 64 108 118 22 57 18 101 0 129 26 0 199 73 50 83 14 73 74 67 75 9 64 9 50 105 0 14 55 0 55 62 46 48 48 76 40 27 68 0 33 72 164 72 124 223 142 93 0 129 110 26 138 152 191 168 60 63 124 170 44 226 168 204 16 116 124 112 63 6 124 75 83 99 113 122 183 96 224 52 35 45 213 72 7 
44 111 39 123 38 154 61 9 15 106 0 82 47 108 15 45 22 14 40 44 69 61 20 136 158 52 90 137 0 60 46 24 89 21 16 9 59 75 18 13 0 10 116 88 41 36 82 10 237 99 13 42 22 126 4 95 13 97 96 133 2 144 100 0 49 111 15 43 94 41 96 38 0 76 29 80 44 134 26 55 47 6 12 28 157 21 61 30 16 20 6 0 110 21 7 4 21 58 112 88 48 121 33 6 4 104 103 84 99 74 31 7 17 63 62 59 15 36 0 68 83 8 64 72 118 34 5 2 64 128 77 15 79 112 105 5 85 133 116 99 5 0 17 72 2 90 22 21 74 9 115 6 196 49 8 86 21 31 9 200 8 4 54 87 0 101 40 113 28 59 97 4 107 58 88 49 11 99 15 55 12 16 134 69 2 77 130 25 79 12 7 109 172 34 71 1 75 206 56 0 0 2 50 166 111 26 8 2 46 59 4 0 12 97 72 79 20 57 100 2 0 37 22 4 72 70 81 0 69 102 50 123 45 175 47 68 156 40 0 67 46 75 82 14 216 128 21 62 24 126 0 58 136 84 9 119 
161 157 44 150 8 192 30 65 0 89 67 161 131 33 42 27 165 21 75 0 134 65 13 92 147 102 144 62 91 16 171 38 36 9 9 130 67 15 70 185 34 88 162 65 163 81 108 25 84 27 30 177 83 37 96 75 0 107 120 122 115 93 96 57 77 130 18 47 85 46 93 66 86 179 99 102 40 101 51 42 97 25 175 47 83 12 139 121 17 72 220 47 88 73 57 0 90 102 91 136 48 101 93 66 14 43 66 68 299 150 98 0 29 93 85 71 72 0 117 82 27 8 113 38 113 24 85 3 156 114 24 60 123 109 54 129 37 158 66 0 6 135 0 27 21 27 50 36 117 91 99 82 114 136 221 82 62 71 71 176 0 48 158 91 45 180 16 104 4 107 182 38 46 105 5 114 33 0 10 3 115 30 18 9 102 51 6 13 59 43 101 51 61 105 150 48 44 15 0 16 21 67 142 27 58 56 72 113 56 19 15 3 159 249 101 68 17 24 35 59 42 109 67 35 55 130 204 56 145 59 0 42 46 161 49 42 81 49 54 63 0 164 144 53 96 54 126 44 27 5 23 80 86 63 0 86 
38 40 135 48 51 27 51 110 75 0 36 0 17 35 78 92 7 9 49 0 69 133 8 49 72 45 128 144 49 26 48 32 110 0 24 95 0 4 40 128 36 80 58 10 25 24 36 36 56 20 48 20 245 0 84 53 113 178 10 93 12 14 48 0 23 32 42 67 33 67 7 93 93 161 83 154 117 75 45 15 89 93 21 89 56 19 78 99 131 85 0 8 63 12 72 0 64 46 78 0 10 80 59 0 56 175 63 156 219 31 78 81 101 11 108 56 18 0 203 81 108 56 78 112 0 81 11 106 73 8 188 15 142 108 66 62 7 75 54 61 42 30 151 45 0 45 0 23 157 61 21 54 12 114 0 45 62 112 7 66 87 88 49 47 105 71 8 42 0 15 0 39 146 90 38 24 70 6 12 72 104 63 78 32 91 194 76 95 93 30 145 116 0 105 8 49 95 18 21 56 35 2 63 97 34 75 45 46 47 51 49 120 276 0 6 96 25 129 18 0 7 23 24 48 118 0 169 167 75 92 75 129 95 148 71 0 167 78 16 21 86 14 30 59 272 94 84 35 4 224 139 91 16 131 0 80 
86 129 42 109 26 165 108 36 105 96 0 86 63 94 66 81 46 95 14 15 93 130 110 72 88 177 62 0 0 0 32 80 63 109 79 115 64 0 40 133 72 61 83 46 16 35 101 118 48 78 36 141 151 70 54 27 123 20 93 42 91 54 77 35 35 0 125 71 0 30 0 75 40 127 3 91 150 70 0 40 0 72 0 0 0 0 81 128 22 137 66 0 36 9 66 73 8 53 52 65 91 54 30 36 12 4 68 42 110 0 28 0 71 3 0 12 87 16 177 0 87 0 33 72 170 51 18 35 30 35 10 0 88 121 41 14 42 124 38 44 7 98 125 77 0 78 89 0 1 48 140 9 31 40 48 33 26 40 20 158 118 30 0 8 63 42 28 30 77 30 5 77 43 72 66 148 21 0 72 64 47 0 57 20 42 49 0 57 40 4 117 0 68 48 20 44 85 84 47 56 63 54 42 173 36 18 159 149 194 0 0 65 82 67 0 51 28 18 7 0 52 47 20 32 46 36 238 45 68 84 0 115 61 60 139 23 50 99 51 4 85 30 77 0 70 42 14 77 88 122 44 0 94 160 1 69 
64 95 126 12 62 36 48 40 0 19 27 18 57 111 14 63 108 4 174 68 72 48 0 62 56 85 91 96 64 48 16 50 22 8 47 17 48 12 134 149 52 104 89 0 19 86 58 24 34 68 93 125 30 38 62 40 0 11 0 79 15 62 70 47 72 76 20 73 127 82 0 87 90 22 61 118 38 96 0 0 28 30 36 24 0 29 62 66 186 63 36 69 97 3 51 52 115 37 44 40 31 6 0 109 8 92 68 72 36 7 0 0 20 63 88 42 5 62 55 37 6 97 74 48 108 158 82 16 99 54 69 40 150 49 115 45 49 32 36 0 36 8 12 24 24 23 60 56 48 88 38 38 0 36 4 36 36 81 0 16 68 96 0 64 19 44 90 113 39 44 80 29 159 107 6 32 86 49 19 0 3 91 71 4 81 94 76 146 7 18 0 33 10 34 16 17 76 48 27 96 26 7 61 32 58 44 0 84 51 50 0 0 141 86 178 61 0 106 0 40 72 16 108 2 75 101 15 31 130 0 40 9 106 57 32 74 33 72 3 110 205 6 67 13 103 7 144 48 18 170 146 140 12 25 35 96 
0 27 0 119 84 6 0 70 169 0 1 81 49 18 10 0 14 2 123 99 22 0 9 108 24 0 85 0 24 0 0 0 108 0 53 12 0 16 26 3 36 0 21 6 54 0 69 36 4 18 42 48 0 45 97 0 42 18 63 4 8 20 6 78 90 11 83 24 28 32 20 32 42 40 0 0 15 21 101 100 20 54 54 0 36 0 0 30 49 48 14 8 25 0 56 0 0 0 0 9 0 0 37 49 14 18 16 6 0 3 22 0 8 4 6 0 29 9 99 6 3 12 50 108 9 63 24 8 0 95 19 0 0 63 11 0 120 63 41 18 24 4 85 62 51 27 29 12 28 50 20 2 24 48 12 28 7 6 66 86 84 12 3 6 0 21 9 66 0 24 23 2 32 0 6 21 56 0 6 18 0 78 93 0 28 0 10 86 21 18 10 6 105 14 15 0 28 10 0 64 12 45 34 132 27 6 2 18 74 36 11 84 54 13 52 2 0 12 12 8 28 64 24 14 2 86 87 0 30 0 12 12 10 32 16 16 15 104 54 87 70 0 45 0 45 6 56 0 25 55 66 10 4 18 0 0 
70 70 144 6 40 54 94 40 0 50 55 94 46 48 0 48 53 0 42 0 18 0 63 16 0 41 85 58 37 7 118 17 21 8 12 56 88 42 71 57 16 42 39 145 28 16 81 0 110 34 16 60 78 49 0 122 54 83 70 144 53 17 99 113 24 53 45 48 112 48 16 66 0 0 40 71 87 92 21 12 94 46 77 14 95 96 7 63 100 20 0 5 19 96 127 21 26 56 181 0 4 102 26 24 33 32 0 56 80 1 0 32 9 16 49 131 18 15 93 10 30 3 7 0 5 12 22 4 108 0 156 79 29 72 30 0 9 42 73 49 0 0 50 22 6 47 24 21 30 39 0 0 124 25 71 0 0 34 0 110 59 26 7 100 41 80 53 11 72 114 0 55 101 30 66 31 77 120 32 36 0 22 68 44 68 144 27 66 68 97 49 61 70 46 49 0 56 15 0 0 82 32 33 102 31 40 27 0 18 29 66 8 61 46 21 54 15 41 98 46 0 7 2 2 87 0 17 60 86 63 0 83 27 87 42 12 106 11 6 77 30 8 63 49 36 0 0 6 143 0 69 93 90 8 0 48 
104 31 216 51 64 133 100 115 55 121 99 74 91 100 82 0 110 0 142 64 105 124 24 72 32 9 255 130 48 84 46 124 67 25 25 228 62 110 82 148 8 54 93 180 59 22 120 64 94 54 88 53 36 162 24 24 45 193 143 92 21 85 42 122 54 117 16 45 98 66 111 45 60 123 62 110 128 190 89 107 102 63 92 89 151 92 166 64 195 85 14 92 131 25 155 0 36 94 70 55 68 105 55 0 77 40 19 45 43 53 97 74 32 38 20 10 60 0 45 42 66 35 122 129 98 2 66 46 9 50 138 78 146 158 4 69 107 157 20 78 2 24 73 21 59 159 49 97 113 39 9 75 108 6 63 30 28 65 0 78 32 77 60 79 27 103 18 50 67 18 99 4 71 44 108 82 24 197 142 27 50 18 45 52 31 123 61 53 87 79 114 51 109 134 80 9 88 172 20 44 92 73 154 158 127 18 3 54 86 105 0 31 171 36 174 34 29 47 56 97 72 16 58 8 177 0 107 81 88 47 70 64 114 129 64 49 44 16 76 40 14 128 289 186 102 53 34 87 139 21 108 79 60 108 0 49 
91 53 68 85 24 138 22 48 0 0 48 58 32 38 12 56 124 69 25 24 88 0 18 120 36 17 82 176 44 37 197 0 24 83 35 45 118 74 88 81 39 48 70 123 30 81 70 39 115 50 24 141 157 91 25 170 117 111 170 203 46 131 155 63 0 175 45 74 0 96 79 31 89 108 51 81 25 134 11 0 77 31 104 79 99 50 12 87 54 24 18 10 76 126 0 86 99 227 97 98 56 128 30 65 26 52 115 54 189 141 16 40 99 39 18 152 30 42 134 64 110 16 57 95 132 30 76 66 105 92 93 81 64 32 146 87 28 108 78 24 45 73 43 43 10 26 53 52 16 88 104 0 86 144 107 44 48 45 36 64 0 16 33 47 99 186 24 70 45 149 177 14 90 26 82 109 42 0 94 116 38 123 56 45 61 225 129 93 96 36 0 20 84 64 65 20 53 43 32 42 2 58 51 126 44 28 19 12 112 48 32 52 92 226 72 75 66 82 20 54 61 34 0 137 50 92 91 5 129 25 0 93 37 90 3 95 29 4 72 80 64 68 69 4 79 121 57 96 65 167 47 14 217 32 0 12 
87 132 81 48 0 123 8 124 53 134 140 52 0 136 78 24 144 4 116 7 129 97 72 158 224 23 116 24 36 168 29 0 59 137 62 122 51 81 113 62 56 92 104 156 202 54 39 2 169 4 83 96 120 121 48 138 2 27 21 26 57 84 238 63 12 156 54 56 45 22 61 19 0 203 9 60 0 0 27 56 10 27 70 33 9 31 159 72 27 143 101 12 180 30 81 112 138 48 81 100 47 57 44 70 7 0 16 0 8 72 24 121 98 76 76 121 77 0 28 126 127 41 49 86 232 28 108 49 61 124 30 41 8 94 32 204 70 61 111 27 107 16 0 86 103 81 54 61 100 138 92 0 201 127 38 196 43 123 1 170 109 3 24 50 84 108 153 72 72 52 55 0 38 54 24 125 85 72 222 105 100 0 72 83 17 240 36 8 58 99 0 115 0 75 130 82 125 67 98 28 116 56 96 60 72 19 166 75 99 12 16 108 6 102 135 171 21 40 30 0 90 28 14 50 6 70 18 129 109 105 63 10 54 55 96 8 3 28 0 83 16 27 168 186 20 45 45 125 63 221 98 25 146 97 0 75 
3 28 32 84 30 70 8 22 0 4 80 8 12 36 7 48 16 36 34 72 116 101 20 26 141 33 44 6 24 0 48 36 149 10 14 20 32 12 8 51 37 20 20 100 0 8 30 28 45 0 32 60 8 25 48 14 0 91 14 106 59 55 35 25 52 119 22 0 5 84 20 8 30 50 0 47 81 20 81 4 24 4 20 32 77 66 47 0 144 12 51 48 0 88 0 6 4 32 52 0 0 0 28 0 22 50 80 71 106 12 42 42 45 40 0 75 0 0 0 0 42 38 24 0 73 0 45 0 8 2 97 4 107 42 20 100 2 16 100 86 24 31 26 4 0 39 119 9 87 91 36 0 56 76 14 10 64 29 29 105 18 92 36 62 26 28 41 0 7 36 36 37 60 0 88 95 25 16 30 100 45 5 0 36 42 88 12 31 122 16 0 24 16 23 6 17 37 65 0 4 32 35 54 36 32 49 0 18 30 38 0 6 22 38 26 116 27 45 8 65 12 0 22 59 85 0 27 30 46 0 86 18 22 18 87 56 12 96 12 68 20 94 8 2 24 29 50 14 5 39 48 48 26 81 0 115 
0 40 54 78 34 94 16 154 50 13 20 90 77 77 0 24 9 9 0 34 52 19 13 35 213 8 76 46 28 20 165 53 81 23 30 65 112 85 110 84 97 55 94 72 54 13 0 30 7 34 110 16 43 77 72 29 18 16 39 116 19 52 4 66 6 126 52 21 2 26 10 60 114 72 25 114 0 19 5 0 44 73 5 73 32 17 100 3 107 138 42 48 58 30 69 116 82 157 24 52 52 49 78 56 13 99 65 16 136 70 40 120 24 4 2 132 0 0 15 16 20 10 39 90 53 44 39 26 45 18 108 58 7 32 80 50 0 40 16 9 82 31 35 4 35 35 75 8 112 90 6 10 51 148 0 49 2 93 63 160 32 46 40 35 72 73 45 94 81 88 0 19 46 12 162 46 38 40 36 99 77 81 0 113 31 72 38 91 78 50 27 50 54 94 24 72 92 12 0 60 24 49 15 152 34 14 40 86 31 38 9 6 74 6 16 29 2 58 7 30 85 65 18 72 53 10 20 0 6 53 101 174 122 0 49 3 3 60 58 0 52 48 52 145 110 38 36 82 50 167 146 75 9 80 25 90 
4 16 0 35 28 165 32 65 30 66 150 29 81 94 78 30 5 38 56 72 89 105 48 0 16 0 30 52 7 59 94 12 22 16 6 36 17 15 91 125 14 50 119 0 42 198 90 0 0 139 4 98 121 98 0 35 98 63 229 16 14 64 209 6 49 24 35 0 49 42 60 91 0 42 15 0 48 27 13 57 0 62 84 2 93 26 105 77 38 7 94 37 154 42 0 0 0 105 140 33 55 92 48 39 10 151 120 48 70 40 133 60 53 23 70 48 50 21 57 92 49 0 2 35 85 24 110 24 110 8 47 68 104 10 30 145 25 64 4 82 24 25 35 56 56 43 77 52 62 35 61 42 48 5 111 18 33 0 116 70 17 24 72 28 35 83 14 49 114 128 8 136 54 27 9 70 69 139 60 30 36 48 42 91 52 40 63 0 66 35 96 64 34 103 100 61 93 85 49 114 12 50 22 109 8 54 70 0 76 132 48 59 66 14 56 31 110 98 59 111 0 42 83 40 157 35 84 0 81 16 84 184 30 46 48 28 69 0 64 28 2 98 0 73 189 69 137 93 47 182 1 90 94 0 35 53 
0 0 4 24 32 0 0 54 1 6 7 62 16 18 82 88 0 159 0 129 42 105 21 0 44 0 44 18 0 0 2 0 6 60 4 27 30 24 54 12 0 3 27 65 0 0 0 46 45 7 100 88 3 16 36 0 0 88 24 41 8 54 9 0 2 42 64 4 0 10 0 8 6 0 0 18 88 0 28 84 8 8 0 0 0 2 24 136 36 9 54 14 18 79 76 0 8 43 14 0 28 60 0 32 0 6 27 15 79 0 32 54 9 0 0 0 0 0 58 20 43 0 0 4 13 8 30 8 18 24 65 0 10 0 0 20 0 0 45 19 0 5 72 0 0 27 0 72 60 60 7 24 0 28 0 0 91 20 5 40 0 20 1 54 0 13 0 21 19 0 12 0 24 56 104 12 12 0 28 0 36 0 0 41 0 55 0 50 2 12 81 7 4 0 27 39 25 0 0 10 25 0 0 12 8 0 72 0 6 2 0 21 16 82 0 63 6 10 0 0 0 16 45 40 66 20 64 0 56 0 32 29 19 2 0 14 17 43 0 0 0 0 14 44 27 9 0 7 91 25 32 38 57 14 27 0 
136 12 5 61 38 60 140 36 108 98 133 21 21 140 96 90 93 33 66 0 23 110 71 17 99 119 150 12 97 24 54 31 40 45 72 112 90 9 116 26 180 23 38 54 54 24 50 69 35 29 54 50 63 16 83 34 132 36 103 249 23 102 217 40 87 16 35 87 18 45 83 39 77 19 72 115 0 121 36 90 27 64 82 36 69 32 91 57 81 27 23 20 57 45 16 16 56 92 40 21 48 50 123 20 86 198 37 64 114 56 107 16 49 21 76 32 23 36 128 42 50 13 60 40 80 48 91 2 57 6 0 40 57 8 71 190 94 87 49 85 54 40 24 54 3 91 15 33 114 126 16 4 24 0 0 119 16 35 4 49 40 4 189 5 165 156 46 137 48 93 33 4 57 7 77 55 12 35 74 52 24 97 133 15 42 83 54 14 13 0 17 122 63 16 22 143 124 27 87 35 59 87 10 98 59 48 120 74 177 163 24 72 137 64 126 45 86 40 13 25 70 3 0 34 36 55 91 105 12 0 24 79 131 0 18 5 85 101 16 86 155 24 109 68 111 109 95 62 63 218 121 57 30 136 0 50 
0 42 87 115 54 160 24 170 15 9 45 119 16 45 0 67 17 64 85 138 65 94 30 92 0 20 100 145 82 0 115 69 123 46 12 144 85 50 114 65 1 125 94 56 0 12 0 55 60 56 70 40 40 8 78 42 111 73 139 109 80 86 53 27 12 192 16 51 8 43 35 16 176 48 25 56 0 132 80 64 138 80 92 42 78 61 122 32 141 90 98 75 89 144 81 32 0 112 64 0 19 72 0 63 0 6 75 63 112 92 0 80 0 45 8 72 55 0 48 14 66 54 42 9 141 32 166 28 96 0 105 224 5 56 0 35 98 72 50 68 0 0 69 25 8 9 135 9 44 66 54 39 14 66 0 53 2 10 90 0 24 83 152 61 20 126 102 63 0 95 172 36 17 30 163 6 25 24 63 15 109 16 37 44 0 62 15 147 70 0 28 63 0 83 94 47 181 27 28 9 42 28 0 0 134 36 36 0 104 18 44 0 89 108 0 17 73 76 30 18 94 38 50 36 23 50 19 0 63 45 0 27 54 108 114 8 63 112 81 126 67 136 12 56 48 28 218 47 48 0 29 24 104 81 35 109 
3 12 0 85 18 75 66 155 49 113 32 82 18 24 0 0 18 143 79 48 0 14 16 113 64 173 164 0 0 29 214 138 153 42 47 42 45 3 114 22 164 40 14 29 79 0 60 78 31 32 131 46 4 90 0 32 64 19 61 89 81 114 71 67 37 54 32 8 9 73 36 0 0 106 48 5 6 88 0 32 96 10 105 48 0 69 63 28 15 82 76 92 71 22 40 161 60 54 85 20 24 8 54 16 97 42 110 0 6 12 69 0 183 0 32 3 33 64 42 0 23 76 18 16 8 58 52 56 44 26 77 0 158 30 16 59 30 9 0 0 84 0 130 159 0 88 159 9 73 69 0 54 0 18 42 6 116 74 0 28 24 64 120 117 80 128 0 34 64 87 7 22 64 0 0 30 219 56 42 0 16 0 0 108 74 22 14 25 8 64 0 27 8 21 42 35 53 84 177 61 86 40 31 56 24 45 7 0 114 48 60 0 27 0 0 77 3 73 117 0 40 20 42 0 99 32 68 5 59 0 35 113 78 153 21 16 39 8 4 0 2 64 107 93 5 29 51 37 128 3 107 13 47 27 56 17 
14 48 122 16 74 6 86 9 0 6 38 66 86 56 27 0 106 106 77 60 8 68 2 40 100 78 82 6 0 6 12 31 133 98 83 87 66 0 56 114 0 56 24 6 24 42 60 35 30 9 53 48 24 50 147 50 44 77 28 50 59 35 97 0 4 30 76 63 0 25 34 46 33 14 6 86 48 10 34 5 66 30 26 0 33 29 104 27 157 122 103 80 38 39 82 0 80 0 100 45 102 74 6 16 46 23 157 71 28 81 45 9 40 33 5 0 63 81 72 25 86 0 33 22 58 57 12 18 76 50 149 40 103 106 3 18 21 48 97 23 0 0 65 0 68 0 181 0 106 57 30 42 12 42 24 0 24 90 90 5 96 45 83 2 12 60 69 151 42 0 100 74 10 54 69 132 68 0 0 5 49 12 51 72 62 80 46 19 63 12 5 17 0 0 48 40 115 76 58 13 35 64 18 26 41 0 1 45 66 45 12 21 112 28 0 90 0 52 45 73 104 51 10 6 82 81 51 8 54 0 12 0 58 78 126 0 16 46 116 59 30 63 58 40 70 82 0 99 74 34 16 63 40 95 0 90 
0 48 0 34 66 37 125 16 102 36 52 64 6 43 64 36 56 52 42 0 18 106 153 2 112 106 80 88 56 0 102 0 119 0 20 34 0 82 112 60 112 73 112 45 26 104 22 67 213 24 0 24 40 0 48 115 3 113 163 204 91 169 72 0 12 102 16 48 0 40 20 79 27 0 64 114 53 63 0 0 27 16 128 130 126 72 151 16 40 4 4 64 32 65 82 36 64 55 109 0 24 24 77 0 2 56 78 88 0 0 12 80 134 21 16 15 12 20 160 0 18 60 2 91 32 29 137 12 12 4 0 18 84 73 25 133 35 92 104 18 0 21 75 96 108 51 44 12 60 188 0 0 16 38 113 108 63 51 51 88 109 0 72 55 80 54 32 24 84 18 27 44 43 0 4 23 28 20 169 128 27 0 52 136 68 108 66 54 101 125 72 108 28 87 73 55 39 58 76 8 0 86 87 133 6 20 4 37 45 0 0 7 40 63 20 9 32 39 64 44 0 46 12 16 71 16 90 10 24 87 0 55 80 11 80 8 90 84 12 63 54 48 72 0 52 120 18 62 4 8 6 150 61 86 32 131 
18 44 81 128 65 163 67 126 18 65 202 47 0 85 96 0 52 16 9 44 101 236 83 91 251 78 62 92 32 54 133 72 122 84 162 0 101 9 89 42 154 86 164 81 72 80 22 8 148 41 161 187 191 85 147 89 96 128 70 0 9 185 137 45 81 116 8 60 151 68 83 102 25 81 76 167 57 12 84 72 77 109 83 76 23 6 213 230 172 24 52 44 64 58 16 70 24 28 93 0 77 18 108 99 76 0 32 103 24 21 97 20 139 35 129 70 50 21 47 150 108 114 0 27 57 52 94 129 93 7 177 66 81 84 69 75 0 122 142 132 82 26 36 37 48 117 103 51 113 80 70 8 105 21 120 63 64 74 47 100 157 67 0 32 130 84 0 88 18 32 141 86 166 71 142 51 190 26 81 83 126 0 0 81 111 120 86 72 28 18 112 72 76 82 91 82 160 35 81 95 49 14 117 163 94 56 11 118 157 127 174 60 153 120 175 108 49 98 105 145 42 47 119 27 178 110 119 0 30 81 32 69 130 54 158 52 41 121 114 84 0 79 7 110 144 81 82 134 26 77 123 48 63 16 0 130 
0 77 135 57 66 64 74 60 144 99 36 99 128 18 0 54 40 42 45 0 96 68 25 60 154 103 49 48 15 20 137 0 59 27 56 99 50 0 91 51 61 171 83 4 35 83 30 58 39 36 144 72 87 28 147 66 0 135 126 39 95 57 64 93 26 32 117 106 49 54 31 0 114 78 120 142 201 0 115 172 108 64 0 36 0 12 76 49 77 127 4 0 66 85 104 100 35 84 41 9 22 116 90 111 36 98 81 64 14 7 18 97 36 24 63 77 0 42 123 120 52 70 57 89 24 155 128 0 40 161 48 0 112 93 73 95 12 65 70 0 93 63 84 50 6 106 19 85 93 79 0 110 0 42 12 64 107 63 70 126 128 30 2 129 59 24 3 90 112 32 52 136 38 32 56 69 70 12 56 75 25 80 69 64 130 133 93 40 31 51 110 38 30 24 74 42 5 48 70 18 34 110 156 13 12 72 24 45 30 54 57 54 91 15 89 50 34 0 72 9 98 48 8 66 70 50 72 12 118 32 16 132 163 90 6 0 24 161 33 69 88 62 134 14 72 0 16 8 13 185 102 119 24 42 82 16 
94 10 108 18 71 118 21 115 81 31 128 116 73 26 68 45 70 122 34 48 80 148 116 0 199 61 174 129 60 30 87 30 99 46 6 36 36 92 36 134 103 30 139 27 96 0 58 6 193 134 89 64 178 59 166 108 133 47 141 99 0 174 94 166 65 50 0 53 54 47 60 55 13 18 122 92 56 72 58 135 46 63 141 87 15 33 42 115 165 72 81 100 61 74 57 69 72 102 109 129 167 43 127 154 63 68 74 70 163 54 21 59 26 54 12 12 33 85 0 36 156 44 42 154 67 228 75 6 56 30 30 84 100 124 16 107 21 81 76 107 34 0 145 118 30 75 3 0 54 49 241 114 18 86 79 36 113 15 44 86 24 72 143 52 57 131 82 55 16 32 88 157 111 200 12 184 79 19 54 112 38 0 25 21 53 92 50 12 63 64 42 26 32 58 26 36 164 168 84 24 112 182 12 8 45 19 32 6 76 89 207 84 151 18 16 168 80 32 135 111 60 45 123 40 240 32 146 30 65 136 47 60 120 33 84 16 107 63 36 50 58 217 151 185 157 18 116 89 98 136 0 59 125 169 70 90 
1 20 0 82 66 6 47 26 142 0 50 68 46 123 12 51 6 126 70 63 63 8 5 24 28 95 5 0 74 3 54 32 127 23 58 85 16 0 58 38 0 76 38 0 0 30 33 4 54 0 0 64 105 23 35 26 20 75 177 52 29 27 44 10 39 87 92 30 42 16 28 54 24 37 45 46 50 39 40 40 3 75 40 86 9 26 10 73 35 17 8 2 121 8 44 43 2 48 56 37 36 4 65 75 9 80 33 14 66 6 13 52 53 6 123 16 5 8 154 32 53 67 46 109 16 76 2 41 40 35 3 0 93 79 26 84 1 20 21 26 12 0 55 42 0 20 42 19 57 4 77 0 0 0 12 22 83 57 12 120 68 22 0 21 111 84 52 16 0 121 0 27 8 18 8 76 50 6 10 18 56 58 61 78 60 15 68 36 79 21 86 104 15 54 25 34 57 16 63 104 8 29 54 51 6 34 79 10 1 110 42 58 156 29 6 51 91 48 4 86 0 44 3 46 60 21 99 55 112 52 51 25 2 27 18 20 196 58 59 14 68 12 100 92 111 15 85 81 71 53 63 0 36 35 23 101 
0 32 4 40 38 105 36 129 20 38 87 62 98 107 118 51 28 128 111 48 108 144 60 51 69 66 240 45 104 27 66 93 119 61 57 48 86 35 67 62 117 67 83 90 45 34 18 32 29 0 232 45 43 66 8 30 36 0 24 0 76 45 32 79 103 51 64 48 81 40 40 8 18 12 16 116 38 131 19 0 42 31 150 16 30 53 90 172 42 148 0 102 74 32 43 88 12 44 90 128 34 72 219 16 170 24 39 78 122 49 55 98 167 30 0 90 58 64 90 10 0 9 55 10 34 95 117 72 32 122 0 124 166 70 48 54 74 30 61 30 18 54 235 56 56 115 81 64 0 40 53 22 0 21 28 19 17 39 59 0 199 148 125 75 96 69 21 44 100 48 56 36 153 0 76 26 69 144 120 84 10 0 20 161 54 65 0 17 36 144 96 12 6 85 66 0 178 113 97 38 38 107 71 75 103 4 10 71 104 24 67 0 48 9 27 130 18 88 136 57 29 39 89 34 79 68 96 0 0 46 96 95 253 179 112 64 18 27 183 83 119 226 56 94 18 18 50 65 32 177 125 30 64 16 91 48 
4 65 0 27 39 0 27 7 48 24 30 54 102 123 8 54 68 131 0 62 119 82 60 55 104 129 42 81 50 0 3 60 136 89 72 68 138 16 122 22 49 111 84 21 44 55 83 63 60 22 34 95 153 28 99 0 106 68 27 0 63 63 173 0 82 45 9 49 100 30 31 174 0 54 22 109 89 55 51 71 58 55 59 12 12 72 38 10 7 45 63 25 165 20 34 30 4 18 92 107 90 84 12 25 107 79 45 68 23 55 51 49 22 14 9 24 33 32 78 30 6 0 68 2 83 33 86 31 54 13 0 41 224 28 32 40 0 109 69 25 53 0 117 0 9 18 21 7 285 4 9 62 52 2 4 3 92 72 2 59 0 73 52 84 73 6 0 130 54 2 92 57 43 0 50 60 17 50 54 0 9 32 30 26 21 171 0 36 82 0 54 52 14 8 146 113 33 18 35 0 32 16 87 85 74 42 78 58 90 152 53 69 142 66 49 57 32 0 0 65 44 61 46 62 1 3 63 102 68 0 48 74 15 42 41 16 79 8 0 54 137 6 56 40 84 0 34 110 63 94 23 240 204 28 126 53 
50 45 130 115 43 63 79 49 0 116 117 83 32 21 64 9 84 12 0 27 197 0 106 48 154 19 184 9 40 116 73 0 0 3 93 50 0 8 51 103 81 49 77 139 76 16 90 10 188 12 24 74 87 154 54 50 123 30 211 27 24 89 68 44 6 21 30 8 37 49 0 74 41 168 81 114 90 68 121 11 3 38 133 20 50 8 64 179 2 89 45 32 110 0 139 106 2 72 92 28 50 123 79 104 48 43 82 10 183 66 49 18 85 75 41 81 93 3 36 1 84 46 6 117 74 56 148 34 95 84 71 42 58 30 85 77 76 14 36 92 6 0 65 183 26 63 54 68 55 63 43 51 42 128 6 56 45 38 130 0 36 0 100 141 110 92 95 77 72 46 69 94 74 0 0 123 59 82 185 0 49 0 100 112 40 141 42 44 62 58 142 56 0 125 84 6 156 122 60 77 0 71 77 48 152 71 31 42 6 93 64 3 58 30 83 14 153 75 0 112 49 59 80 12 2 56 81 10 68 209 33 12 17 38 144 32 137 14 21 43 25 71 119 128 71 20 147 102 96 16 71 91 83 149 87 78 
