5013 4840 5061 4968 5334 5118 5343 5372 5134 5321 5286 4926 4750 5196 5112 4876 5191 5295 5015 5239 4887 5006 4884 4919 4955 4941 5175 4947 4801 5338 5478 5184 5196 5231 5231 4776 5321 4997 5219 4591 5083 5071 5520 5348 5173 5188 5158 5063 5116 5283 4857 5309 5254 4964 5029 5486 5267 5354 4642 5100 4878 5029 5135 4944 5173 5047 4869 5234 5499 4705 4830 5192 5206 4938 4940 4998 4753 5202 4939 5286 5515 5093 5256 5199 4800 5412 4847 5043 4840 5019 5045 5061 5090 5285 4975 5255 4928 5342 5069 5249 5175 5204 5319 5145 5318 5450 4973 4985 5427 5137 5426 5130 4556 5214 5223 4834 4776 5278 5260 5045 4580 5277 4985 4908 5226 5081 4772 5023 4872 4955 4691 5005 5036 4931 5050 4828 4854 4864 5125 4870 5369 5497 5220 4972 5122 5298 5316 4900 5118 5344 5064 4850 5083 5281 5479 5585 4924 5071 5327 4912 5135 4937 5089 4990 5062 5019 5000 4875 5024 5349 5364 5213 5116 5045 5232 4895 5322 5395 4878 5351 4939 5092 5177 4850 5613 5085 5142 5317 5193 5018 5142 4767 4798 5283 5380 5051 5356 4932 5402 4973 5356 4843 5309 4683 5113 5362 4960 4999 5346 5416 5081 5136 4912 4515 4556 5209 5191 4936 5011 5315 5077 5316 5096 5157 5063 5274 5044 5388 5034 4748 5414 4723 5263 5122 4772 5044 5103 5123 5108 4773 4950 5459 5365 5287 4836 5745 5212 4821 4812 5002 5666 5026 4999 5158 5136 5059 
5234 4869 5382 5056 5525 5305 5577 5356 5173 5541 5142 5115 4766 5326 5032 4841 5424 5500 5562 5047 4965 4912 5290 5284 5152 4962 5452 5191 4817 5788 5410 5635 4953 5363 5467 4906 5043 5343 5178 4977 5087 5061 5690 5233 5386 5391 5582 4894 5235 5422 5082 5775 5276 5217 5173 5651 5319 5726 4892 5251 4967 5514 5516 5153 5248 5029 5161 5237 5781 4952 5204 5383 5222 5243 5075 5106 4921 5471 5424 5497 5778 5128 5306 5423 5141 5511 5431 5195 5050 5164 5035 5391 5127 5606 5053 5392 5017 5761 5109 5054 5268 5417 5671 5536 5580 5465 5173 4908 5521 5267 5658 5515 4538 5392 5525 5035 4904 5554 5450 5377 4803 5480 5228 4976 5547 5265 4889 5317 5189 5149 4970 5311 5039 4836 5001 5319 5048 5029 5426 5219 5550 5739 5139 5083 5096 5574 5216 4914 5363 5489 5234 5012 5042 5026 5823 5706 5043 5331 5188 5156 5032 4887 5034 5410 5325 5079 5172 4715 5260 5341 5409 5011 5545 5388 5383 4877 5737 5505 5222 5404 5253 5215 5277 5146 5578 5118 5292 5666 5475 4881 5281 5153 4827 5533 5716 5223 5382 5225 5583 4827 5413 4991 5266 4883 5413 5595 5155 4956 5221 5841 4986 5310 5057 4760 4664 5168 5137 5408 5034 5375 4896 5278 5169 5477 5177 5248 5058 5416 5103 4867 5516 4742 5460 5163 5267 4960 5340 5047 5052 4782 5290 5275 5221 5105 4896 5833 5254 5302 5050 4899 5748 5422 4913 5170 5361 5140 
4870 4966 5090 4781 5273 5262 5295 5207 5182 5122 5046 4878 4763 5513 4730 4803 5144 4978 5248 5166 4830 4683 4900 4908 5006 5098 4987 4952 4976 5252 4875 5528 4941 5154 5081 4571 5047 5075 4730 4697 4946 4751 5275 5192 5308 4833 5090 4921 5202 5376 4720 5477 5034 5257 4962 5580 5192 5290 4853 4899 4953 4957 5201 4930 5057 5397 4822 5342 5295 4735 4938 5002 5340 4960 5178 4808 4790 5244 5130 5245 5494 4956 5302 5443 4887 5072 5187 4811 4743 5119 4635 5085 4965 5122 5047 5145 4949 5254 4859 5051 5056 5183 5281 5068 4988 5401 4904 4971 5129 5032 5492 5147 4180 5186 5419 4836 4768 5440 5203 5026 4763 5367 4936 4910 5548 4879 4507 5061 5242 4826 4775 4845 4715 4657 5045 4823 4831 4949 5004 4853 5276 5479 5157 4815 4992 5351 5138 4916 5216 5341 5384 4831 5015 4989 5422 5502 4965 4988 5057 4930 4856 4822 5116 5168 5233 5011 4845 4742 5175 5161 5452 5023 5052 4911 5197 5106 5700 5731 4902 5091 4729 5105 5203 4973 5156 4726 5243 5285 5370 4929 5214 4944 4749 5167 5334 5114 5366 4730 5297 4749 5191 4988 5503 4692 5051 5260 4906 4835 5150 5521 5120 5285 4923 4830 4647 5199 5150 5013 4903 4983 4905 5062 5113 5428 4931 5233 5151 5393 4859 4733 5649 4669 4983 5053 4693 5071 5357 5122 4927 4617 5003 4890 5026 5021 4876 5526 5239 5056 4937 4722 5182 4959 4845 5066 5246 5169 
5153 5165 5158 5236 5465 5514 5642 5434 5513 5785 5341 5418 5005 5510 5380 4853 5373 5386 5387 5526 5283 5228 5408 5170 5258 5269 5315 5553 5083 5874 5624 5463 4942 5333 5684 4761 5206 5445 5382 4849 5503 5024 5985 5153 5342 5192 5545 5584 5293 5520 5129 5672 5508 5253 5408 5865 5355 5736 4956 5378 5232 5298 5464 5249 5126 5408 5094 5170 5706 5395 5094 5512 5419 5141 5363 5233 5153 5578 5586 5613 5857 5427 5396 5299 5182 5906 5444 5058 4940 5246 5137 5445 5146 5514 5332 5641 5270 5713 5012 5226 5796 5401 5662 5359 5527 5658 5055 4907 5510 5288 5675 5470 4383 5437 5469 4966 4902 5708 5501 5120 5066 5434 5318 5155 5905 5302 4906 5339 5316 4994 4994 5564 5111 4784 5233 5054 5022 5077 5290 5317 5432 5701 5365 4838 5381 5337 5466 5184 5432 5661 5377 5203 5634 5250 6054 5637 5402 5342 5392 5158 5339 4974 5441 5339 5378 5416 5279 5001 5543 5449 5400 5385 5670 5208 5330 5081 6043 5905 5422 5718 5403 5199 5475 5312 5489 4941 5575 5666 5544 5301 5621 5281 5043 5493 5540 5364 5541 5086 5469 5022 5620 5057 5450 5262 5225 5617 5090 5331 5564 5790 5376 5403 5156 4975 4931 5269 5503 5123 5266 5585 5213 5368 5641 5719 5157 5574 5173 5489 5101 4935 5836 4812 5291 5371 5218 5169 5568 5534 4908 5246 5343 5457 5472 5546 5221 5795 5631 5364 4960 5209 5703 5208 5234 5242 5466 5300 
4920 4581 5072 4836 5019 5176 5005 5092 5229 5321 5027 4930 4649 4967 5110 4586 4910 5175 4849 5008 4856 4851 4966 4821 5054 5088 5241 4941 4815 5500 5279 5265 4689 5075 5387 4542 5032 5020 4931 4795 4790 4789 5447 5302 5209 5163 5302 4909 5045 5172 4746 5437 4978 5111 5025 5350 5231 5477 4350 4790 4901 5091 5166 4952 5026 5050 4929 5305 5175 4641 4777 5057 5078 4992 4859 4986 4599 4920 5358 5127 5297 4999 5311 5279 4676 5626 5198 4716 4959 4823 4943 5092 4808 5120 4841 5053 4830 5647 4888 5090 5199 5189 5296 5263 5205 5396 4890 4684 5384 4838 5387 4885 4270 4983 5272 4727 4757 5430 5172 4977 4767 5183 4872 4998 5066 4984 4714 4939 4950 4682 4685 4841 5083 4738 5088 4705 4736 4775 5238 4971 5296 5251 5005 4717 5249 5401 5331 4809 5071 5242 5224 4836 5128 4968 5567 5686 5156 4965 5011 4829 4881 5035 5122 4970 4863 4867 4942 4514 4736 5348 5074 4966 5280 5195 5064 4736 5521 5246 5189 5251 4880 4838 5229 4921 5267 4697 5154 5176 5260 5079 5178 4862 4840 5307 5210 4998 5207 4662 5128 5078 5256 4923 5086 4634 5168 4966 4655 4850 5096 5568 5204 5181 4862 4387 4535 5025 4923 5142 5070 5001 4909 5173 5273 5270 4810 5011 5092 5256 5013 4489 5393 4673 5231 5110 4897 4750 5039 4822 4881 4881 4882 5006 4769 4984 4485 5547 5007 5023 4597 4822 5421 5305 4844 4885 5136 4830 
5174 5014 4910 5079 5160 5269 5231 5298 5218 5154 5046 4984 4687 5029 5052 4743 5158 5190 5151 5375 4677 5082 5106 4928 5065 5252 4919 5292 4898 5515 5157 5213 5246 5016 5371 4791 5122 4962 4996 4781 5160 4807 5701 5157 5291 5095 5389 4836 4948 5081 4555 5433 4992 4831 5265 5530 5212 5650 4946 5042 4972 5248 5115 5191 5074 5232 5034 5195 5314 4845 5036 5076 5370 5121 4984 4855 4806 5210 5271 5251 5893 5127 5171 5387 4834 5430 4937 5136 4697 4961 5167 5335 5137 5328 5138 5051 4749 5439 4905 5123 5398 5309 5427 5318 5169 5325 5091 4555 5237 5005 5330 5173 4296 5067 5310 4888 5000 5214 5259 4984 4741 5528 5092 5024 5574 5027 4653 4935 5129 4965 4833 4904 5104 4715 4924 4867 4777 5112 5200 5029 5045 5441 5228 4945 5327 5244 5450 4918 4942 5658 5223 4888 5425 5211 5633 5375 4961 4982 5004 5311 5290 4751 4976 4836 5215 5096 5116 4991 5196 5486 5360 5183 5253 4963 5167 4830 5718 5562 5188 5261 5008 5056 5265 4934 5423 4810 5090 5288 5272 4846 5202 4870 5191 5358 5499 5084 5136 4704 5234 4999 5402 5211 5351 5027 5299 5477 5026 5148 5140 5538 5041 5279 5071 4511 4513 5072 5236 5303 4868 5101 4906 5068 5286 5473 5032 5206 5408 5267 4869 4587 5621 4942 5003 5265 5019 5097 5139 5229 5191 4973 4880 5062 5223 5063 4641 5664 5348 5067 4778 4947 5451 5153 4975 4973 5146 5306 
5140 4871 5178 4750 5277 5315 5313 5292 4993 5108 4982 4994 4496 5305 4969 4723 5290 5026 5104 5286 4690 5058 4859 4932 5315 4990 5432 5145 4772 5312 5245 5295 4915 5233 5654 4745 5031 4770 4917 4701 5304 4690 5502 5256 5259 4961 5551 5080 5123 5071 4894 5314 5004 5139 4795 5450 5078 5498 4922 5077 4886 4949 5114 5209 4935 5160 4876 5109 5167 4983 5017 5148 5301 5120 4880 4879 4744 5053 5326 5038 5326 5124 5124 5300 4922 5377 5073 5176 4681 5082 5119 5269 4858 5085 5037 5302 4981 5507 4855 4892 5040 5259 5491 5281 5214 5119 5127 4863 5225 4961 5367 5192 4275 4881 5335 4793 4774 5300 5448 5150 4810 5152 4954 4859 5584 4947 4894 4934 4944 4884 4632 4797 4688 4818 5173 4751 4911 4923 5190 5143 5270 5555 5156 5086 5111 5164 5446 5048 5278 5261 4964 4876 5196 4960 5490 5346 4881 5189 5032 5078 5038 4977 5046 4805 5400 5089 4926 4657 5239 5062 5396 5054 5343 4921 5144 5033 5382 5553 4946 5293 4950 4971 5090 5103 5420 5036 5268 5353 5238 4912 5381 4954 4833 5300 5526 5064 5465 4708 5117 4722 5330 5280 5282 4819 5238 5342 4966 4948 5141 5862 5058 5028 4881 4816 4712 4857 5229 5189 4953 4912 5115 5166 5001 5059 4795 5288 4986 5329 4963 4921 5715 4670 4962 5017 4932 4830 5144 5054 4663 5115 4871 5043 5041 4889 4907 5742 5235 5295 4878 4967 5560 4937 4779 5014 5430 5047 
5105 4613 5076 5034 5133 5181 4909 5391 5352 5206 5034 5025 4446 5208 4950 4615 4873 5065 5092 5052 4960 4997 4924 4782 4935 4753 5117 4811 4949 5199 4997 5415 5105 5231 5473 4629 5030 5057 5198 4744 5132 5101 5545 5233 4910 4928 5243 4845 5101 5277 4666 5279 4822 4880 5141 5639 5391 5551 4650 4883 5095 5131 4915 4748 5016 5119 4904 5275 5514 4777 5177 5187 5252 5080 5228 5017 4655 5226 5077 4859 5481 5157 5307 5193 4992 5286 4978 5031 4665 4894 4972 5153 4954 5421 4863 5104 5049 5260 4859 5046 4954 5297 5629 5003 5078 5272 4950 5133 5034 5197 5586 5203 4234 4935 5249 4663 4943 5476 5049 5355 4738 5115 5076 4900 5127 4781 4673 5023 5027 4744 4770 5117 4896 4705 4787 4795 4841 5100 5336 5102 5339 5508 5168 4801 5165 5314 5435 4820 4975 5411 5191 4941 5216 4863 5393 5520 5051 5156 4934 5119 4991 5091 5233 5099 5172 4920 4854 4638 5274 5106 5085 4863 5216 5186 5386 4717 5502 5477 4940 5218 4905 5041 4983 5044 5160 4803 5131 5601 5514 5068 5164 4823 4787 5390 5336 4895 5040 4733 5094 4485 5186 4713 5107 4305 5069 5403 4772 4963 5297 5592 5118 5207 5104 4654 4499 5127 4974 4894 5157 5173 5157 5180 5243 5267 5098 5271 5099 5311 5009 4835 5432 4741 5180 5088 4864 4878 5493 4838 5062 4714 5102 5139 4915 5073 4736 5791 5094 5057 4976 4632 5443 5160 4853 5012 5186 5337 
4802 4759 5003 4811 5204 5187 5364 5403 5362 5297 4893 4885 4509 5214 4900 4623 5060 5078 5214 5095 4933 5017 5170 4587 5123 5027 4933 4811 4922 5473 5186 5143 4827 5122 5419 4643 5017 4843 5095 4739 5236 4921 5553 5074 5007 4886 5282 4996 5089 5140 4966 5118 5201 5059 5295 5425 5136 5610 4706 5204 4810 5438 4967 5132 4937 5057 5063 5033 5305 4765 4699 5185 5248 5011 5110 5039 4863 4907 5148 5030 5585 5188 5125 5397 4765 5544 5154 5045 4622 4881 4795 5172 4663 5182 5033 5159 4854 5032 4717 4896 5092 5262 5635 5014 5284 5260 4742 4736 5190 5107 5558 5439 4128 4839 5107 4846 5000 5287 5237 5063 4867 5222 5209 4748 5313 5141 4704 5413 5404 4840 4811 5174 4799 4787 4476 4792 4747 4675 4970 4960 5095 5510 4943 4645 5228 4920 5178 4998 5032 5387 5042 4982 5403 5192 5411 5316 5085 5149 5064 5229 4626 4784 5133 5094 5121 4983 4773 4713 5373 4952 5137 5103 5161 4682 5044 4929 5433 5380 4939 5384 4908 5121 4947 4980 5349 4912 5229 5206 5230 5025 4794 4608 4902 5057 5269 5137 5091 4773 5234 4598 5188 4721 4981 4583 5110 5195 4783 4926 5177 5580 4752 5133 5058 4617 4538 4969 5176 5072 5019 5004 4884 4921 4999 5107 5267 5353 5061 5238 4947 4778 5109 4592 5424 4942 4914 4732 5232 5091 5104 4854 5039 4969 4930 5145 4541 5383 5062 5131 4784 4884 5443 4990 4894 4818 5145 5041 
5559 5365 5545 5761 5695 5620 5766 5835 5629 5694 5817 5438 4987 5622 5594 5236 5500 5650 5715 5768 5285 5138 5527 5664 5444 5555 5712 5337 5525 5961 5720 5982 5516 5740 5993 5236 5522 5436 5375 5014 5765 5405 5927 5794 5988 5610 5853 5364 5702 5784 5361 6054 5725 5299 5483 6293 5531 6324 5271 5753 5298 5579 5511 5553 5594 5771 5433 5602 5869 5414 5207 5713 6000 5613 5537 5299 4933 5563 5789 5628 5765 5846 5645 5607 5361 5920 5636 5391 5189 5665 5562 5664 5216 5878 5508 5714 5451 6060 5443 5542 5911 5842 6077 5763 5637 5969 5501 5236 5683 5562 5789 5702 4602 5795 5748 5371 5364 5896 5655 5578 5496 5773 6062 5490 6070 5786 5150 5494 5696 5185 5451 5506 5438 5280 5617 5456 5433 5556 5813 5585 5668 6046 5577 5082 5791 5909 5815 5529 5578 5857 5739 5313 5647 5601 6202 6123 5545 5465 5609 5396 5507 5487 5651 5609 5859 5682 5238 5201 5821 5921 5827 5652 5736 5415 5886 5388 6217 6116 5380 5762 5645 5503 5613 5393 5874 5282 5644 6009 5870 5494 5608 5346 5281 5588 5853 5466 5517 5083 5650 5384 5937 5203 5676 5189 5455 6085 5409 5466 5568 5988 5776 5884 5468 5031 5061 5374 5627 5544 5788 5663 5784 5670 5901 5857 5462 5899 5339 5796 5634 4929 6108 5190 5968 5510 5354 5241 5954 5686 5472 5352 5730 5401 5661 5603 5268 6297 6063 5496 5417 5560 5940 5597 5637 5295 5726 5816 
5298 5103 5247 4928 5306 5306 5541 5406 5214 5505 5262 5368 4664 5373 5225 5016 5356 5309 5432 5475 4871 5199 5166 5202 5056 5329 5012 5283 5116 5668 5234 5681 5311 5428 5638 4956 5347 5063 5158 4930 5165 5295 5781 5336 5217 5225 5320 4946 5203 5485 5170 5743 5157 5229 5095 5772 5367 5560 4811 5094 5105 5349 5365 5185 5269 5387 4998 5561 5538 5317 5270 5162 5431 5150 5147 5222 5062 5623 5338 5295 5717 5436 5326 5569 5376 5597 5294 4992 4857 4969 5061 5230 5008 5552 5273 5620 5190 5759 5323 5261 5250 5373 5835 5554 5486 5730 5290 5307 5364 5328 5565 5502 4255 5208 5366 5014 5010 5567 5537 5494 4832 5578 5137 5100 5461 5224 5157 5329 5232 5057 4909 5089 5187 4934 5449 5056 5106 4874 5435 5334 5507 5771 5498 4956 5309 5420 5447 5294 5263 5506 5432 5235 5386 5192 5546 5507 5358 5276 5473 5416 5129 5140 5311 5233 5255 5357 5189 5056 5231 5446 5361 5270 5427 5263 5390 4662 5665 5641 5334 5407 5295 5043 5453 5570 5462 4883 5296 5567 5799 5245 5426 4941 5083 5566 5623 5070 5457 5030 5270 4643 5335 5264 5506 4763 5293 5697 5064 5185 5184 5820 5329 5220 5323 4901 4825 5283 5158 5112 5212 5400 5269 5191 5244 5674 5245 5410 5378 5619 5255 5011 5624 4846 5372 5271 4920 4979 5640 5169 5056 5196 5601 5250 5431 5112 5255 5834 5354 5165 4926 4938 5609 5426 5152 5011 5378 5398 
4921 4803 5054 4729 5073 4939 5133 5054 4994 5214 5005 4802 4659 5156 4826 4658 4701 4841 4947 5156 4671 4686 4733 4874 5019 4929 4813 4860 4570 5141 5201 5176 5037 5123 5218 4627 5110 4894 4824 4613 4895 4762 5264 5072 4972 4821 5150 4689 4893 5096 5001 5273 4987 4907 4644 5177 5143 5623 4625 4896 4746 5184 5037 4795 4900 5035 4845 5010 5292 4885 4973 4882 5360 4940 4818 4907 4652 5384 5043 5151 5185 4862 5073 4816 4532 5320 4865 4761 4758 4798 4586 4982 4563 5286 4929 5143 4802 5141 4874 4752 5104 5099 5195 5335 4983 5324 4950 4732 5213 4961 5341 5056 4296 5199 5187 4511 4399 5111 5198 4955 4819 5030 4856 4653 5281 4860 4737 4910 5023 4569 4748 4746 4822 4724 4752 4790 4502 4743 5093 5206 5088 5246 5172 4667 5203 4968 5136 4951 5254 5075 5116 4657 4982 5050 5626 5263 4617 4819 4782 4867 4749 4644 4778 4830 4965 5017 4949 4509 4957 4925 5193 4797 4885 4799 4713 4553 5512 5403 5051 5123 5023 4776 4959 5021 5214 4696 5049 5224 5312 4859 5108 4652 4637 4846 5292 5011 5013 4581 5146 4672 5025 4678 5112 4613 4831 4974 4813 4920 5119 5429 4918 4987 4801 4561 4413 4770 4958 4910 4783 5235 4737 5161 4920 5124 4707 5038 4764 5201 4716 4566 5368 4432 5192 4914 4603 4680 5370 4792 5037 4532 4865 4831 5104 4904 4472 5431 5095 4972 4938 4514 5180 4988 4856 4817 4990 4671 
5078 5087 5352 5187 5483 5574 5300 5530 5243 5559 5188 5391 4818 5542 5213 4789 5173 5222 5254 5517 5168 5062 5190 5116 5202 5339 5154 5198 5005 5498 5585 5521 5208 5302 5657 4916 5302 5061 5135 4976 5192 5195 5682 5629 5449 5165 5451 5272 5334 5547 5173 5644 5226 5021 5023 5726 5408 5764 5041 5425 5104 5557 5505 5213 5100 5500 5163 5360 5580 4823 5117 5386 5563 5316 5354 5012 4944 4976 5370 5306 5479 5219 5503 5375 5188 5622 5168 4870 5025 5148 5178 5335 5042 5573 5135 5251 5056 5690 5115 5007 5256 5514 5557 5344 5650 5474 5280 5095 5589 5244 5545 5311 4435 5424 5335 5153 5000 5553 5205 5349 5070 5337 5600 5002 5510 5217 5057 5328 5320 4886 5222 5329 5169 4936 5297 5226 4985 5052 5132 5366 5367 5403 5153 5225 5475 5470 5490 5071 5501 5477 5620 5164 5267 5153 5859 5490 5210 5275 5307 5020 5205 5056 5171 5002 5149 5288 4867 4894 5440 5541 5448 5072 5547 4985 5324 5056 5678 5781 5055 5556 4886 5136 5188 5343 5649 5230 5219 5736 5270 5037 5391 4870 5037 5494 5637 5093 5465 4653 5437 4967 5457 5182 5320 4841 5147 5551 5214 5043 5531 5655 5158 5432 5131 4817 4646 5206 5571 5312 5306 5323 5254 5359 5346 5266 5011 5346 4955 5342 5120 4759 5706 4706 5498 5233 5130 5057 5527 5124 5044 5034 5192 5327 5385 5429 4896 5821 5321 5275 5177 4961 5495 5140 5080 5058 5353 5153 
5394 5042 5548 5142 5429 5655 5650 5376 5547 5451 5219 5180 4727 5500 5227 4921 5341 5386 5474 5481 4935 5195 5217 5063 5463 5044 5188 5256 4934 5662 5329 5569 5322 5366 5801 4837 5228 5181 5265 4894 5407 4836 5749 5303 5421 5320 5628 5127 5280 5512 5131 5519 5428 5237 5135 5615 5780 5934 4868 5381 5198 5202 5393 5047 5236 5250 5223 5057 5761 5192 5143 5313 5430 5144 5229 4944 4945 5525 5398 5262 5736 5198 5654 5348 4860 5499 5325 5118 5080 5128 5072 5464 4967 5481 5255 5378 5249 5699 4993 5102 5192 5561 5731 5652 5424 5757 5551 4956 5619 5525 5488 5317 4715 5485 5473 5007 5060 5518 5615 5256 5270 5612 5463 5054 5395 5107 4969 5037 5688 4942 4897 5079 5135 5063 5079 4895 4919 4955 5403 5553 5504 5589 5253 4843 5676 5436 5594 5304 5445 5402 5669 5150 5268 5274 5982 5780 5273 5584 5548 5322 5302 5152 5107 5230 5208 5035 5195 4825 5330 5502 5527 5550 5642 5451 5356 5055 5783 5808 5284 5752 5329 5302 5401 5418 5608 5064 5768 5716 5710 5247 5159 4963 5281 5377 5496 5055 5466 5215 5268 5193 5397 5071 5483 4750 5265 5470 5206 4867 5417 5874 5175 5257 5244 4725 4759 5134 5175 5112 4973 5523 5327 5509 5364 5571 5053 5574 5247 5419 5089 4711 5845 4812 5435 5269 5329 5060 5352 5389 5468 5004 5378 5343 5642 4764 4817 6007 5305 5223 4891 5193 5670 5306 5161 5426 5276 5412 
5165 4997 5123 5286 5397 5371 5320 5206 5344 5528 5032 5248 4590 5315 5289 4713 5517 5168 5407 5191 5184 4939 5283 4877 5280 5278 5299 5297 5237 5424 5372 5600 5284 5305 5724 4909 5395 5034 5166 4748 5055 5070 5663 5356 5319 5237 5339 5106 5308 5400 4945 5699 5365 5236 5447 5894 5519 5875 4868 5233 5121 5414 5476 5266 5302 5590 5121 5547 5587 5180 5211 5253 5380 5106 5347 5019 5129 5239 5155 5367 5664 5063 5057 5542 4991 5663 5401 5082 5025 4988 5097 5500 5217 5734 5106 5232 5069 5638 4977 5253 5519 5608 5707 5504 5401 5417 5176 5136 5504 5281 5453 5307 4489 5387 5542 5264 4707 5565 5243 5262 4896 5400 5334 5059 5690 5026 4699 5075 5242 4936 4926 5153 4929 5071 5345 5149 4937 5044 5326 5191 5409 5672 5282 4960 5562 5413 5366 5078 5401 5314 5413 4932 5603 5151 6049 5646 5052 5412 4982 5156 5109 4882 5059 5148 5371 5205 5149 5055 5301 5526 5658 5228 5398 5116 5384 4956 5733 5404 5168 5517 5152 5196 5441 5018 5549 4818 5381 5613 5327 4976 5313 4952 5031 5415 5446 5051 5326 4968 5359 5180 5427 5208 5448 4625 5291 5515 4994 5035 5327 5677 5207 5230 5186 4947 4667 5463 5343 5116 5134 5331 5144 5060 5382 5617 5325 5208 5124 5506 4978 4952 5643 4827 5310 5175 5098 5220 5596 4978 5352 4974 5204 5265 5333 5255 4958 5770 5428 5211 5169 5136 5501 5243 5184 5213 5318 5155 
5407 5475 5618 5139 5711 5580 5641 5514 5599 5884 5261 5389 4849 5817 5463 5020 5696 5479 5544 5847 5482 5213 5360 5325 5194 5453 5605 5344 5455 5739 5793 5718 5464 5747 6121 5247 5604 5342 5458 5119 5500 5334 5792 5438 5699 5643 5630 5398 5647 5732 5231 6071 5576 5585 5634 5971 5653 6156 5278 5539 5310 5537 5492 5563 5401 5518 5668 5445 5677 5362 5359 5536 5857 5512 5529 5596 5262 5570 5450 5522 6026 5486 5553 5850 5220 6010 5391 5297 5301 5326 5294 5482 5404 5837 5502 5448 5253 6020 5451 5448 5577 5514 5775 5809 5784 5822 5405 5335 5846 5375 5922 5805 4590 5833 5701 5402 5539 5795 5913 5533 5295 5680 5446 5211 5789 5472 5210 5599 5627 5188 5142 5356 5277 5053 5506 5265 5345 5337 5542 5600 5668 6122 5740 5424 5427 5828 5827 5382 5618 5806 5588 5407 5841 5607 6159 5955 5536 5546 5474 5621 5496 5170 5392 5383 5420 5393 5570 5641 5765 5691 5730 5459 5663 5262 5460 5169 6196 6046 5515 5750 5422 5344 5355 5291 5741 5320 5467 5892 5840 5170 5400 5260 5325 5810 5805 5287 5491 5097 5752 5193 5847 5260 5724 5126 5559 5639 5448 5401 5508 5985 5505 5776 5416 5033 4889 5568 5560 5534 5558 5517 5407 5582 5292 5815 5576 5719 5578 5809 5331 5101 5977 5003 5439 5728 5206 5362 5709 5694 5252 5139 5651 5612 5380 5504 5250 5998 5560 5750 5258 5209 5866 5400 5449 5559 5640 5568 
5216 4801 5153 5080 5135 5366 5328 5437 5232 5748 5082 5069 4651 5247 5249 4860 5312 5362 5287 5344 4938 4827 5401 5166 5245 5232 5315 5196 5299 5344 5297 5454 5274 5316 5630 4567 5364 5160 5309 4749 5285 5270 5845 5261 5256 5325 5613 4949 5555 5608 5070 5550 5419 5211 5317 5797 5257 5755 4946 5202 5228 5608 5414 5152 4902 5172 5501 5455 5394 5129 5166 5494 5534 4984 5253 5380 4796 5530 5286 5263 5650 5347 5208 5605 4937 5474 5394 4961 5078 5036 5211 5259 5056 5705 5362 5365 5202 5393 5182 5198 5435 5631 5642 5476 5637 5639 5235 5200 5454 5474 5489 5527 4309 5383 5287 4811 5144 5473 5592 5331 5001 5409 5381 4900 5781 5269 4733 5457 5270 4914 4982 5275 5148 4736 5198 4997 5139 4854 5612 5337 5473 5482 5328 4819 5472 5415 5336 5287 5410 5388 5219 5014 5317 5054 5758 5639 5201 5128 5463 5217 5026 5143 5242 5152 5274 5229 5382 4833 5486 5322 5415 5319 5444 5279 5582 4940 5665 5746 5148 5605 5132 5018 5365 4978 5542 5116 5219 5411 5672 5084 5391 4929 4841 5466 5421 5168 5489 5231 5435 5052 5384 5003 5179 4785 5126 5439 4897 5092 5332 5832 5351 5533 5139 4749 4711 5394 5201 5091 5227 5489 5094 5414 5175 5524 5380 5490 4968 5551 5232 5070 5643 4610 5379 5283 4914 5148 5519 5314 5386 4856 5362 5248 5166 5086 5002 5754 5424 5191 5029 5006 5672 5254 5082 5118 5410 5263 
5002 5002 5224 5091 5067 5312 5621 5459 5288 5279 5037 5005 4705 5313 5222 4785 5321 5310 5251 5228 4754 5016 5338 5059 5292 5183 5239 5117 4878 5547 5315 5441 5100 5398 5660 4781 5215 5248 5254 4809 5116 5027 5669 5112 4999 5152 5634 5150 5209 5301 4910 5329 5363 5010 5360 5551 5446 5405 5010 5053 4900 5371 5081 5140 5350 5525 4993 5121 5421 5053 4926 4847 5442 4913 5339 5070 4866 5501 5129 5348 5490 5006 5408 5492 4902 5575 5203 5191 4695 4848 4984 5460 4973 5547 5120 5536 5055 5413 4969 5103 5407 5504 5466 5452 5235 5583 5124 5132 5260 5055 5615 5546 4699 5380 5464 4959 5061 5400 5285 5435 4896 5291 5230 4959 5217 5125 4784 5019 5364 4869 5019 5111 4765 4899 4949 4733 4793 5139 5400 5580 5503 5517 5191 4925 5535 5417 5431 5209 5495 5367 5090 5078 5318 5169 5872 5707 5335 5466 4984 5063 5013 5073 5072 5131 5034 4967 4958 4763 5215 5394 5352 5149 5477 5125 5116 4773 5662 5708 5203 5330 5120 5135 5179 5282 5367 4777 5440 5371 5373 4926 5097 4912 5121 5472 5611 5179 5234 4980 5318 4854 5217 5062 5264 4731 5353 5194 5061 4927 5408 5760 5221 5225 5145 4769 4662 5135 5298 5158 5263 5509 5100 5117 5293 5453 5003 5432 5194 5557 5090 4781 5654 4702 5473 5335 5011 5090 5284 5027 4979 4858 5166 5257 5180 4841 4957 5908 5333 5125 5117 4842 5583 5187 5014 5190 5242 4992 
5055 4782 5234 5000 5262 5056 5322 5320 4866 5259 5226 5115 4697 5106 4958 4619 4986 4982 5260 5258 5182 4960 4975 4774 5182 5013 4958 5085 4948 5244 5043 5305 4929 5154 5328 4893 4857 4680 4991 4515 5195 4809 5446 5074 5082 4959 5344 4974 5128 5093 4660 5236 4984 5027 5122 5614 5331 5382 4867 5044 5183 5321 4881 4904 4955 5113 4932 4873 5312 5037 4870 5189 5243 4968 5246 4921 4632 5218 5151 5202 5739 4893 5114 5132 4893 5524 4897 5006 4786 4879 4792 5118 4910 5245 5105 5189 4768 5217 4960 4780 5255 5308 5605 5180 5059 5292 4880 4846 5368 5163 5322 4995 4304 5250 5036 5052 4814 5384 5543 5151 4973 5035 4992 4746 5420 4913 4535 5041 5171 4795 4706 5027 4737 4833 4978 4870 4921 4895 5115 4977 5380 5578 5185 4969 5222 5049 5260 5143 4988 5240 5346 5006 5056 4916 5667 5313 4872 5437 5162 4922 5012 4829 4907 4853 4888 4964 4915 4879 5288 5110 5373 5089 5433 4933 5297 4756 5478 5593 4973 5423 5282 5074 5133 5063 5440 4790 5193 5704 5264 4797 5232 4837 4854 5279 5488 5050 5382 4725 5112 4620 5396 4840 5305 4611 5178 5307 4992 4879 5183 5552 4933 5112 4671 4514 4411 5044 5273 5147 4885 5559 4764 5169 5256 5040 5046 5051 4774 5490 4830 4667 5509 4532 5139 4939 5074 4941 5498 4925 5151 4890 5098 5166 5021 4929 4863 5657 5151 5025 5021 4603 5420 4822 4991 4842 5254 4999 
5275 5322 5103 5094 5538 5380 5495 5714 5401 5546 5178 5139 4505 5617 5211 4803 5372 5273 5415 5467 5139 4926 4995 5193 5120 5065 5179 5230 5025 5573 5518 5400 5138 5368 5828 4813 5133 4921 5173 5290 5264 4886 5561 5254 5298 5194 5442 5055 5280 5159 4981 5653 5159 4913 5079 5693 5345 5358 4965 5036 5049 5242 5426 5295 5026 5150 5104 5108 5458 4869 5221 5364 5269 5412 5140 5241 4994 5411 5354 5233 5481 5041 5284 5448 4702 5463 5285 4849 4794 4982 5039 5149 5093 5300 5399 5628 5089 5338 5023 4925 5155 5375 5372 5305 5560 5231 5260 4997 5628 4982 5447 5164 4365 5402 5505 5135 4834 5278 5552 5195 4895 5400 5047 5165 5775 5266 5025 4953 5395 5165 4900 5108 4877 5023 5198 5042 4856 4943 5362 5365 5380 5429 5045 5181 5381 5355 5549 5117 5380 5477 5226 5009 5461 5073 5677 5675 4936 5350 5185 5070 5190 4931 5113 4973 5152 4981 5454 4676 5547 5365 5263 5185 5412 5052 5248 5008 5469 5588 5206 5769 5167 5075 5349 4930 5481 4833 5429 5462 5343 5037 5270 5065 4974 5496 5604 5152 5374 4965 5595 4801 5293 4999 5390 4788 5399 5452 5204 4963 5435 5700 5203 5293 5131 4510 4734 5342 5397 5416 4939 5108 5231 5315 5035 5702 5299 5293 5087 5604 5175 4801 5469 4950 5375 5190 5144 4944 5193 5406 5118 4863 5251 5345 5286 5281 4940 5991 5264 5401 5183 5063 5618 5000 4970 5237 5342 5421 
5345 5341 5501 5532 5466 5615 5558 5427 5513 5530 5331 5253 5008 5601 5339 5029 5382 5335 5385 5545 5223 5155 5413 5091 5491 5027 5239 5147 4985 5580 5507 5622 5425 5488 5909 4923 5422 5247 5242 5186 5331 5307 5845 5551 5374 5333 5544 5176 5427 5639 5056 5582 5437 5453 5517 5675 5570 5839 5030 5317 5246 5579 5272 5390 5351 5338 5170 5485 5819 5133 5208 5242 5649 5303 5411 5126 5130 5519 5328 5597 5742 5609 5417 5656 4964 5590 5331 5196 4934 5243 5045 5525 5187 5698 5190 5511 5095 5647 5219 5228 5452 5645 5786 5468 5548 5629 5388 5160 5795 5292 5742 5441 4686 5352 5498 5087 4920 5645 5487 5222 5119 5566 5260 5045 5607 5582 5050 5206 5549 5134 5141 5343 5449 5227 5297 5386 5137 5303 5210 5350 5388 5829 5364 5203 5572 5617 5684 5296 5602 5614 5572 5103 5273 5275 5991 5952 5248 5567 5373 5131 5213 5169 5388 5316 5729 5425 5325 4778 5275 5591 5561 5425 5278 5244 5477 5132 6018 6014 5409 5534 5134 5416 5417 5263 5626 5119 5607 5783 5743 5342 5646 5048 5048 5607 5743 5157 5498 4990 5471 5011 5750 5522 5693 4916 5338 5432 5022 5184 5572 5854 5158 5570 5251 5003 5212 5344 5506 5226 5152 5582 5406 5338 5469 5682 5330 5415 5477 5585 5196 5048 6147 5089 5464 5379 4877 4905 5667 5205 5289 5102 5383 5245 5288 5396 5047 5980 5706 5266 5303 5264 5839 5441 5310 5326 5693 5226 
5100 5230 5203 5150 5309 5362 5178 5339 5482 5529 5390 5343 4853 5306 5171 4784 5328 5217 5119 5348 5145 5021 5138 4909 5247 5281 5165 4989 4990 5690 5395 5300 5410 5099 5636 4860 5107 5181 5337 4930 5432 4827 5760 5363 5256 5143 5384 4975 5168 5271 5013 5640 5132 5280 5391 5657 5232 5872 5073 5152 5225 5422 5281 5254 4914 5487 4987 5275 5773 4981 5087 5319 5662 5160 5266 4969 4871 5429 5023 5350 5840 5094 5268 5202 5097 5497 5136 5071 5036 5066 5335 5141 5043 5471 5395 5452 4902 5604 5122 5337 5358 5359 5676 5434 5364 5431 5062 4679 5433 5185 5459 5080 4338 5370 5430 5110 4993 5534 5682 5060 4977 5284 5166 5136 5646 5280 4944 4984 5269 4851 4593 5025 5033 4797 4850 4930 5010 4973 5215 5226 5355 5548 5334 4902 5592 5456 5602 5171 5227 5382 5491 4903 5613 5293 5774 5751 5149 5181 5140 5048 5235 4940 5185 5220 5264 5027 5123 5021 5317 5424 5393 5464 5232 4918 4963 4759 5852 5664 5525 5382 5163 5057 5227 5034 5559 4894 5519 5510 5582 5117 5082 5189 5113 5389 5655 5048 5254 4938 5147 5059 5658 5039 5653 5088 5397 5295 5051 4866 5311 5716 5074 5272 4960 4813 4521 5192 5254 5450 4865 5397 5077 5098 5235 5619 5195 5504 5260 5487 4919 4704 5623 4891 5260 5262 5024 4865 5185 5486 5129 4788 5026 4885 5506 5295 4355 5472 5533 5149 5150 5064 5342 5018 5023 4872 5301 5119 
5515 5086 5250 5316 5240 5433 5667 5275 5329 5476 5104 5070 4912 4978 5225 4850 5285 5203 5415 5487 5053 4913 5255 5104 5290 4982 5166 5237 4863 5855 5450 5389 5358 5419 5552 4888 5048 4998 5222 4993 5349 5150 6022 5221 5284 5379 5614 5261 5214 5254 5160 5613 5271 5270 5317 5868 5386 5702 4963 5365 5121 5571 5362 4921 5355 5416 5017 5407 5682 5243 5138 5100 5622 5066 5166 5143 4953 5596 5590 5417 5930 5407 5136 5760 5164 5576 5447 5084 5042 5186 5246 5334 4814 5542 5149 5622 5312 5392 5220 4985 5578 5228 5669 5594 5489 5635 5171 5106 5516 5359 5665 5466 4339 5089 5416 5105 5076 5552 5613 5150 5002 5409 5485 4979 5618 5195 4945 5149 5316 4957 5266 5150 5120 4937 5165 5104 4906 4971 5555 5298 5546 5563 5223 5006 5455 5557 5496 5212 5397 5529 5176 4887 5257 5054 5567 5444 5222 5119 5118 5197 5367 4938 5175 5406 5294 5139 5595 4852 5360 5567 5542 5273 5403 5291 5108 5096 6090 5629 5300 5733 5028 5247 5394 5255 5736 5085 5563 5755 5740 4887 5338 5130 5064 5608 5679 5023 5525 5043 5402 5127 5527 5107 5289 5015 5513 5473 5283 4922 5399 5770 5133 5229 5109 4989 4651 5231 5173 5540 5023 5359 5166 5032 5398 5493 5116 5467 5071 5474 5183 4996 5798 4979 5556 5379 4927 5006 5617 5355 5269 5274 5365 5435 5122 5098 4977 5992 5861 5293 5194 5138 5780 5268 5287 5287 5286 5167 
5229 4935 5278 4953 5335 5112 5233 5146 5195 5323 5202 4917 4785 5220 4989 4849 5249 5281 5105 5312 4995 5043 5016 5158 5142 5127 5106 5046 5070 5458 5320 5641 4984 5460 5422 4946 5156 4943 5163 4991 5009 4927 5540 5027 5455 5100 5466 4947 5330 5380 4943 5458 5057 5234 5304 5678 5344 5639 4559 5015 4987 5291 5230 5115 5082 4915 5111 5213 5445 5050 4962 5175 5327 4960 5073 5112 4933 5303 5349 5152 5796 5198 5390 5232 5233 5388 5164 5189 4853 4979 4990 5228 4802 5484 4937 5337 5148 5426 4994 5037 5144 5279 5587 5462 5190 5254 5068 5127 5336 5300 5569 5107 4294 5117 5264 5088 4970 5549 5453 5369 4760 5174 5092 4754 5146 5102 4849 5203 5029 5033 4852 4945 4990 4887 5148 4856 5023 5023 5614 5195 5549 5328 5284 4954 5233 5458 5388 5007 5336 5301 5380 5022 5092 4968 5451 5222 5339 5119 5435 5137 5130 4696 5079 5131 5383 5107 4918 4749 5299 5352 5168 5304 5330 5317 5000 4951 5540 5630 5144 5399 5079 5251 5232 5260 5537 4862 5284 5524 5552 5070 5476 4962 4769 5372 5560 4966 5503 4871 5237 4939 5332 5126 5427 4852 5306 5329 5050 4755 5295 5930 5122 5537 5234 4828 4487 5015 5267 5411 5199 5258 5079 5030 5148 5547 5261 5083 5059 5614 5242 4852 5543 4836 5202 4998 5120 4657 5461 5136 4863 4999 5458 5076 4908 5101 4832 5792 5140 5207 5076 4817 5431 4941 5034 5133 5299 5074 
5109 5084 5097 5255 5485 5552 5418 5702 5576 5647 5414 5269 4972 5329 5353 4758 5436 5175 5313 5333 5341 5159 5277 5150 5278 5351 5537 5531 5124 5665 5451 5693 5579 5197 5630 4850 5302 5077 5352 4991 5311 5187 6220 5426 5620 5260 5488 5088 5561 5544 5026 5606 5472 5165 5319 5591 5576 5544 4696 5248 5355 5398 5478 5156 5200 5394 5129 5256 5564 5073 5125 5609 5316 5164 5373 5193 5012 5538 5541 5267 5637 5493 5540 5840 4851 5616 5093 5099 5041 5068 5433 5337 5194 5411 5455 5494 5184 5541 5272 5255 5531 5688 5583 5054 5475 5759 5541 5204 5528 5300 5606 5350 4600 5668 5590 4886 5173 5547 5450 5326 5077 5254 5113 5093 5724 5502 4840 5543 5329 4935 4985 5262 5033 4986 5128 5215 4919 5206 5349 5271 5526 5713 5615 5266 5429 5356 5873 5283 5545 5635 5410 5056 5591 5296 5877 5683 5241 5403 5332 5453 5319 5219 5447 5315 5306 5378 5307 5193 5509 5487 5405 5397 5335 5300 5153 4838 5781 5931 5417 5704 4893 5293 5333 5383 5395 5084 5225 5669 5640 5235 5429 5047 5125 5585 5695 5099 5610 4938 5657 4849 5641 5009 5727 4836 5133 5505 5219 5011 5618 5965 5199 5615 5177 4889 4610 5266 5378 5351 5268 5597 5360 5291 5375 5782 5337 5519 5391 5483 5072 5040 5742 4767 5340 5315 4886 5145 5593 5260 5216 4892 5226 5465 5334 5322 5265 5845 5514 5249 5308 5372 5821 5163 5127 5155 5423 5525 
5298 5029 5308 5311 5544 5418 5585 5525 5247 5649 5221 5250 4886 5383 5661 4777 5527 5512 5483 5530 4934 4965 5430 5082 5370 5450 5633 5211 5433 5727 5547 5408 5429 5410 5705 4996 5229 5297 5267 5162 5227 5336 5910 5527 5633 5212 5582 5080 5397 5609 4992 5831 5220 5150 5193 5974 5433 5979 4920 5234 5194 5425 5250 5275 5039 5309 5388 5463 5848 5048 5296 5171 5332 5340 5274 5136 5181 5541 5556 5215 5620 5292 5421 5579 5025 5826 5211 5348 5076 5196 5147 5373 5076 5688 5468 5409 5416 5651 5135 5447 5536 5513 5594 5659 5528 5646 5252 5318 5803 5222 5552 5490 4704 5521 5623 5055 5120 5541 5537 5385 5206 5468 5360 5371 5789 5357 5113 5408 5435 5086 5103 5419 5076 5134 5429 5224 5151 5270 5584 5355 5506 5650 5371 4955 5720 5634 5590 5311 5373 5749 5762 5086 5467 5113 5985 5699 5209 5426 5405 5103 5124 5191 5357 5500 5442 5439 5300 4776 5729 5755 5466 5504 5590 5223 5350 5056 5765 5903 5483 5723 5238 5383 5541 5142 5492 5160 5253 5615 5495 5024 5360 5174 5209 5501 5876 5336 5547 5228 5607 5287 5585 5312 5500 4934 5659 5572 5276 5154 5514 6002 5379 5499 5099 4950 4704 5335 5471 5271 5031 5420 5356 5492 5503 5506 5452 5454 5416 5581 5239 5057 5773 4881 5458 5347 5100 4964 5352 5357 5333 5025 5294 5467 5488 5377 5122 5987 5409 5275 4957 5074 5691 5228 5200 5192 5395 5230 
5377 5318 5442 5134 5395 5402 5518 5431 5493 5532 5631 5317 4668 5625 5534 4875 5512 5293 5277 5404 5160 5222 5222 5220 5564 5541 5519 5509 5285 5504 5278 5701 5078 5386 5683 5074 5360 5421 5317 5101 5511 5317 5859 5537 5387 5199 5585 5390 5401 5742 5252 5580 5510 5312 5467 5806 5539 5800 5092 5291 5454 5611 5389 5187 5286 5406 5231 5305 5425 5225 5285 5567 5662 5227 5285 5401 5230 5415 5432 5437 5820 5342 5447 5766 5215 5936 5226 5121 4938 5459 5358 5387 5183 5668 5424 5575 5259 5662 5184 5096 5471 5503 5789 5556 5704 5859 5505 5232 5464 5386 5662 5595 4803 5552 5284 5211 5158 5757 5666 5267 5018 5451 5507 5242 5577 5285 5042 5462 5342 4891 5063 5497 5155 5069 5223 5250 5238 5164 5613 5371 5670 5692 5567 5233 5471 5499 5418 5355 5538 5647 5218 5504 5696 5254 5995 5759 5268 5579 5424 5296 5479 5197 5268 5383 5481 5431 5308 4928 5459 5396 5458 5384 5565 5208 5340 4932 5972 5940 5101 5592 5199 5222 5139 5528 5655 5195 5652 5881 5521 5066 5599 4932 4952 5237 5587 5118 5625 5188 5633 4876 5922 5154 5592 5048 5242 5554 5154 5170 5272 6078 5285 5642 5305 4813 5065 5355 5307 5344 5353 5674 5308 5512 5397 5613 5599 5460 5207 5649 5252 5114 5730 5041 5627 5519 5333 5314 5698 5265 4804 5114 5644 5185 5369 5337 5001 6092 5482 5389 5166 5188 5768 5423 5073 5240 5586 5472 
4998 5220 5318 5080 5153 5244 5642 5268 5212 5103 4987 4913 4803 5380 4976 4970 5373 5320 5251 5194 4950 5154 4865 4931 5361 4947 5367 4828 4931 5599 5237 5290 5143 5158 5396 4721 5021 5074 5114 5028 5418 5089 5626 5221 5255 5140 5583 4842 5296 5365 5094 5637 5423 4899 5198 5758 5550 5649 4983 5088 5032 5455 5237 5360 5025 5424 4900 5437 5435 5083 5219 5154 5444 5209 5063 4808 5077 5046 5055 5259 5621 5390 5333 5467 4955 5456 5003 5292 4777 4928 5366 5351 4996 5694 5179 5310 4950 5077 5096 5041 4996 5392 5671 5708 5178 5536 5137 4974 5419 5108 5815 5502 4586 5209 5353 5034 4951 5467 5397 5099 4712 5600 5265 4777 5226 5103 4814 5142 5482 5154 4977 5006 5058 4810 5030 5346 4750 5071 5383 5211 5474 5476 5305 5152 5185 5327 5562 5216 5385 5604 5314 5151 5239 5330 5702 5691 5283 5310 5184 5352 4965 4984 4887 5435 5446 5352 5116 5064 5254 5469 5349 5248 5246 5165 5175 4714 5482 5451 5105 5372 5108 5129 5081 5099 5605 4816 5335 5455 5505 4839 5018 4874 5014 5335 5389 5081 5273 4946 5268 4745 5259 4946 5400 4842 5647 5426 4877 5045 5230 5623 5051 5254 5116 4842 4814 5056 5068 5321 4898 5097 5158 4991 5267 5268 5264 5258 5197 5651 5056 4806 5534 4769 5273 4923 4873 5097 5391 5089 5124 5061 5086 5040 5201 5098 4932 5945 5405 5194 5092 4929 5583 5308 5233 5172 5101 5174 
4989 4690 4999 5066 5389 5118 5484 5204 5030 5280 5234 4972 4708 5345 5043 4964 5545 5181 5392 5101 4927 5186 5093 4857 5503 5032 5168 5253 5106 5388 5487 5254 4991 5036 5322 4774 5112 4977 4907 4978 5179 5182 5879 5225 5307 5247 5355 4894 5120 5620 4576 5746 5172 4988 5152 5647 5371 5356 4618 5112 5135 5279 5142 5266 5234 5161 5169 5115 5189 5032 5024 5156 5207 5299 4937 4864 4762 5244 5158 5413 5482 5046 5224 5184 4730 5381 5040 5024 4907 5149 4937 5201 5016 5082 5282 5211 5142 5288 5022 5150 5501 5318 5377 5372 5270 5450 5065 4906 5428 5177 5525 5309 4417 5356 5293 4994 4874 5550 5557 5255 4906 5292 5041 5047 5282 5308 4565 5319 5454 4902 4820 4944 5070 5032 5202 5077 4920 5022 5526 5009 5256 5484 5337 4975 5407 5145 5044 5069 5409 5540 5284 5082 5204 5320 5830 5617 5035 5237 5300 5035 5079 4985 4873 5313 5301 5280 4935 4790 5337 5356 5117 5441 5233 5019 5357 5107 5714 5618 4952 5443 5019 5228 5337 5100 5543 4851 5335 5167 5389 5022 5179 5059 4976 5253 5417 5262 5265 4898 5426 4702 5316 4951 5442 4966 5126 5292 4875 5045 5321 5444 5120 5320 4981 4542 4789 5189 5352 5225 5068 5428 5276 5155 5417 5197 5217 5261 5100 5387 5007 4742 5531 4796 5406 5214 4851 5144 5363 5220 5215 5047 5159 5287 5196 5292 4871 5971 5107 5078 5033 4922 5299 5157 4930 5098 5161 5061 
5561 5379 5386 5387 5735 5765 5746 5745 5676 5909 5508 5437 5068 5800 5619 5380 5560 5497 5665 5701 5421 5396 5362 5288 5636 5458 5514 5290 5224 6005 5761 5234 5543 5691 5870 5097 5310 5265 5554 5093 5711 5319 6083 5631 5511 5488 5842 5549 5518 5708 5262 5921 5526 5458 5401 5962 5765 5904 5177 5437 5282 5867 5708 5416 5573 5619 5498 5529 5781 5216 5612 5617 5864 5561 5398 5360 5122 5835 5478 5758 6077 5597 5751 5637 5214 5732 5353 5453 5288 5624 5315 5625 5351 5611 5374 5663 5404 5790 5441 5428 5503 5664 5848 5736 5712 5586 5117 5055 5873 5455 6058 5631 4665 5450 5746 5285 5289 5751 5908 5427 5015 5561 5430 5264 5941 5393 5314 5685 5596 5278 4949 5480 5238 5151 5399 5370 5332 5207 5565 5433 5505 5854 5461 5376 5536 5773 5897 5458 5584 5719 5500 5262 5896 5817 6210 6011 5245 5401 5175 5465 5493 5402 5508 5440 5454 5447 5443 5196 5672 5660 5679 5766 5723 5128 5707 5260 6199 5951 5463 5903 5352 5465 5706 5331 5983 5089 5604 5985 5717 5349 5596 5287 5272 5718 5896 5469 5623 4959 5673 5487 5713 5363 5523 5252 5649 5681 5361 5377 5618 5953 5474 5501 5415 5208 5144 5675 5552 5445 5208 5563 5340 5440 5639 5748 5239 5674 5413 5894 5351 5028 5670 5037 5771 5477 5253 5473 5793 5429 5359 5231 5069 5879 5609 5931 4937 6048 5704 5852 5394 5109 5923 5436 5370 5441 5694 5381 
5306 5268 5382 5086 5574 5519 5404 5375 5655 5753 5133 5424 4635 5656 5257 4952 5319 5394 5593 5617 5413 5338 5274 5121 5504 5273 5431 5207 5309 5537 5402 5786 5352 5246 5812 5020 5296 5112 5359 5235 5293 5086 5918 5182 5467 5095 5536 5209 5397 5504 5328 5827 5245 5482 5391 6049 5461 5928 5006 5386 5273 5654 5425 5259 5276 5413 5409 5397 5372 4925 5291 5536 5479 5283 5425 5324 4982 5546 5439 5437 5602 5342 5494 5614 5224 5656 5329 5069 5038 5373 5092 5572 4979 5478 5290 5509 4996 5646 5221 5376 5506 5377 5652 5684 5477 5573 5088 5160 5789 5422 5644 5553 4775 5464 5468 5054 5224 5396 5823 5214 5205 5500 5053 5360 5566 5351 5011 5334 5469 5109 4990 5234 5032 5068 5238 5183 5166 5410 5486 5420 5597 5951 5495 5034 5533 5594 5777 5481 5250 5406 5748 5334 5885 5269 5697 5712 5434 5440 5335 5297 5122 5315 5180 5339 5634 5193 5126 5165 5536 5165 5769 5445 5452 5067 5447 5134 5713 5579 5454 5506 5529 5325 5568 5386 5427 5262 5555 5653 5470 5418 5489 5494 5071 5640 5779 5264 5833 5039 5334 4984 5562 5180 5419 4956 5437 5533 5123 5089 5564 5856 5156 5506 5131 4757 4626 5521 5389 5387 5368 5568 5505 5386 5271 5640 5618 5526 5389 5561 5367 5004 5641 5092 5583 5364 5145 5106 5672 5238 5085 5263 5380 5182 5244 5562 5062 5946 5440 5473 5083 5112 5265 5311 5001 5136 5436 5375 
5132 4834 5110 4674 5045 5259 5154 5357 5191 5403 4993 5002 4421 5310 4956 4744 4956 5074 5054 5041 4789 4836 5062 4882 5014 4918 5324 5045 4752 5537 5059 5510 4979 5210 5273 4567 5017 4988 5174 4919 5023 4811 5229 4866 4976 5025 5392 4854 5121 5246 4811 5525 5051 5002 5013 5518 5490 5759 4651 4982 4919 5126 5227 5060 5118 5015 5108 5047 5247 4971 5217 5112 5118 4995 5064 5045 4660 5070 4973 5216 5631 5178 5180 5211 4939 5471 5054 5032 4771 5065 4766 5204 4944 5261 5032 4970 4995 5312 4904 5090 5126 5253 5420 5139 5236 5144 4974 5021 5322 5115 5520 5177 4265 4929 5386 4859 4789 5330 5147 5240 4969 5155 5050 4799 5218 4940 4740 5209 4896 4725 4936 5066 5058 4861 4918 5113 4801 5043 5283 5214 5215 5703 5076 5011 5173 5230 5190 5099 5215 5278 5294 4808 5371 5046 5720 5511 4774 5340 5066 4971 4975 4762 5113 5083 5010 4941 5098 4771 5283 5135 5116 4884 5134 5052 5228 4618 5615 5516 5075 5219 4989 4889 5065 4958 5259 5038 5032 5335 5312 4856 5362 4693 5008 5364 5351 5083 5213 4666 4958 4380 5152 4881 5107 4675 5143 5297 4607 4824 5176 5579 5214 5063 5064 4555 4566 5153 5166 4900 4772 5106 5054 5186 5180 5213 4883 5108 4906 5504 5076 4768 5535 4510 5093 5177 4923 4800 5464 4937 4944 4778 5004 4941 4851 4887 4619 5841 4926 5221 4791 4677 5311 4910 5092 4941 5075 4858 
4964 5209 5090 4728 5362 5279 5299 5203 5517 5411 5106 5190 4788 5376 5049 4610 5424 5251 5133 5416 5275 4924 5102 5078 4971 5151 5374 5344 4921 5406 5500 5334 4966 5405 5658 4859 5076 5080 5000 5140 5123 5048 5680 5324 5236 5445 5475 5103 5151 5251 5064 5647 5097 5084 5118 5997 5669 5755 5080 4996 5114 5426 5181 4866 5236 5171 5279 5307 5476 5365 5303 5259 5404 5326 5158 5111 4933 5335 5327 5454 5617 5274 5212 5504 4973 5598 5420 4917 4933 5152 5022 5264 5218 5360 5253 5548 4974 5881 5252 5111 5391 5373 5667 5327 5551 5322 5192 4631 5608 5075 5680 5277 4572 5304 5253 5033 4859 5258 5699 5238 4892 5214 5202 5172 5202 5157 5020 5387 5147 4719 4769 5222 4928 4799 4825 4998 4958 5093 5235 5369 5459 5563 5088 5181 5374 5433 5486 5036 5160 5472 5357 5215 5329 5257 5710 5626 5154 5066 5291 4907 4916 4775 5145 5125 5343 5134 5116 4878 4972 5426 5480 5259 5246 4797 5072 4745 5832 5674 5281 5159 5315 5122 5319 5131 5660 4727 5446 5576 5399 5163 5345 4990 4849 5212 5601 5181 5376 4917 5592 4884 5416 5269 5050 4829 5233 5454 4988 5006 5318 5965 4967 5102 5029 4807 4707 5212 5212 5325 5123 5414 5022 4898 5329 5550 5137 5341 5269 5555 5054 4978 5573 4879 5401 5146 5320 4737 5483 5174 4816 4990 5191 5230 5243 5261 5230 5702 5413 5090 5143 4884 5390 5313 4911 5024 5178 5082 
5126 5274 5104 5066 5358 5565 5432 5343 5540 5257 5152 5230 4603 5474 5211 4731 5182 5282 5502 5391 5162 5049 5050 5066 5333 4940 5080 5011 4872 5312 5406 5182 5288 5420 5740 4871 5218 5172 5096 4728 5346 4975 5640 5258 5028 5105 5687 5138 5372 5370 4846 5782 5128 4976 5294 5738 5271 5652 5050 5174 5007 5217 5314 4972 5081 5406 5316 5468 5515 5099 4976 5343 5484 5198 4872 4956 5055 5224 4948 5282 5680 5271 5461 5399 4837 5422 5200 4929 4771 5403 5081 5372 4963 5566 5290 5314 5158 5276 5228 5041 5284 5495 5582 5355 5365 5512 5363 4872 5593 5410 5583 5490 4578 5173 5380 5040 5237 5506 5353 5033 4656 5459 5502 4818 5334 5245 4972 5022 5114 4806 4898 4938 5100 4988 5123 5067 4930 5158 5439 5229 5437 5548 5290 5081 5238 5569 5434 5026 5086 5453 5216 5244 5302 5430 5404 5881 4942 5224 5228 5280 5074 5114 5161 5331 5333 5125 5243 4861 5244 5363 5579 5093 5603 5112 5545 4843 5624 5708 5072 5425 5306 5209 5053 4997 5717 4901 5612 5528 5303 5190 5306 4937 4899 5252 5380 5016 5355 4820 5192 4789 5578 4911 5218 4552 5361 5322 5241 5120 5289 5714 5279 5373 5078 4749 4819 5187 5132 4995 5175 5087 5266 5266 5291 5503 5246 5242 4994 5488 5197 4745 5523 4788 5456 5136 5098 5093 5506 5222 5317 4912 5164 5173 5344 4946 5040 5889 5265 5329 5174 4841 5738 5542 5222 5034 5339 5228 
4951 4833 5044 5014 5139 5188 5293 5092 5052 5311 5103 5124 4465 5246 5163 4609 5289 5124 5050 5175 4679 4956 5208 4876 5125 4790 4997 5180 4721 5489 5481 5209 5086 5349 5416 4865 4861 5123 5208 4724 5111 4960 5532 5129 5033 5010 5437 5210 5089 5277 4734 5195 5202 4997 5088 5728 5201 5723 4607 5087 4863 5387 5298 4965 4898 5128 5007 5062 5485 4706 4918 5287 5247 5162 4875 4977 4749 5303 5335 5237 5433 5261 5052 5191 4915 5315 5205 4996 4815 5036 5013 5307 4884 5341 5002 5364 4995 5320 4906 4978 5301 5377 5336 5136 5357 5197 5110 4936 5241 4950 5448 5094 4051 5265 5249 4992 4712 5200 5287 5188 4898 5122 5334 4841 5205 5305 4825 5100 5123 4614 4918 4808 5014 4745 4790 4833 4824 5121 5044 5208 5220 5574 5030 4889 5172 5301 5346 4946 5410 5281 5237 4973 5219 4968 5702 5588 5047 5045 5180 4901 4800 4909 5118 5002 5403 5058 5031 4708 5098 5267 5106 5095 5330 4911 5110 4748 5448 5669 5014 5219 4824 5202 5324 5077 5553 4841 5222 5494 5145 5098 5436 4702 4885 5192 5377 4975 5032 4838 5140 4630 5243 4988 5280 4555 5192 5290 5061 4834 4939 5788 4799 4995 5047 4830 4671 5209 5395 5074 5166 5360 5137 5008 5234 5325 4895 5278 4903 5280 4822 4738 5522 4790 5233 5078 5022 4689 5048 4872 4933 4607 5043 5154 5220 4772 4847 5824 5156 5143 4875 5032 5575 5082 5024 4928 5361 5044 
5015 5099 5321 4920 5231 5025 5229 5596 5408 5748 5111 4924 4704 5208 5098 4512 5120 5259 5189 5378 5056 5010 5047 5049 5139 4966 5289 5183 5003 5327 5159 5383 5155 5187 5563 4602 5301 4877 5101 4946 5163 5088 5317 5150 5288 5035 5245 5245 5299 5290 5267 5545 5241 5064 5174 5910 5349 5699 5004 5156 4882 5585 5323 4926 5159 5470 5024 5118 5366 5001 4896 5213 5289 5233 5082 4959 4914 5290 5251 5236 5695 5466 5270 5494 4869 5409 5248 4775 4988 4929 5060 5167 5106 5572 4986 5374 4830 5606 5047 5033 5135 5255 5586 5533 5285 5589 5011 4928 5320 5239 5410 5161 4414 5247 5112 5130 5012 5288 5347 5242 4898 5269 5342 4845 5611 5309 4980 5079 5299 4823 5041 5033 5041 4765 5271 4970 4921 5285 5372 5056 5378 5577 5291 5003 5190 5385 5440 5201 5298 5526 5580 4994 5359 5141 5552 5585 5180 5221 5223 4867 5139 5025 5277 4837 5159 5000 5289 5051 5451 5245 5466 4973 5202 5100 5187 4745 5665 5539 5310 5385 5059 4971 5384 5228 5330 4786 5417 5856 5531 5179 5451 4976 4959 5344 5366 5251 5314 4821 5446 4655 5176 5007 5152 4866 5225 5395 4888 4910 5315 5498 5103 5168 5125 4565 4797 5161 5491 5195 5079 5188 5048 5082 5301 5422 4951 5195 5054 5662 4882 4930 5724 4847 5355 5227 5200 5096 5766 5078 4919 4961 5178 5327 5075 5139 5022 5710 5312 5044 5011 5144 5480 5094 5164 4873 5165 5064 
5315 5027 5350 5215 5453 5657 5713 5459 5595 5474 5473 5137 4911 5635 5474 5252 5606 5365 5376 5632 4973 5285 5336 5298 5210 5279 5556 5234 5315 5609 5600 5762 5260 5709 5811 4783 5348 5258 5490 5268 5228 5103 6010 5547 5374 5063 5416 5369 5425 5733 4985 5738 5532 5337 5504 5951 5709 5753 4966 5391 5283 5580 5671 5333 5472 5526 5321 5462 5843 5499 5410 5174 5791 5267 5558 5277 5312 5383 5569 5347 5673 5401 5415 5720 5094 5851 5317 5091 5015 5271 5247 5484 5208 6035 5231 5531 5182 5863 5278 5332 5675 5517 5926 5516 5705 5866 5463 5277 5603 5834 5482 5707 4521 5637 5614 5176 5237 5716 5551 5364 4956 5324 5593 5206 5858 5326 5185 5321 5424 5089 5047 5065 5187 5135 5281 5062 5289 5375 5608 5451 5647 5871 5232 4956 5525 5494 5368 5296 5504 5551 5508 5255 5662 5268 5950 5794 5211 5392 5428 5363 5406 5224 5376 5225 5588 5302 5340 4982 5433 5799 5768 5431 5593 5310 5541 5365 5775 5585 5404 5624 5355 5293 5520 5129 5821 5060 5736 5828 5570 5292 5386 5240 5232 5562 5587 5507 5329 5123 5517 5350 5548 5338 5550 4734 5265 5704 5160 5325 5523 5846 5477 5559 5402 4808 5009 5715 5574 5288 5334 5572 5199 5345 5657 5827 5354 5709 5385 5624 5250 4911 5679 4993 5477 5620 5405 5263 5719 5452 5096 5270 5439 5379 5349 5303 5145 6125 5438 5329 4991 5345 5785 5465 5332 5363 5356 5457 
4773 4783 4826 4691 5166 5447 5038 5263 5315 5176 4937 5116 4792 5134 4938 4464 5058 4962 5075 5356 5045 5005 4814 4872 4967 5011 5058 4825 4442 5434 5287 5481 5008 5199 5380 4535 5068 4886 5004 4910 5212 4710 5395 5090 5119 5015 5177 4962 5175 5502 4789 5364 5126 4979 5134 5444 5416 5536 4868 5199 4815 5246 4993 4932 4787 5033 4866 5114 5601 4928 4925 5273 5412 4983 5193 5137 4877 5310 5265 5279 5679 5087 5094 5404 4875 5411 4857 5034 4868 4863 4989 4835 4795 5204 4747 5136 4951 5253 5004 5057 5356 5056 5424 5078 5338 5378 5221 5040 5458 5206 5475 5415 4369 5262 5363 4646 4917 5233 5254 5607 4557 5046 5063 4442 5132 5163 4647 4956 5081 4694 4918 4994 4534 4695 4811 4927 4752 4920 5130 5081 5110 5525 5235 4896 5136 5311 5253 4744 4877 5251 5322 4753 5350 5186 5196 5271 5023 5183 5243 5014 5146 4975 4991 5301 5171 5013 5067 4857 5191 5134 5291 5236 5267 5026 4994 4686 5466 5506 5277 5365 5064 4976 5189 5102 5397 4810 5309 5426 5466 5392 5211 4898 4939 5252 5283 5175 5165 4814 4849 4587 5264 4500 5220 4722 5147 4971 4926 4968 5216 5537 4790 5014 4975 4810 4417 5177 5111 4863 5011 5300 4975 5102 5120 5355 5107 5429 4894 5213 4806 4616 5330 4739 5241 5070 4913 4946 5386 5113 4921 4917 4903 4888 5161 5089 4684 5720 5312 4811 5005 4688 5308 4973 4937 4916 5283 5139 
5283 5116 5516 5178 5654 5501 5476 5444 5467 5790 5452 5259 4836 5645 5268 4897 5370 5357 5414 5546 5212 5113 4790 5295 5550 5441 5560 5054 5011 5466 5660 5742 5368 5455 5959 4980 5612 5444 5286 5211 5633 5315 5776 5801 5706 5305 5830 5193 5230 5634 5200 5904 5732 5336 5491 6003 5447 6300 5223 5287 5307 5646 5569 5544 5320 5503 5412 5346 5816 5246 5154 5544 5674 5523 5558 5589 5298 5620 5532 5525 5840 5336 5488 5450 5292 5840 5380 5327 4998 5272 5350 5353 5051 5778 5035 5598 5354 5743 5214 5257 5414 5537 5801 5600 5704 5636 5287 5035 5577 5385 5769 5654 4752 5516 5702 5030 5193 5777 5593 5530 5062 5583 5601 4894 5608 5194 4980 5394 5467 5203 5142 5317 5132 5397 5169 5158 5161 5343 5226 5610 5534 5937 5522 5247 5672 5304 5655 5219 5521 5512 5634 5082 5608 5275 5851 5844 5287 5552 5442 5514 5279 5229 5295 5376 5421 5151 5396 5168 5536 5638 5722 5178 5750 5315 5297 5065 5807 5802 5211 5531 5422 5272 5361 5435 5882 5120 5692 5808 5879 5315 5357 5074 5154 5552 5815 5422 5469 4909 5551 4954 5787 5166 5384 4872 5362 5605 5411 5359 5523 6039 5185 5244 5332 5152 4769 5572 5575 5573 5386 5775 5019 5309 5423 5599 5657 5460 5028 5544 5244 5075 6019 5029 5454 5372 5349 5076 5609 5235 5288 5168 5416 5330 5387 5488 5139 5888 5503 5219 5357 5371 5816 5383 5223 5463 5702 5265 
5251 5190 5259 5232 5220 5385 5458 5356 5346 5671 5286 5302 4464 5388 5327 5057 5486 5308 5375 5686 5243 5317 5113 5148 5249 5062 4996 5127 5112 5681 5725 5235 5213 5301 5769 4903 5182 5155 5449 4868 5168 5365 5919 5364 5402 5327 5451 5299 5376 5592 5085 5606 5234 5203 5188 5947 5208 5478 5002 5245 5126 5287 5560 5222 5243 5389 5111 5466 5499 5048 5261 5314 5400 5218 5181 5168 4907 5451 5254 5449 5509 5228 5415 5409 5184 5662 5151 4768 5228 5469 5224 5516 5153 5382 5207 5496 5124 5546 5102 5349 5641 5425 5641 5334 5507 5549 5285 5095 5645 5557 5665 5253 4383 5313 5341 5314 4932 5462 5383 5179 4879 5558 5202 5259 5547 5263 5002 5318 5198 5006 4930 5202 5201 4897 5299 5245 4879 5052 5227 5290 5411 5469 5269 5165 5384 5489 5566 5176 5291 5257 5362 5159 5404 5200 5757 5497 5235 5148 5242 5169 5028 4993 5352 5003 5630 5220 5089 4886 5228 5555 5518 5595 5668 5051 5684 5128 5783 5855 5235 5402 5283 5311 5554 4908 5756 5020 5447 5716 5411 5090 5557 5029 4838 5452 5585 5086 5207 4779 5559 5031 5312 5155 5238 4697 5087 5646 5159 4970 5437 5857 5375 5538 4902 4845 4704 5371 5311 5353 5219 5547 5280 5228 5270 5497 5275 5444 5309 5709 5388 4902 5652 5039 5353 5230 5161 5117 5329 5333 5292 5095 5009 5305 5116 5434 5000 6061 5487 5388 5064 5032 5622 5179 5149 5132 5464 5289 
5196 5150 5395 5249 5636 5442 5557 5401 5757 5892 5371 5329 5000 5628 5406 4831 5455 5466 5504 5428 5259 5140 5280 5252 5442 5324 5386 5313 5058 5753 5278 5904 5321 5429 5941 4830 5436 5183 5327 5025 5294 5245 5777 5316 5701 5309 5651 5073 5431 5642 5036 5773 5286 5642 5326 5702 5455 5898 4891 5147 5250 5653 5529 5218 5417 5552 5293 5491 5679 5299 5409 5367 5758 5111 5542 5233 4822 5699 5619 5518 5902 5394 5446 5671 5337 5657 5497 5070 4859 5357 5295 5501 5228 5697 5039 5554 5053 5596 5317 5131 5496 5427 5866 5350 5571 5868 5378 4960 5594 5449 5695 5384 4484 5693 5576 5180 5168 5781 5496 5431 5168 5488 5275 5151 5603 5374 4853 5220 5364 5105 5111 5519 5028 4860 5291 5036 5530 5212 5433 5181 5873 5772 5587 4882 5358 5419 5621 5252 5359 5519 5443 5152 5541 5245 5717 5889 5211 5407 5615 5155 5317 5133 5540 5274 5068 5510 5321 5293 5633 5659 5460 5431 5552 5350 5325 5232 5997 5868 5448 5606 5195 5211 5495 5408 5492 5094 5505 5579 5959 5375 5654 5094 5271 5529 5549 5253 5528 5107 5591 4790 5892 4997 5572 4797 5371 5620 4969 5142 5264 6000 5300 5536 5256 4794 4704 5660 5566 5452 5529 5813 5277 5341 5557 5599 5330 5280 5364 5703 5275 5031 5795 4869 5364 5652 5345 5184 5817 5323 5143 5161 5316 5507 5507 5470 4997 5840 5441 5154 5183 5204 5757 5216 5263 5196 5522 5450 
5001 4834 5155 5002 5283 5257 5301 5104 5076 5349 5113 5140 4743 5227 5028 4628 5131 5185 5133 5214 4973 5211 4793 4858 5282 5136 4978 5013 4755 5457 5055 5154 5066 5353 5682 4655 5055 4807 5016 4608 5020 4939 5721 5084 5084 4972 5434 5006 5073 5112 4896 5566 5038 4978 5199 5597 5191 5641 4683 5184 4929 5243 5073 5016 4775 5499 4904 5199 5424 5125 4943 4981 5260 4959 5088 4862 4623 5198 5356 5306 5436 5036 5297 5377 4632 5423 5205 4906 4941 5065 5041 5165 4905 5178 4922 5218 4887 5168 5223 4972 5356 5122 5737 5388 5243 5335 4980 4929 5397 5194 5489 5178 4204 5266 5327 4841 4849 5324 5469 4918 4923 5518 5175 4764 5536 5046 4630 4909 5179 4722 5079 4871 4932 4612 4960 4978 5054 4948 5282 5001 5292 5248 5097 5000 5326 5181 5385 5013 5447 5216 5174 5230 5179 5078 5587 5545 4940 5235 5103 4985 5097 5052 4944 5099 5153 5089 5009 4710 5069 5479 5597 5023 5411 4979 5152 5073 5431 5541 5014 5247 5163 4889 5029 5070 5279 4848 5234 5530 5515 4876 5400 5057 4931 5225 5463 5217 5315 4574 5153 4825 5267 4984 5257 4785 5150 5220 4759 4982 5152 5597 5128 5130 4756 4422 4542 5097 5248 5145 4809 5263 4769 5110 5354 5334 4962 5139 5101 5575 4955 4715 5552 4811 5213 5110 4913 5089 5186 5207 5020 4951 4779 5142 5100 4999 4880 5901 5302 5183 5014 4877 5474 5003 4961 4950 5126 5191 
4988 4815 4784 4599 5231 5538 5092 5034 4992 5180 5100 4923 4739 5199 4957 4609 5114 5173 4944 4856 4724 4991 4933 4749 4793 4838 4954 4898 4732 5273 5166 5452 4719 4940 5268 4575 5163 4791 4998 4459 5129 4860 5386 5169 5097 4905 4895 4821 5028 5092 4708 5494 5258 4702 5097 5569 5211 5661 4693 5169 4785 4863 5016 5188 5128 5019 4781 5162 5489 4689 4670 5099 4962 4940 4890 4990 5074 5052 5125 5077 5607 5004 5186 5264 4627 5341 4657 4659 4554 4808 4898 4917 4898 5439 4894 5091 4917 5234 4901 4873 5008 5170 5380 5254 5198 5155 4863 4916 5106 4733 5215 5196 4262 4899 5258 4923 4738 5384 5103 4989 4862 5131 4954 4858 5175 4860 4784 4945 5286 4765 4710 4760 4762 4524 5016 4880 4793 4984 5044 5137 4964 5703 5149 4638 5183 5034 4841 4842 4950 5310 5232 4623 5280 4831 5626 5270 5142 5142 4981 5077 4813 4754 4835 4966 5061 4825 5044 4915 5202 5083 5125 4960 5366 5132 4912 4699 5456 5433 4827 5313 4825 4687 4954 4993 5113 4444 5017 5241 5087 4840 4869 4769 4961 5226 5127 4915 5106 4511 4989 4516 5322 4660 5061 4306 5162 5319 4911 4774 5118 5373 4824 5287 5016 4835 4420 5157 4966 4745 5224 4967 5107 4853 5031 5268 4971 4965 4823 5275 4866 4543 5424 4645 5112 4946 5015 4673 5097 4887 4944 4845 5015 5079 4980 4746 4640 5600 5300 5147 4901 4746 5279 4722 4749 5007 5402 5119 
5305 5335 5525 5244 5603 5933 5622 5772 5485 5976 5400 5720 4952 5577 5671 5361 5660 5665 5742 5897 5509 5451 5523 5273 5906 5412 5492 5539 5522 6059 5907 5642 5344 5596 5888 5067 5554 5155 5471 5370 5507 5430 6024 5629 5592 5575 5719 5526 5634 5743 5607 6164 5493 5519 5724 6304 5767 5918 5183 5557 5419 5713 5440 5470 5727 5513 5515 5750 5768 5321 5457 5525 5702 5513 5405 5370 5255 5835 5836 5662 6148 5631 5716 5828 5513 6123 5618 5416 5235 5461 5434 5701 5475 5728 5639 5671 5380 5934 5421 5519 5922 5752 5868 5817 5632 5809 5393 5355 5955 5859 5890 5596 4768 5479 5814 5421 5605 5764 5858 5720 5042 5631 5680 5659 6037 5595 5207 5744 5503 5124 5310 5493 5145 5191 5674 5603 5421 5524 5551 5440 5734 5894 5937 5442 5851 5788 6040 5706 5650 5915 5987 5469 5603 5402 6213 5998 5521 5627 5618 5357 5515 5452 5690 5482 5572 5498 5649 5325 5747 5819 5674 5748 5741 5207 5659 5262 6178 6085 5861 5913 5580 5436 5625 5553 5909 5426 5562 6037 5912 5496 5914 5484 5172 5980 5962 5574 5986 5107 5587 5301 5596 5394 5701 5032 5276 6095 5175 5293 5968 6106 5588 5707 5330 5006 5111 5604 5674 5278 5613 5820 5573 5528 5826 5732 5468 5732 5455 5850 5493 5059 5859 5143 5665 5573 5302 5399 5623 5642 5280 5350 5527 5570 5449 5719 5257 6379 5712 5847 5337 5456 5716 5451 5317 5406 5510 5568 
4920 4837 4922 4977 5381 5317 5104 5002 4837 5286 4986 5018 4678 5220 5103 4626 5019 5048 5150 4993 4677 4844 4873 4939 4933 4823 4926 5073 4856 5165 5040 5293 5173 5206 5365 4806 4987 4812 4948 4571 4935 4786 5219 5230 4685 5001 5340 5040 5186 5310 4821 5456 5202 5026 5229 5446 5148 5351 4522 4831 4891 5207 5079 4819 4824 5188 4993 5067 5254 4867 4832 5019 5167 4909 5270 4949 4707 5099 5098 5192 5367 4730 4976 5332 4428 5455 4895 4941 4598 4950 4962 5029 4536 5034 4880 5133 5105 5044 5010 4757 5029 5204 5182 5247 5016 5087 4891 4911 5193 5079 5389 5248 4183 5291 5143 4493 4863 5125 5352 4954 5086 4900 5014 4572 5483 4852 4426 4710 4729 4688 4531 4988 5097 4604 5066 4767 4777 5003 5353 4888 5111 5173 4887 4889 4955 5174 5244 5138 4951 5198 5200 4850 4978 4830 5590 5395 4992 5165 4882 4856 4846 4783 5128 4898 4965 4834 5102 4677 5109 5037 4885 4905 5313 4739 4994 5021 5574 5511 4810 5314 4872 4769 4963 4885 5109 4720 5088 5346 5330 4701 5044 4919 4621 5210 5317 4827 5146 4589 5085 4678 5613 4840 5115 4664 4911 5164 4998 4681 5118 5500 4821 5011 4766 4487 4428 5117 5022 5080 4876 5138 4930 4925 5142 5373 4819 5257 4854 5181 4870 4678 5465 4561 5218 5213 4825 4709 5098 5015 4911 4687 5008 5001 4791 5073 4758 5389 5376 5034 5020 4749 5612 5043 4791 5268 5180 5009 
5264 4841 5127 5187 5181 5083 5155 5151 5486 5049 4989 5001 4540 5090 5230 4767 5391 5129 5327 5373 4924 4873 4796 4826 4903 5024 5158 4857 4878 5579 5356 5405 5015 5095 5439 4698 4986 4827 5014 4955 5121 5111 5610 4991 5206 5060 5255 4875 5008 5340 5024 5603 5193 5066 5216 5572 5217 5354 4741 5126 5126 5166 5273 5039 5276 5130 4766 5353 5422 4986 4780 5108 5374 4842 5082 4701 4904 5436 4865 5318 5673 4995 5103 5303 4928 5269 4885 4742 4730 4717 5134 5067 4840 5433 4871 5319 4677 5271 4934 5280 5133 4976 5313 5430 5134 5308 4909 4982 5248 5088 5268 5189 4378 5104 5226 4940 4794 5308 5290 4961 4624 5263 5092 4876 5241 5110 4696 4914 5046 4915 4611 4893 4758 4756 4950 4797 4787 4726 5415 5133 5200 5352 5063 4659 5015 5381 5113 5149 5073 5291 5126 4733 5379 5238 5519 5074 5084 4942 4925 4993 5089 4893 5005 5221 5272 5267 5002 4676 5159 5212 5210 5118 5243 4816 5042 4714 5377 5387 4893 5398 4858 4996 5027 4915 5410 4989 5133 5252 5297 5015 5231 4987 4636 5151 5319 4867 5183 4726 5159 4962 5499 4627 5236 4850 5231 5502 4827 5126 4667 5409 5030 5103 5167 4636 4329 5108 5078 5232 4719 5182 5083 5357 4977 5306 4997 4844 4983 5411 4863 4697 5611 4743 4914 5138 4813 4798 5271 5225 5049 4925 4918 5252 5120 5476 4743 5614 5400 4875 4784 4909 5353 4903 4983 4901 5095 5019 
5023 4819 5096 4919 5388 5316 5187 4940 5195 5628 5132 5144 4495 5260 5289 4653 4959 5127 5253 5229 4834 4987 4961 5058 5036 5043 5089 4995 4822 5492 5249 5440 5107 5226 5450 4615 4684 4937 4935 4720 4945 5023 5323 5097 5268 4934 5268 4950 5083 5237 4631 5363 5129 4962 5108 5500 5180 5746 4565 5071 5092 5191 5217 5019 5053 5300 5056 5333 5236 4833 4847 5172 5292 5109 5107 4958 4443 5194 5362 5066 5617 5124 5215 5237 5043 5348 4903 4894 4772 5084 4907 5351 4694 5417 4886 5120 4972 5475 5157 4791 5120 5218 5496 5357 5230 5330 5087 4765 5598 5345 5249 5161 4147 5263 5182 4850 4753 5188 5355 4963 4906 5198 5279 4813 5260 4900 4667 5137 5181 4765 4609 4829 5008 4572 5004 5085 5064 4891 5175 4964 5218 5547 4982 5050 5369 5490 5112 5276 5239 5120 5343 4939 5259 5118 5595 5366 4985 5122 5076 5133 4978 4830 5024 4882 5117 5016 4801 4752 5395 5205 5152 5190 5283 4844 5336 5108 5520 5728 4774 5390 4923 5069 5216 4987 5250 4819 4849 5528 5335 4989 5319 4778 4921 5402 5388 5018 5182 4685 5227 4876 5557 5023 5076 4609 4961 5526 5098 4931 5362 5513 5213 5222 4854 4693 4707 5174 5064 4984 5353 5286 5328 5049 5253 5223 4967 5276 5226 5221 4912 4815 5509 4823 5357 5334 4865 4772 5209 5124 4800 5077 5102 5057 4951 5123 4911 5621 5253 5110 5070 4930 5502 4921 4759 5079 5271 4951 
5379 4941 5440 5124 5358 5371 5664 5480 5121 5470 5165 5188 4593 5285 5092 4918 5103 5273 5204 5509 4791 5055 4909 5012 5119 5110 5201 5134 4947 5654 5334 5514 5080 5327 5513 5047 5053 4884 5171 4996 5236 5101 5628 5359 5368 5303 5383 4989 5265 5346 4995 5554 5249 5194 5278 5732 5434 5657 4900 5383 5230 5502 5155 4875 5138 5335 5047 5212 5511 4704 5184 5430 5511 5073 5281 5164 4812 5493 5359 5318 5669 5172 5371 5417 4945 5623 5259 5263 4725 5003 5083 5464 5062 5468 5145 5203 5047 5421 5406 5088 5324 5414 5525 5531 5451 5686 5299 5219 5610 5206 5597 5156 4474 5218 5544 5202 5158 5262 5177 5321 5101 5440 5143 4978 5355 5571 4889 5096 5030 4707 4882 5110 4799 5022 5220 5067 4922 5123 5325 5191 5175 5550 5186 4836 5522 5241 5369 4965 5283 5539 5503 4985 5339 5007 5562 5912 4907 5425 5057 5167 5146 4966 5180 5336 5315 5163 5200 4700 5195 5228 5282 5014 5144 5082 5305 5005 5536 5548 5343 5787 4882 5187 5312 5164 5515 4881 5227 5521 5428 4996 5469 4944 4980 5426 5751 5168 5302 4957 5489 4761 5276 4891 5221 4841 5336 5566 4909 5049 5225 5816 4999 5183 5085 4687 4535 5393 5352 5498 5151 5394 4872 5145 5289 5519 5214 5303 5030 5375 5054 4861 5386 4877 5225 5330 4987 4948 5502 5388 5189 4849 5190 5012 5260 5281 4739 5847 5346 5311 5066 4898 5575 5319 5205 5071 5320 5225 
5207 5365 4855 5054 5382 5642 5545 5283 5523 5768 5247 5039 4752 5530 5272 4903 5502 5330 5270 5426 4995 5023 5095 5274 5409 5043 5139 5000 4907 5661 5703 5297 5133 5545 5852 4824 5103 5059 5406 4910 5120 5180 5576 5276 5360 5397 5698 5103 5291 5438 5084 5607 5538 5159 4901 5746 5329 5740 4656 5513 5064 5340 5539 5574 5284 5377 5245 5236 5568 5020 5088 5379 5465 5221 5195 5087 5041 5269 5380 5504 5721 5425 5352 5588 5276 5566 5230 5225 4929 5170 5254 5288 5033 5518 5360 5435 5280 5566 5208 5067 5408 5615 5632 5545 5590 5551 5193 5108 5539 5303 5751 5270 4594 5393 5288 4966 5192 5554 5601 5311 4976 5640 5367 4917 5351 5076 5035 5272 5451 5107 4743 5285 5130 4978 5163 4818 5059 5171 5376 5444 5526 5726 5731 5005 5468 5506 5457 5376 5491 5486 5289 5050 5358 5393 5912 5819 5131 5484 5464 5159 5048 4848 5121 5085 5300 5180 5466 4965 5495 5556 5586 5428 5602 5341 5235 5034 5955 5946 5366 5697 5167 5207 5329 5171 5802 4978 5527 5575 5552 5054 5460 4845 4913 5472 5595 5417 5494 5262 5445 5136 5518 4992 5502 4874 5347 5478 4914 5092 5337 5826 5089 5370 5060 4860 4914 5144 5124 5205 5206 5381 5208 5291 5221 5561 5342 5178 5108 5677 5279 4852 5593 5073 5220 5308 4904 4957 5277 5245 5131 5086 5482 5334 5395 5083 4659 5921 5592 5161 5151 5109 5782 5269 5059 5343 5450 5158 
5538 5298 5561 5380 5424 5574 5793 5346 5514 5535 5391 5201 4957 5619 5281 5153 5585 5625 5438 5629 5407 5519 5486 5333 5546 5286 5514 5373 5006 5821 5712 5705 5397 5640 5870 5128 5511 5119 5355 4972 5695 5264 6037 5621 5521 5387 5707 5468 5663 5446 5271 5859 5264 5457 5169 5997 5810 5806 5132 5580 5319 5677 5326 5334 5311 5646 5160 5180 5641 5270 5352 5363 5590 5319 5529 5324 5183 5770 5583 5553 5780 5489 5422 5424 5094 6014 5401 5558 5239 5443 5520 5483 5226 5506 5344 5678 5216 5919 5434 5469 5340 5733 5924 5656 5755 5520 5143 5142 5678 5615 5608 5577 4529 5504 5594 5162 5169 5581 5941 5283 5247 5593 5545 5180 5700 5381 5192 5525 5309 5077 5134 5159 5201 5074 5438 5043 5290 5307 5492 5564 5850 5883 5585 5326 5763 5634 5802 5551 5477 5424 5597 5407 5424 5368 6149 5958 5348 5568 5247 5438 5238 5250 5399 5225 5680 5548 5257 5109 5643 5749 5550 5542 5723 5341 5692 5318 6021 5806 5382 5641 5293 5656 5764 5176 5776 5142 5826 5790 5602 5412 5656 5220 5237 5601 5791 5243 5663 5089 5607 5204 5598 5422 5669 5146 5491 5635 5233 5306 5524 6050 5501 5620 5211 4945 4883 5348 5400 5557 5479 5686 5502 5180 5449 5785 5203 5782 5509 5714 5398 5259 5986 5087 5352 5438 5319 5328 5469 5576 5270 5393 5425 5377 5532 5379 5078 5989 5701 5428 5215 5030 5905 5260 5562 5128 5611 5582 
4958 4963 4909 4919 5311 5130 5363 5193 5326 5473 5330 5087 4714 5169 5142 4670 5310 5212 5109 5451 5045 4829 5174 4967 4940 4904 5089 5175 4792 5442 5533 5291 4895 5321 5587 4863 5186 5094 4991 4831 4999 5125 5484 5190 5285 5148 5251 5371 5043 5345 4897 5674 5292 5057 4877 5687 5191 5486 4959 5156 5117 5265 5263 5148 4930 5191 4895 5138 5691 5030 5254 5314 5430 4800 5296 4966 4652 5271 5279 5154 5395 5118 4964 5140 4974 5207 5248 4972 5050 4971 4993 5188 5071 5497 4998 5536 5012 5595 4780 5136 5123 5416 5547 5246 5284 5575 5401 5062 5363 5174 5512 5390 4236 5301 5309 4947 4884 5154 5468 4980 4838 5207 5163 4898 5474 5022 4858 4930 4999 4909 4808 5168 4693 4813 5186 4782 4950 4747 5247 5397 5484 5651 5259 4796 5127 5710 5244 5016 5189 5181 5289 5009 5421 5020 5618 5523 5013 5006 5266 4862 5162 4658 5183 4940 5193 5398 4945 4832 5194 5498 5451 5346 5172 5099 5158 4806 5646 5639 5203 5377 5121 4954 5143 4852 5519 4787 5500 5435 5450 4855 5188 4881 4546 5301 5550 4878 5177 4976 5356 4768 5446 5035 5295 4784 5053 5467 4976 4885 5000 5444 5257 5205 5093 5028 4814 5161 5294 5093 4916 5364 5142 4941 5160 5343 5139 5202 5035 5477 5146 4703 5408 4599 5101 5186 5091 4969 5447 4949 5170 4983 5167 5075 5071 5141 4914 5823 5457 5138 5039 4821 5618 5319 4961 4959 5055 5183 
5351 5040 5221 5139 5352 5317 5295 5385 5334 5454 5095 5046 4634 5301 5299 5101 5492 5170 5343 5264 4877 4972 4934 5145 5236 4935 5317 5150 4860 5709 5434 5338 5194 5416 5616 4779 4969 5016 5273 5028 5439 5106 5637 5017 5479 5042 5429 5119 5380 5605 4830 5453 5207 5118 5375 5796 5296 5590 4985 5336 5325 5331 5269 5221 5331 5155 5199 5219 5558 5006 4948 5134 5368 5275 4961 5079 5094 5487 5318 5202 5677 5329 5252 5281 5061 5600 4853 5164 5007 5078 4950 5392 4959 5448 5147 5247 5123 5159 5216 5081 5401 5365 5468 5444 5396 5554 5168 4964 5333 5140 5624 5375 4325 5104 5410 5188 5010 5744 5538 5130 4905 5601 5180 4950 5570 5173 4878 5247 5210 4958 5016 5185 5076 4774 5213 5307 4999 5136 5304 5395 5450 5435 5433 5165 5474 5330 5462 5255 5272 5436 5161 4967 5156 4879 5752 5674 4951 5184 4969 4950 5081 5113 5151 5479 5336 5153 5288 4931 5502 5338 5300 5166 5446 5384 5421 4958 5481 5548 5124 5440 5087 5189 5299 5035 5560 5046 5315 5358 5312 5055 5497 4921 5088 5557 5562 5107 5435 5166 5252 4853 5263 4891 5282 4875 5397 5423 5077 4994 5452 5702 5184 5339 4854 4785 4542 5318 5311 5153 5191 5557 5119 5262 5427 5468 5159 5165 5088 5374 4984 4838 5543 4897 5477 5142 4917 4982 5371 5322 5088 5179 5267 5249 5247 5171 4943 5801 5278 5071 5101 5076 5646 5099 5098 5255 5358 5167 
4788 4770 4853 4816 4916 5012 5013 4894 4926 5268 4954 4734 4480 5083 4875 4423 4984 4867 4993 4951 4704 4667 4813 4822 4895 4969 4928 4736 4648 5218 5083 4819 4711 5168 4977 4674 4781 4944 5063 4603 5177 4873 5280 4896 4990 4859 5411 4819 5054 4914 4457 5312 4773 4673 5030 5475 4941 5159 4700 4794 5048 5034 5009 4835 4597 5194 4897 4921 5102 4915 4786 5037 4908 4826 5170 4724 4480 5283 5205 5144 5517 5052 4971 5067 4825 5244 5104 4693 4514 4536 4668 5084 4745 5163 4593 4860 4713 5496 4735 4606 5017 4901 5196 4946 4838 5014 4715 4611 4983 4737 5228 5021 4234 4900 5042 4540 4564 5203 5049 4660 4539 4994 4892 4791 5407 4818 4489 4843 4935 4588 4587 4885 4804 4619 4923 4448 4663 4781 5066 4985 5131 5334 4976 4606 5189 5033 5322 4904 4892 5087 5240 4884 5131 4724 5522 5223 4837 4762 4894 4824 4605 4976 4871 4789 4946 4695 4938 4436 4675 5091 5012 4774 4864 4879 4936 4777 4884 5341 4637 5049 4903 4692 4889 4729 5312 4568 5193 5335 5074 4833 5118 4814 4541 5120 5335 4889 5032 4935 5023 4511 5312 4760 5008 4605 5182 5142 4715 4800 5076 5748 5054 5084 4592 4422 4597 5044 4972 4961 4806 5086 5076 4610 5111 5245 4814 5117 4944 5220 5039 4640 5222 4552 5097 4815 4791 4521 4983 4899 4607 4679 4789 5223 4955 4845 4936 5217 5122 4910 4908 4901 5287 4909 4820 4833 5152 4899 
5355 5034 5265 5242 5430 5388 5615 5407 5131 5545 5430 5410 5006 5364 5293 4572 5385 5470 5246 5481 5081 5251 5069 4897 5317 5112 5347 5333 5209 5596 5523 5454 5161 5702 5687 4815 5479 5217 5153 4830 5203 5296 5784 5385 5410 5164 5677 5027 5214 5486 5042 5645 5498 5255 5466 6065 5506 5649 4983 5394 5017 5485 5364 5234 5290 5217 4979 5335 5824 5089 5135 5333 5488 5107 5180 5227 4996 5761 5484 5381 5670 5222 5285 5584 4795 5718 5220 5032 5080 5369 5131 5293 5283 5598 5264 5520 5167 5653 5319 5364 5690 5475 5532 5383 5515 5651 5055 5241 5653 5290 5613 5638 4351 5344 5370 5107 5090 5536 5595 5424 5032 5523 5245 5092 5716 5396 5017 5168 5303 5124 5043 5270 5171 5002 5369 5187 5070 5273 5244 5294 5452 5750 5548 4880 5492 5413 5474 5285 5362 5439 5353 5136 5436 5323 5969 5801 5317 5631 5339 5368 5146 5066 5348 5488 5126 5430 5187 4707 5471 5598 5610 5292 5366 5246 5227 5133 6017 5930 5162 5570 5157 5404 5369 5206 5471 5078 5390 5678 5689 5023 5633 5099 5086 5497 5635 5468 5247 5042 5661 4908 5709 4997 5470 4842 5401 5380 5061 4781 5420 5715 5270 5443 5109 4732 4827 5378 5338 5304 5273 5459 5214 5476 5665 5572 5280 5500 5368 5848 5157 4926 5779 4742 5148 5468 5131 5418 5421 5328 5217 4933 5147 5259 5245 5207 5155 6090 5617 5361 5039 4993 5619 5088 5416 5041 5266 5402 
5086 4952 5074 4786 5282 5322 5335 5062 5226 5191 4914 4763 4784 5164 4811 4468 5176 4947 5303 5172 4997 4897 5031 4964 4926 4792 5070 4858 4804 5500 5312 5396 5080 5073 5158 4634 4981 4909 4831 4589 5131 4828 5578 4918 5084 4952 5472 4814 4863 5117 4908 5504 4929 4998 4955 5615 5213 5327 4898 5143 4937 5281 5155 4846 5024 5013 4998 4909 5347 4812 4910 4873 5232 5179 4938 4793 4790 5434 5218 5307 5521 4901 5116 5265 4953 5419 4812 4783 4837 5029 4983 5194 4976 5124 4944 5210 4723 5249 4879 4804 4952 5004 5417 5253 5267 5267 5016 4478 5232 5130 5590 4978 4324 5056 5421 4880 4602 5504 5462 5160 4472 5125 5127 4921 5389 4951 4598 4974 5070 4913 4736 4725 4869 4769 4572 4753 4822 4918 5143 4807 5190 5469 5158 4912 4956 5099 5212 4983 4919 5486 5173 5046 5351 5036 5411 5262 5016 5336 5030 5081 4911 4949 5026 4878 5108 5016 5027 4633 4936 5249 5192 5005 5246 4831 4915 4820 5710 5509 4931 5446 4831 5173 5053 5079 5408 4813 4963 5507 5336 5024 5308 4886 4848 5107 5468 4928 4821 4715 5243 4892 5337 5086 5217 4993 4989 5190 4904 4782 5303 5491 4802 5160 5184 4673 4726 5106 4932 4994 5006 5110 5016 4897 5173 5345 4956 5122 5127 5329 4967 4690 5441 4859 5134 4881 4957 4852 5170 5194 4838 4866 4911 5010 4923 4874 4591 5559 4920 5038 4718 4892 5426 4783 4646 5002 5041 5320 
4818 4755 4890 4772 4915 4962 4952 5142 5005 5166 4944 4780 4505 5105 4980 4582 5057 5081 5084 5053 4759 4802 5049 4661 4941 4993 4986 4724 4710 5324 5109 5139 5030 5150 5269 4568 5100 4836 4944 4733 4722 4834 5310 5002 4756 4948 5266 4764 4889 5014 4860 5315 4795 4931 5082 5462 5101 5369 4629 4953 5091 5117 4963 4956 4869 4873 4996 5148 5199 4728 4693 5044 5074 4796 4985 4721 4528 4921 4884 5041 5365 4812 5037 5170 4724 5118 4901 5080 4578 4595 4898 5002 4885 5338 4634 5255 4759 5247 4705 4809 4794 5180 5317 5423 5104 5397 4877 5028 5309 5114 5350 4950 4267 5160 4941 4824 5004 5199 5133 5197 4599 4894 4945 4841 5143 4977 4364 4742 4908 4629 4589 4738 4939 4585 4929 4530 4954 4921 5021 5107 5097 5356 4869 4622 4702 5332 5205 4869 4950 5241 5235 4766 5031 4854 5381 5480 4745 4882 5060 4761 4853 4715 4857 4796 4949 4915 5032 4566 4963 5229 5077 4816 5074 4748 4968 4544 5332 5225 4987 5198 4964 4828 5233 4767 5239 4578 5290 5444 5420 5066 4953 4749 4507 5235 5304 4954 4818 4645 4894 4625 5276 4904 5359 4747 5071 5242 4706 4880 5046 5378 4906 4988 4778 4371 4412 4983 4975 4841 4792 5226 4684 4998 4844 5228 4965 4860 5165 4886 4895 4713 5215 4635 4944 5129 4796 4615 5105 4904 4795 4732 5115 4989 4836 5012 4570 5319 5273 4821 4893 4722 5256 4936 4805 4803 5090 4977 
5059 5221 5524 5363 5715 5503 5551 5709 5785 6032 5522 5496 4949 5896 5507 5128 5574 5603 5444 5577 5391 5174 5348 5321 5480 5269 5399 5380 5145 5685 5979 5693 5394 5610 5874 5123 5599 5352 5511 5035 5491 5461 5988 5450 5517 5349 5698 5364 5539 5746 5327 6032 5560 5582 5404 6057 5512 5919 5211 5378 5384 5516 5567 5374 5488 5562 5453 5470 6028 5483 5284 5647 5498 5277 5515 5405 5090 5591 5588 5574 6038 5538 5606 5451 5309 5683 5650 5341 5366 5419 5031 5541 5234 5698 5240 5572 5429 5909 5192 5612 5840 5663 5749 5498 5489 5595 5345 5047 5881 5544 5973 5659 4418 5560 5667 4987 5317 5661 5767 5540 5457 5828 5243 5254 5968 5380 5143 5297 5553 5290 5276 5349 5310 5271 5394 5144 5171 5284 5517 5637 5575 5978 5492 5408 5750 5630 5803 5348 5469 5580 5610 5125 5631 5485 6127 5924 5456 5554 5707 5410 5190 5180 5362 5284 5542 5458 5230 5045 5556 5593 5621 5487 5688 5419 5604 5205 6027 6020 5467 5679 5581 5639 5550 5365 5729 5242 5659 5575 5528 5539 5648 5347 5177 5884 5917 5761 5748 5156 5663 4918 5771 5065 5796 4982 5475 5717 5392 5245 5574 5957 5602 5558 5466 4867 5021 5244 5727 5414 5614 5803 5710 5273 5545 5747 5572 5669 5508 5910 5361 5174 5906 5121 5675 5440 5081 5149 5628 5589 5433 5227 5386 5703 5385 5444 5359 5990 5768 5428 5275 5280 5702 5330 5372 5182 5473 5538 
5064 4833 4924 5067 5244 5361 5377 5399 5413 5313 5122 5130 4691 5347 5276 4839 5016 5145 5344 5136 5134 4829 4931 4983 5099 5185 5104 4996 5131 5735 5467 5479 4998 5124 5766 4981 5034 4863 4933 4882 5082 5209 5525 5432 5387 5135 5345 5188 5157 5270 4918 5824 5016 5236 5121 5773 5491 5774 5025 5127 5127 5687 5220 5216 4993 5157 5275 5216 5552 5064 4976 5307 5252 5176 5047 5041 5040 5239 5367 5353 5699 5247 5266 5456 4852 5549 5003 5094 5220 5103 4859 5125 4692 5411 5065 5537 5058 5498 5295 5553 5089 5478 5739 5309 5310 5362 5131 4953 5424 5204 5359 5354 4221 5320 5488 4991 5033 5194 5237 5181 5116 5263 4980 4979 5687 5210 4789 5169 4848 4790 5120 5265 5132 5035 5322 5000 5131 4938 5402 5336 5350 5466 5426 4805 5524 5366 5314 5360 5353 5408 5347 5005 5386 5194 5809 5420 4900 5284 5217 4982 5001 4943 5181 4986 5197 5216 4857 4716 5581 5331 5474 5331 5389 4957 5558 5087 5506 5365 5280 5474 5081 5027 5282 5082 5435 4891 5266 5433 5432 4879 5128 4933 5077 5342 5459 5202 5294 4688 5157 5009 5455 5253 5345 4524 5176 5507 4922 5188 5091 5814 5012 5323 5051 4945 4715 5266 5218 5228 5130 5552 4950 4956 5118 5346 5084 5141 4928 5657 5102 4883 5555 4955 5308 5150 5124 4833 5500 4933 4987 4973 5265 5095 4975 5067 4926 5687 5428 5316 5058 4870 5595 5237 5004 5045 5254 4941 
4675 4892 4939 4863 5011 5022 5174 5165 5147 5176 4927 4732 4716 5058 4824 4674 4975 4713 4871 5042 4646 4771 4885 4877 4714 4785 4801 4936 4872 5424 5152 4983 5066 5282 5165 4643 4761 4815 5003 4806 4587 4937 5394 4921 4948 4997 4909 4693 4912 5101 4664 5234 4887 4908 4945 5398 5086 5305 4793 4764 4959 5006 4982 4831 5103 5045 4951 4959 5185 4702 5066 4958 5081 4781 4745 4596 4541 5005 4981 5143 5454 5110 4942 5324 4754 5129 4834 4702 4684 4757 4723 4983 4814 5296 4928 4891 4960 5332 4648 4909 4891 5111 5096 5183 5143 5040 5138 4669 5180 5103 5238 5014 4410 5027 5075 4663 4742 5368 5002 5043 4628 5056 4989 4624 5121 4999 4462 4927 4913 4711 4725 4664 4805 4379 4933 4644 4380 4902 5032 5118 5021 5234 5057 4836 5129 5181 5325 4862 5020 5197 5191 4715 4834 4722 5534 5301 4981 5079 4904 4864 4829 4854 4748 4969 4767 4461 4809 4669 5059 5148 5115 4999 5077 4987 4872 4471 5366 5170 4953 5166 4875 5060 4843 4897 5470 4727 5058 5307 5319 4584 4782 4738 4639 5346 5388 4898 5206 4748 5111 4422 4910 4653 5180 4574 5073 5198 4906 4697 5094 5335 4656 4984 5062 4385 4433 4712 4878 4690 4627 5073 4971 4885 5016 4992 4835 4985 4931 5107 4773 4569 5361 4317 5238 4989 4708 4751 5134 5014 4936 4639 5112 5037 4879 4786 4754 5573 5130 4861 4770 4851 5092 5095 4799 4807 4803 4901 
5138 5019 5095 5077 5342 5249 5299 5340 5318 5340 5152 5315 4691 5391 5214 4850 5407 5471 5318 5467 4762 5188 5072 5194 5301 5123 5259 5125 4964 5794 5382 5456 5200 5186 5843 4905 5222 5216 5255 4985 5277 5151 5708 5238 5445 5140 5674 5072 5288 5369 5034 5778 5422 5047 5424 5883 5505 5807 4612 5187 4921 5515 5330 5092 5205 5282 5144 5360 5399 5159 5267 5289 5612 5446 5187 5126 4699 5526 5443 5318 5553 5254 5290 5343 4852 5626 5388 5043 5111 5314 5460 5347 4988 5682 5150 5724 5043 5364 5206 5138 5450 5348 5678 5633 5248 5658 4861 4838 5355 5366 5824 5674 4356 5395 5444 4914 4817 5505 5634 5109 5067 5464 5282 4978 5536 5267 4898 5323 5244 4688 4755 5114 4995 4906 4877 5115 5010 5100 5617 5311 5400 5873 5082 5026 5436 5374 5574 5282 5398 5444 5389 5196 5488 5450 5641 5624 5148 5124 5130 5100 4727 5237 5393 5068 5243 5283 5252 5046 5146 5237 5509 5232 5497 5033 5195 4859 5723 5663 5322 5433 5293 5417 5292 5158 5238 4820 5107 5239 5616 5317 5469 5117 4840 5408 5656 5425 5266 5144 5508 4948 5742 5091 5294 4884 5470 5401 5058 5050 5425 5765 5180 5067 4970 4697 4682 5338 5047 5473 4876 5328 5119 5119 5083 5319 5178 5522 5345 5521 5074 4820 5575 4925 5413 5236 5193 4945 5502 5071 5264 4883 5219 5268 5195 5573 5152 5593 5136 5045 4947 5183 5597 5278 5249 5111 5433 5133 
5045 4937 5132 5279 5310 5195 5362 5163 5433 5368 5032 5078 4665 5191 5098 4671 5370 5182 5358 5570 5037 4852 5331 4991 5100 4831 5233 4969 5010 5320 5444 5373 5188 5172 5941 4864 5329 4879 5020 4788 4928 5056 5510 5057 5201 5027 5498 5013 4961 5276 4986 5414 5119 5220 5327 5828 5353 5742 5023 5121 5014 5363 5096 5130 5246 5089 5278 5265 5537 5128 4920 5026 5383 5014 4942 5080 5036 5548 5246 5292 5687 5172 5143 5429 4648 5385 5280 5073 5262 4949 4978 5240 4898 5293 5193 5494 5037 5297 5154 5080 5526 5126 5437 5500 5363 5423 5136 4656 5329 5150 5425 5304 4341 4965 5402 4910 4993 5377 5390 5281 4751 5359 5254 5154 5268 5009 5012 4988 5260 4919 4964 4929 5001 5007 5097 4784 4999 5085 5203 5348 5441 5602 4900 4813 5409 5349 5369 5037 5379 5528 5374 4973 5246 5247 5668 5392 5222 5006 5289 5110 4917 4952 5021 5004 5516 5051 4968 5015 5310 5649 5479 5255 5345 4837 5170 4927 5768 5471 5193 5316 5086 5181 5286 4982 5575 5009 5244 5546 5458 4876 5119 4929 5121 5392 5486 5051 5324 4961 5627 5004 5248 5029 5097 4693 5353 5287 5199 4920 5367 5552 5089 5232 5226 4890 4578 5373 5055 5113 4975 5370 5154 5077 5065 5336 5171 5322 5174 5563 5318 4954 5549 4940 5307 5316 5114 4868 5325 5293 4977 4953 5039 5399 5198 5155 4944 5922 5257 5106 5086 4915 5503 4979 5011 5163 5195 5213 
5274 5124 5629 5692 5740 5426 5728 5543 5591 5790 5574 5498 4714 5500 5370 5123 5626 5599 5401 5569 5334 5216 5527 5252 5363 5558 5411 5132 5190 5782 5553 5514 5527 5633 6093 4902 5086 5236 5097 5078 5278 5100 6134 5524 5511 5344 5743 5434 5417 5792 5097 5864 5540 5654 5283 5937 5408 5974 5044 5692 5220 5805 5786 5423 5579 5674 5526 5460 5850 5336 5196 5590 5614 5614 5247 5278 5077 5585 5420 5372 5533 5762 5593 5631 5433 5410 5495 5228 5469 5203 5454 5542 5085 5556 5559 5686 5134 5920 5195 5515 5538 5939 5857 5514 5471 5698 5415 5173 5785 5783 5902 5481 4333 5629 5560 5348 5214 5927 6097 5608 4912 5402 5503 5043 5931 5348 4956 5353 5568 5048 5342 5084 5323 5077 5332 5275 5458 5064 5486 5426 5715 6147 5409 5214 5395 5814 5488 5577 5706 5392 5616 5417 5692 5357 6006 5974 5512 5331 5392 5476 5454 5240 5446 5435 5314 5417 5281 5110 5514 5802 5758 5753 5848 5235 5378 5100 6093 6041 5415 6013 5309 5483 5427 5225 5698 5029 5645 5783 6086 5371 5536 5256 5125 5552 5668 5431 5432 5145 5421 5381 5824 5340 5498 5021 5503 5771 5138 5224 5383 5730 5660 5676 5250 5130 4982 5453 5610 5532 5453 5634 5294 5298 5753 5706 5287 5331 5196 5727 5251 4993 5824 4997 5652 5476 5334 5170 5372 5281 5070 5145 5339 5337 5149 5433 4935 6107 5690 5754 5126 5232 5786 5355 5149 5242 5418 5153 
5216 5070 5306 5254 5461 5112 5358 5346 5283 5346 5413 5191 4805 5556 5388 4905 5333 5117 5384 5688 4840 5131 5254 5051 5209 5130 5236 5190 5103 5503 5416 5470 5292 5567 5777 4882 5126 4986 5196 4970 5311 5004 5746 5110 5305 4916 5350 4980 5220 5383 4960 5453 5304 4964 5269 5564 5378 5686 4855 5159 5218 5274 5534 5294 5069 5182 5050 4997 5542 5257 5178 5322 5400 5136 5157 5145 5162 5532 5271 5349 5709 5482 5440 5335 4872 5547 5498 5152 4737 5235 5010 5267 5041 5430 5335 5401 5210 5474 5267 5109 5242 5337 5618 5448 5433 5647 5371 5275 5570 5428 5661 5407 4506 5065 5384 4944 5131 5546 5634 5092 4809 5533 5304 5031 5739 5240 5026 5093 5395 5149 4765 4998 5246 5035 5265 5106 5190 5186 5319 5306 5385 5468 5400 5196 5465 5321 5408 5307 5419 5517 5484 5082 5367 5192 5958 5499 5025 5376 5305 5174 5031 5024 5188 5301 5424 5231 5144 4978 5541 5415 5272 4915 5325 5240 5255 5047 5681 5774 5155 5496 5044 5157 5232 5222 5465 4780 5286 5690 5621 5132 5363 4939 4817 5565 5500 5025 5495 4895 5481 4834 5459 5196 5480 4687 5185 5602 5394 5253 5361 5698 5280 5510 5166 4726 4861 5092 5594 5171 4950 5354 5336 5171 5400 5782 5234 5300 5322 5647 5156 5098 5791 4797 5245 5268 4952 5020 5454 5277 5213 5159 5148 5368 5155 5160 4744 5727 5329 5256 5217 5065 5696 5259 5061 5178 5276 5351 
5339 4990 5354 5158 5467 5391 5219 5350 5291 5369 5368 5276 4647 5417 5209 4713 5271 5370 5476 5521 5198 4965 5219 5039 5136 5103 5370 5007 5247 5652 5450 5434 5339 5346 5800 4636 5539 5572 5243 5063 5266 5212 5725 5402 5468 5154 5627 4951 5269 5622 5008 5455 5472 5230 5565 5884 5478 5830 4953 5499 5027 5376 5316 5342 5179 5372 5227 5190 5626 5341 5065 5299 5433 5337 5206 5077 4882 5701 5192 5223 5927 5262 5323 5423 4955 5776 5276 4940 5173 5153 4885 5436 5109 5598 5314 5594 5203 5521 5215 5017 5549 5233 5594 5646 5340 5771 5087 5135 5545 5201 5620 5366 4686 5235 5584 5188 5033 5646 5526 5270 4958 5631 5354 5041 5486 5312 4957 5416 5632 4994 5063 5263 5236 5041 5134 5297 4973 5301 5467 5464 5592 5786 5187 4994 5644 5275 5388 5081 5409 5565 5547 5266 5427 5103 6017 5753 5226 5355 5291 5425 5026 5003 5229 5349 5220 5381 5570 5043 5231 5419 5616 5330 5520 5100 5038 4829 5961 5911 5223 5587 4996 5419 5548 5186 5756 4924 5509 5496 5462 5110 5404 5090 4934 5462 5796 5279 5410 5016 5558 4948 5299 4998 5642 4760 5396 5292 5033 4851 5570 5941 5171 5521 5053 4816 4823 5246 5137 5116 5206 5579 5040 5390 5347 5752 5388 5213 5537 5677 5223 4953 5727 4911 5431 5288 5037 4958 5278 5421 5418 4914 5449 5188 5173 5104 4899 5869 5486 5014 5065 5239 5724 5284 4925 5188 5285 5162 
5174 5226 5441 5333 5655 5498 5284 5504 5712 5404 5509 5500 4772 5519 5721 5295 5486 5473 5502 5587 5359 5318 5267 5240 5375 5387 5632 5323 5229 5847 5566 5903 5384 5445 5693 5071 5347 5377 5363 5055 5400 4948 5780 5333 5393 5550 5511 5343 5457 5649 5313 5670 5470 5378 5553 6325 5698 5917 4991 5643 5445 5651 5517 5446 5361 5408 5359 5357 5752 5195 5241 5551 5440 5353 5453 5287 5134 5601 5667 5464 5907 5503 5414 5470 5115 5861 5259 5380 5216 5435 5101 5452 4978 5678 5530 5816 5130 5683 5337 5167 5179 5657 5651 5476 5516 5746 5182 5014 5613 5568 5734 5419 4829 5452 5576 5071 5122 5743 5580 5378 5415 5504 5526 5301 5510 5294 5154 5566 5546 5210 5222 5348 5169 4897 5250 5405 5056 5267 5517 5734 5719 5747 5359 5071 5750 5726 5592 5422 5384 5769 5826 5291 5490 5202 5955 5967 5403 5358 5322 5110 5198 5237 5340 5271 5512 5219 5090 5104 5559 5541 5560 5411 5482 5435 5446 4905 5951 5715 5386 5754 5376 5262 5424 5462 5727 4946 5633 5956 5590 5425 5313 5269 5195 5659 5698 5169 5574 5085 5719 5284 5568 5268 5390 5149 5741 5881 5354 5083 5579 5994 5141 5462 5344 5029 4749 5445 5443 5495 5370 5454 5504 5334 5375 5839 5443 5703 5342 5565 5349 4879 5631 4815 5913 5458 5261 5141 5715 5229 5199 5331 5584 5378 5272 5410 5050 5949 5287 5433 5209 5190 5587 5424 5260 5224 5338 5346 
4938 4919 5014 4622 5203 5358 5171 5297 5292 5386 5047 4922 4698 5142 5036 4799 5251 5268 5200 5326 5068 4575 4965 4947 4927 4832 4852 5139 4871 5373 5121 5251 5028 5173 5646 4689 5181 4905 4926 4532 5023 4964 5654 5315 5066 4864 5175 4800 5110 5312 4944 5308 5485 4889 4932 5835 5256 5338 4651 5038 4817 5115 5084 5140 4749 5189 4765 5092 5436 4939 5021 5126 5250 4883 4960 4845 5092 5233 5117 5290 5458 5097 4941 5357 4569 5320 4840 4785 4876 4745 4949 5104 4995 5334 4892 5242 4878 5270 5060 5057 4980 5266 5369 5337 5288 5232 4984 5051 5235 4923 5384 5276 4362 5174 5488 4850 4898 5320 5361 5188 4812 5237 4996 4852 5345 4946 4652 5037 5471 4945 4688 5086 4913 4495 5010 4993 4889 5044 4979 4973 5120 5444 5216 4699 5270 5032 5251 5100 5220 5195 5328 4988 5145 4872 5695 5463 5122 5311 4852 5183 4743 4973 5150 4779 5153 4946 5159 4861 5159 5382 5247 5297 5461 4924 4997 4809 5673 5543 5426 5337 5073 5069 4977 4925 5316 4539 5244 5561 5242 4887 5331 4894 4843 5397 5220 5124 5232 4624 5225 4635 5309 4652 5239 4589 5216 5302 4719 4885 5036 5643 4705 5445 4897 4608 4557 5216 5142 4974 5071 5188 4689 4910 5132 5092 5049 5351 4997 5468 4816 4743 5444 4633 5133 5095 4884 4785 5272 5205 4805 4819 4995 5031 4798 5260 4829 5423 5508 5049 5015 4769 5433 4916 4960 4826 5420 5241 
5121 4937 5512 5214 5526 5776 5501 5512 5597 5691 5202 5197 5077 5599 5400 4921 5232 5420 5401 5631 5241 5380 5464 5060 5551 5324 5390 5353 5249 5705 5460 5852 5278 5637 5716 4996 5457 5414 5262 5042 5539 5197 5761 5494 5285 5236 5753 5278 5479 5453 5034 5723 5426 5297 5566 6090 5568 5889 5197 5269 5495 5734 5346 5193 5366 5427 5281 5376 5465 5211 5109 5027 5709 5383 5638 5413 5135 5645 5367 5515 5868 5364 5517 5540 5076 5752 5154 5094 5200 4974 4985 5726 5120 5557 5222 5538 4877 5876 5249 5273 5396 5713 5967 5814 5518 5994 5018 5200 5806 5496 5594 5675 4813 5552 5768 4978 5177 5627 5587 5489 5196 5235 5372 5280 5911 5443 4803 5237 5348 5027 4893 5225 5322 5292 5302 4963 5385 5357 5816 5434 5321 5719 5494 5046 5696 5643 5458 5338 5445 5652 5422 5305 5628 5475 5820 5842 5329 5551 5517 5244 5406 5082 5181 5327 5480 5495 5404 4873 5222 5745 5646 5287 5431 5243 5298 5298 5913 5773 5446 5571 5442 5194 5342 5197 5670 5055 5687 5673 5652 5340 5483 5294 5191 5397 5810 5199 5439 4920 5486 5053 5614 5451 5497 4947 5267 5531 5108 5265 5378 6084 5438 5675 5428 4741 4835 5439 5417 5329 5416 5538 5132 5329 5587 5734 5410 5601 5418 5864 5279 5023 5796 4700 5477 5380 5137 5073 5460 5361 5184 5254 5390 5282 5145 5398 5181 5661 5472 5274 5216 5345 5762 5324 5004 5478 5585 5264 
4972 4589 4897 4766 5027 5102 5230 5028 5205 5281 5070 5081 4349 5151 5116 4683 4948 5188 5080 5187 4753 5035 4804 4712 4967 4981 4937 4808 4679 5109 5208 5065 5112 5126 5289 4755 5148 5020 5073 4753 5057 4520 5234 4850 4780 4813 5137 4782 5046 5298 4728 5210 4917 5025 5015 5413 5156 5721 4755 5014 4961 4900 5124 4828 4699 5094 5068 4932 5274 4825 4857 5026 5147 4994 4930 4932 4803 5171 4790 4852 5439 5123 5087 5118 4851 5372 4801 4755 4807 4964 4938 5030 4575 5144 4993 5320 4865 5094 5057 4993 4937 4949 5301 4982 5260 5439 4795 4557 5383 5156 5350 5263 4183 5071 5031 4867 4866 5401 5131 4996 4754 5238 5107 4576 5247 5034 4588 5012 4839 4565 4515 4841 4830 4876 4905 5029 4729 4517 5012 5370 5204 5583 4995 4648 5323 5150 4996 5051 5146 4982 5246 4754 5196 5123 5263 5239 4755 4995 5186 4748 4897 4799 4824 5115 5238 5004 4965 4654 5210 5104 5205 5034 5288 4950 5062 4589 5558 5264 5059 5103 4708 4994 5103 5050 5116 4891 5315 5079 5159 4760 4972 4658 4952 5292 5347 4766 5097 4936 4947 4809 5250 4863 5124 4651 4804 5206 4539 4688 5028 5303 4986 5030 4874 4571 4587 4811 4695 4889 4972 5113 5116 4886 5097 5531 4971 5171 4820 5289 5035 4792 5486 4581 4966 4956 4643 4675 5144 4808 4907 4869 5132 4961 5038 4752 4688 5480 5020 4759 4775 4929 5284 4932 4804 5015 4961 4775 
5345 5203 5261 5044 5520 5334 5462 5902 5584 5546 4989 5161 4686 5465 5246 4992 5427 5172 5328 5419 5010 4952 5382 5229 5203 5049 5117 5227 5159 5679 5393 5319 5285 5405 5594 4864 5044 5265 5301 5047 5235 5159 5840 5166 5476 5284 5331 5271 5132 5429 5174 5563 5571 5148 5157 6079 5444 5708 4922 5234 5168 5331 5307 5431 5409 5242 5105 5406 5669 4925 5135 5547 5423 5262 5117 5154 5189 5225 5357 5373 5732 5440 5397 5468 5229 5543 5108 5012 5014 5077 5207 5349 4999 5584 5076 5339 5132 5587 4867 5344 5386 5496 5713 5372 5650 5568 5545 5060 5384 5421 5648 5071 4591 5278 5198 5058 5035 5515 5550 5232 5136 5478 5384 5215 5423 5433 5075 5262 5368 5182 5058 5477 5203 4916 5402 5071 4829 5053 5353 5154 5249 5434 5401 5026 5727 5435 5294 4942 5325 5561 5562 5327 5357 5384 5510 5655 5346 5423 5542 5368 5194 4790 5217 5112 5513 5340 5131 4957 5207 5328 5439 5296 5373 5251 5406 5159 5756 5623 5295 5420 5123 5149 5411 5241 5626 4912 5583 5777 5358 5186 5445 5031 5218 5652 5868 5377 5530 4999 5630 4799 5182 5020 5632 4884 5166 5655 5219 5172 5295 5847 5040 5298 5270 4741 5016 5270 5427 5185 5214 5330 5278 5198 5255 5424 5388 5252 5338 5583 5218 4941 6028 4836 5402 5259 5245 4917 5567 5342 5092 5144 5596 5191 5406 5370 5104 5877 5428 5254 4959 4977 5484 5291 5132 5278 5515 5449 
5382 5435 5391 5182 5597 5608 5661 5562 5729 5645 5556 5298 4825 5611 5671 4879 5394 5456 5520 5636 5283 5207 5144 5272 5282 5365 5326 5557 5091 5952 5631 5747 5477 5572 5940 5090 5571 5090 5745 5094 5519 5426 5912 5437 5868 5527 5476 5260 5500 5735 5161 5798 5586 5441 5239 5967 5627 5851 5048 5490 5297 5506 5681 5417 5311 5826 5411 5400 5824 5372 5452 5488 5451 5261 5596 5204 5292 5715 5509 5492 5752 5263 5437 5624 4952 5841 5538 5111 5282 5409 5528 5448 5447 5586 5328 5692 5365 5748 5445 5517 5521 5427 6011 5463 5647 5695 5557 5522 5807 5397 5859 5553 4573 5647 5658 5388 5230 5582 5557 5454 5420 5769 5419 5295 5829 5477 5079 5444 5621 5037 5240 5448 5305 5063 5571 5308 5283 5264 5636 5460 5771 5766 5744 5276 5653 5587 5695 5311 5519 5663 5531 5235 5850 5418 6073 5910 5189 5371 5578 5294 5083 5220 5485 5381 5507 5349 5438 5140 5503 5853 5733 5629 5517 5414 5404 5050 5941 6098 5657 5963 5330 5332 5520 5305 5727 4832 5485 5622 5632 5174 5562 5234 4976 5697 5832 5276 5581 5076 5718 5127 5793 5343 5690 4963 5557 5506 5392 5159 5607 6319 5407 5339 5254 5066 4907 5449 5469 5438 5401 5716 5375 5484 5493 5813 5572 5499 5410 5978 5229 5042 5844 5275 5496 5507 5104 5200 5652 5661 5555 5172 5656 5461 5443 5471 5058 5848 5701 5569 5499 5434 5693 5108 5480 5536 5518 5516 
5077 5124 4972 4965 5375 5085 5049 5387 5383 5447 5233 5146 4894 5468 5290 4820 5124 5017 5270 5306 4891 4918 4969 4968 5248 4881 5119 4956 4777 5560 5504 5456 4980 5119 5712 4775 5013 4674 5125 4872 5377 4928 5619 5144 5184 4967 5092 4741 5197 5345 4872 5499 5379 5125 5070 5679 5018 5445 4916 5215 5060 5092 5102 5157 5031 5224 4975 5036 5647 5106 4912 5147 5316 4993 5054 5014 5121 5476 5303 5161 5716 5384 5269 5416 5047 5394 5107 4849 4781 4831 4774 5158 4626 5510 5058 5051 4660 5330 5007 5002 5037 5434 5573 5426 5423 5380 5104 4670 5185 5197 5137 5505 4422 5059 5253 4956 4989 5495 5361 5034 4762 5229 5105 4864 5567 5024 4842 5240 4979 4814 4689 5124 4715 4842 4917 4798 5095 4682 5326 5421 5309 5474 5256 4660 5478 5343 5291 5213 5371 5437 5104 4802 5093 5090 5659 5373 5283 5351 5152 4915 5104 4955 5393 5237 4926 4968 4998 4592 5291 5181 5395 5094 5366 4859 4915 4845 5655 5489 4908 5535 5078 5120 5088 5066 5401 4666 5024 5343 5357 4808 5006 5004 4767 5281 5375 4782 5190 4753 5180 5055 5253 4969 5172 4953 4955 5229 4957 4921 5136 5334 5040 5373 5080 4831 4510 5283 5212 5022 5166 5169 5106 5014 5198 5447 5244 5077 5064 5124 5037 4611 5556 4614 5427 5116 5003 4892 5427 5156 4992 4926 4949 5025 5098 5144 4876 5674 5385 4903 4875 5000 5621 5110 4863 4993 5235 5213 
5178 5217 5439 5071 5671 5543 5419 5346 5465 5653 5087 5207 4634 5596 5182 4843 5272 5249 5305 5197 5312 5025 5201 4973 5409 5322 5278 5211 5162 5288 5205 5487 5025 5250 5878 4796 5157 5136 5102 4913 5265 5166 5888 5813 5463 5355 5681 5206 5399 5691 4947 5801 5314 5256 5263 5748 5352 5762 5071 5169 5350 5284 5326 5255 5047 5123 5185 5433 5864 5046 5117 5330 5404 5554 5328 5058 5175 5226 5419 5140 5450 5066 5489 5350 5154 5507 5049 5083 5109 5079 5071 5261 5109 5556 5318 5417 5287 5559 5148 5107 5279 5565 5691 5479 5322 5749 5350 5260 5486 5123 5790 5377 4419 5165 5393 4970 5159 5466 5456 5424 5098 5314 5225 5180 5578 5234 4945 5021 5507 5016 4888 5307 5035 4988 5147 4926 5252 4987 5578 5205 5462 5906 5361 4999 5526 5451 5639 5065 5368 5443 5327 5282 5545 5326 5853 5543 4969 5388 5318 5202 4925 5153 5157 5137 5377 5319 5043 4679 5369 5197 5642 5375 5585 5105 5433 4963 5563 5826 5287 5540 5109 5425 5265 4991 5686 4984 5403 5613 5528 4998 5258 5132 4924 5315 5792 5256 5608 5217 5273 4885 5683 5002 5335 4793 5305 5424 5358 5090 5576 5896 5195 5483 5091 4736 4537 5204 5332 5341 5405 5463 5154 5307 5413 5151 5379 5361 5282 5594 5256 4827 5578 4697 5436 5074 4998 5051 5472 5333 5189 4912 5246 5379 5588 5279 5063 5658 5469 5282 5170 5123 5670 5284 4942 5293 5779 5221 
5222 5030 5101 5320 5405 5471 5651 5410 5503 5566 5460 5426 4997 5545 5700 4866 5340 5317 5436 5275 5093 5385 5328 5071 5483 5293 5379 5306 5459 5773 5424 5391 5330 5308 5725 5023 5208 5168 5285 5213 5521 5243 5713 5183 5448 5363 5477 5373 5638 5679 4926 5624 5416 5410 5528 5803 5564 5703 5082 5435 5245 5566 5519 5233 5027 5421 5172 5638 5843 5119 5318 5300 5596 5283 5631 5013 4964 5622 5280 5183 5462 5099 5486 5641 5179 6073 5200 5015 5228 5010 5125 5379 5305 5576 5410 5678 5222 5542 5063 5237 5527 5505 5698 5317 5446 5932 5396 5468 5628 5227 5675 5344 4728 5360 5535 5192 5184 5686 5811 5516 5152 5705 5298 5191 5679 5657 5004 5530 5401 5049 4707 5167 5110 4856 5223 5252 5164 5101 5522 5413 5651 5630 5453 5174 5700 5524 5653 5268 5435 5577 5524 5155 5596 5202 6107 5741 5400 5354 5370 4871 5152 5185 5425 5438 5512 5244 5037 4999 5375 5558 5451 5512 5649 4936 5237 4985 5631 5731 5330 5586 5141 5341 5663 5123 5491 5006 5477 5728 5543 5294 5382 5110 5025 5553 5686 5275 5610 5283 5575 4983 5649 5307 5322 5119 5391 5429 5267 5078 5504 5910 5450 5133 5060 4810 4847 5535 5539 5347 5094 5702 5204 5098 5309 5554 5493 5552 5503 5706 5183 5107 5518 5070 5572 5257 5239 5176 5521 5371 5495 5103 5221 5026 5226 5395 5110 5935 5103 5250 4969 5230 5919 5197 5070 5258 5428 5060 
4988 5035 4895 4958 5160 5180 5150 5476 5193 5351 5115 5089 4818 5408 5051 4492 5387 5211 5198 5436 4918 4992 5074 4805 4917 5006 5041 5125 4945 5327 5394 5124 5084 5146 5579 4680 5193 4889 5156 4838 5188 4981 5513 5123 5077 5145 5231 4969 5120 4926 4997 5333 5255 4988 4807 5676 5330 5590 4904 5058 4934 5255 5386 5103 5057 5163 5010 5072 5554 4775 5052 5112 4970 5252 4945 4876 4763 5320 5102 5242 5439 5019 5206 5204 4833 5545 5101 4860 4724 5133 4957 5087 4864 5397 4968 5079 5078 5519 4893 5191 5304 5408 5237 5237 5439 5614 5121 4885 5305 5173 5604 5170 4431 5268 5267 4832 4867 5336 5301 5339 4762 5344 5070 4917 5566 5269 4790 4969 5220 4933 4703 5034 5069 4846 4977 4718 4832 4787 5065 5303 5205 5383 5046 4744 5497 5167 5144 4878 5087 5387 5208 4760 5213 5076 5518 5468 4890 5270 5038 4943 4699 4775 4958 4828 5271 4764 5019 4665 5327 5329 5151 5047 5413 5045 5115 4524 5755 5523 4975 5438 5061 5151 5333 5006 5249 4526 5141 5331 5102 4867 5190 4848 4943 5128 5340 5138 5066 4694 5327 4584 5343 4898 5087 4675 5145 5531 4990 5004 5295 5642 4950 5088 5187 4604 4543 4867 5440 4994 5058 5208 5134 5108 5105 5362 5048 5082 5013 5232 5003 4924 5502 4975 5196 5093 5116 4781 5305 4973 5129 4843 5021 5315 5212 4914 4595 5618 5172 4959 4879 4899 5249 4865 5006 4887 5232 4940 
5084 4726 5234 5024 5276 5248 5003 5539 5275 5394 5067 5147 4362 5347 5295 4875 5133 5207 5311 5213 4997 4850 5298 4876 5073 5080 5121 5291 4989 5464 5201 5209 5055 5217 5617 4637 5146 5038 4920 4790 4819 5014 5712 5322 5277 4976 4894 4833 5206 5508 4932 5484 5021 5002 5322 5647 5572 5568 4451 5130 4999 5202 5000 5009 5074 5164 5208 5397 5248 4919 5229 5003 5295 5029 5132 4949 4706 5324 5140 5124 5658 5121 5239 5395 5112 5357 4959 4932 5015 4915 4934 5322 5090 5381 5095 5347 4596 5481 4906 5181 5051 5288 5377 5071 5485 5479 4986 4828 5397 4985 5513 5504 4330 5161 5331 4753 4618 5296 5500 5149 4782 5157 5238 5180 5541 5020 4590 5371 4998 4747 4935 4851 4917 4513 4997 5155 5017 4877 5199 5023 5443 5524 5349 4736 5494 5552 5455 5133 5052 5318 5421 5149 5084 5142 5772 5441 5170 5085 4922 5097 5162 5004 5313 4917 5062 5202 5115 4822 5093 5321 5304 5313 5166 5012 5415 4848 5677 5438 5124 5318 4918 5165 5304 5036 5314 4872 5129 5314 5509 5224 5291 4944 4909 5415 5541 4788 5356 5049 5124 5087 5215 4892 5215 4479 4926 5282 4694 4940 5306 5523 5203 5150 5015 4440 4870 5302 5138 4916 5249 5395 5391 5015 5322 5553 4975 5184 5226 5590 4915 4749 5390 4815 5518 5196 4666 4973 5295 5029 5184 4757 5303 4994 5167 5397 4834 5637 5127 5066 5150 4945 5399 5170 4951 5193 5373 5408 
5164 4959 5232 5220 5359 5500 5321 5678 5537 5388 5203 5065 4633 5319 5310 4918 5209 5236 5276 5566 5011 5069 5322 5212 5191 5111 5246 5070 5111 5703 5464 5507 5127 5360 5546 5104 5132 5097 5198 5092 5186 5197 5946 5362 5564 5275 5551 5397 5222 5559 5079 5749 5380 5098 5238 5935 5503 5751 5128 5415 5339 5451 5369 5159 5300 5330 5171 5385 5418 4933 5093 5370 5563 5541 5223 5369 4857 5319 5597 5454 5703 5295 5432 5468 5015 5738 5288 5010 5101 5013 5154 5153 5126 5390 5059 5592 4878 5539 4956 5194 5441 5294 5767 5239 5530 5806 5260 4977 5467 5215 5662 5396 4491 5435 5598 5006 5175 5565 5700 5520 4925 5496 5507 5222 5459 5235 4725 5214 5526 4864 5136 5087 4980 5084 5098 5143 5115 5084 5395 5420 5220 5655 5363 5090 5514 5516 5459 5198 5537 5684 5521 5072 5556 5120 5616 5769 5457 5458 5267 5328 5001 5160 5352 4986 5768 5198 5210 4962 5309 5516 5484 5256 5495 5235 5474 5242 5895 5598 5353 5532 5215 5229 5359 5057 5694 4992 5478 5756 5466 5341 5347 5105 5088 5394 5631 5120 5337 4706 5591 4889 5325 5333 5378 4863 5334 5726 5049 5140 5454 6001 5309 5423 5419 4716 4836 5208 5257 5455 5243 5497 5184 5007 5331 5658 5372 5791 5031 5586 5061 5131 5743 5174 5577 5137 5017 5158 5449 5254 5096 5061 5038 5148 5157 5279 4839 5832 5309 5258 5062 5024 5659 5155 5157 4897 5599 5247 
5281 5032 5433 5483 5715 5414 5301 5423 5563 5705 5278 5243 4823 5564 5427 5069 5381 5070 5520 5487 5288 5107 5140 5169 5343 5204 5349 5195 5124 5470 5633 5545 5286 5352 5915 5084 5363 5247 5192 4983 5251 5195 6012 5545 5619 5161 5429 5175 5401 5564 5137 5828 5499 5373 5344 5893 5673 5863 4966 5230 5326 5442 5320 5494 5335 5440 5312 5472 5755 5202 5308 5478 5515 5198 5377 5113 4952 5468 5672 5575 5719 5344 5503 5561 4968 5756 5336 5121 5150 5033 5300 5594 5251 5445 5170 5663 5107 5728 5181 5207 5465 5455 5592 5461 5368 5896 5273 5221 5733 5222 5794 5269 4560 5162 5629 5045 4812 5759 5543 5350 5053 5379 5140 5276 5754 5152 4813 5261 5202 5084 5093 5380 5160 5107 5313 5231 5229 4945 5495 5423 5511 5408 5595 5253 5261 5644 5567 5180 5319 5697 5542 4881 5461 5245 5982 5788 5471 5373 5211 5262 5236 5051 5208 5198 5373 5301 5358 5203 5204 5486 5266 5441 5322 5322 5262 5388 5989 5724 5434 5594 5222 5315 5308 5276 5642 5231 5664 5494 5748 5146 5243 5266 4954 5648 5621 5216 5677 5011 5559 4920 5431 5103 5875 4938 5315 5457 5060 5366 5404 5647 5449 5641 5033 4978 4611 5534 5356 5313 5250 5489 5316 5225 5148 5625 5361 5519 5272 5525 5145 5035 5586 4802 5498 5504 4958 4923 5514 5344 5323 5114 5230 5367 5141 5501 5056 5690 5471 5206 5267 4923 5691 5247 5018 5484 5621 5387 
5644 5236 5658 5177 5596 5515 5491 5790 5705 5560 5363 5486 5023 5576 5584 4984 5703 5642 5884 5675 5283 5262 5329 5435 5638 5301 5566 5344 5052 5823 5907 5552 5457 5327 5951 4993 5533 5533 5337 5088 5757 5396 5873 5447 5621 5288 5443 5297 5468 5592 5149 5823 5494 5490 5546 6087 5533 5715 4932 5434 5382 5418 5422 5388 5396 5511 5527 5750 5709 5129 5295 5368 5714 5320 5579 5156 5369 5542 5491 5572 5856 5460 5449 5882 5203 5831 5549 5289 5002 5240 5504 5547 5194 5598 5117 5612 5385 5846 5293 5479 5664 5456 5962 5726 5549 5954 5232 5010 5529 5677 5996 5487 4614 5337 5750 5410 5315 5737 5682 5414 5268 5756 5673 5418 5933 5435 5155 5287 5422 5248 5066 5380 5197 5264 5233 5333 4943 5192 5183 5561 5640 5701 5461 5106 5415 5647 5619 5146 5257 5706 5626 5175 5527 5595 6041 5897 5389 5506 5492 5568 5278 5336 5304 5584 5507 5527 5319 5228 5560 5720 5592 5552 5811 5172 5352 5080 6092 5811 5292 5595 5246 5395 5717 5473 5597 5142 5738 5673 5677 5355 5525 5218 5257 5713 5826 5311 5600 5022 5797 5013 5541 5289 5608 5026 5410 5616 5427 5469 5622 5759 5432 5459 5219 5090 4743 5679 5447 5362 5267 5405 5311 5550 5396 5603 5439 5431 5376 5634 5326 5179 5887 5075 5480 5592 5551 5171 5688 5448 5490 5359 5653 5534 5578 5543 5079 6036 5403 5325 5063 5193 5847 5507 5186 5369 5584 5453 
5118 4959 4865 4760 5132 5342 5325 5615 5456 5052 5251 5174 4528 5348 5208 4899 4916 5351 5048 5241 5176 5025 5420 4723 4807 5277 4963 5234 4930 5373 5276 5221 5284 5375 5556 4518 5267 5062 4982 4695 5114 4703 5559 5237 5148 5011 5296 4916 5030 5211 4879 5313 5042 5228 5084 5589 5244 5506 4769 5248 5002 5296 5345 5030 5072 5387 5033 5188 5342 4982 5073 5406 5187 4933 5167 4955 4767 5358 5085 5171 5553 5223 5451 5597 4951 5308 4935 4924 4684 4932 4936 5135 5262 5164 5424 5482 5056 5308 5124 4824 4900 5454 5296 5411 5632 5482 4925 4936 5452 5098 5465 5238 4374 5104 5348 5011 4973 5041 5281 5173 4942 5344 5263 4767 5441 5057 4630 5037 5153 4792 4868 5062 4927 4650 4875 4925 4859 4945 5114 5328 5399 5646 4866 4825 5365 5411 5301 5054 5118 5249 5022 5000 5400 4961 5445 5614 4865 5202 5140 5025 5055 4901 5113 5288 4969 5237 5249 4892 5281 5200 5539 5109 5240 4801 5241 4730 5673 5551 5154 5447 5053 5097 5176 4983 5622 4851 5292 5464 5657 5047 4981 4841 5129 5209 5418 5138 5363 4866 5421 4822 5199 4999 5151 4535 5097 5432 4765 5074 5056 5334 4789 5253 5076 4520 4519 5111 5074 5115 4927 5265 4888 5176 5287 5452 4953 5307 5166 5630 5153 4887 5508 4467 5237 5198 5033 5076 5249 5300 4875 4833 5048 5180 5304 5128 4632 5636 5196 5151 4927 4815 5547 4951 5096 4767 4919 5153 
5124 5095 5510 5109 5543 5450 5565 5590 5195 5407 4969 5226 4826 5657 5166 4863 5320 5225 5620 5581 5037 5194 5083 5013 5330 5224 5406 5374 5114 5502 5487 5637 5138 5590 5855 5025 5130 5053 5138 5140 5295 5053 5537 5241 5150 5234 5261 5226 5383 5491 5084 5577 5313 5312 5478 5789 5453 5630 4962 5356 5071 5433 5408 5371 5492 5433 5246 5074 5528 5192 5136 5426 5275 5250 5134 5106 5088 5440 5267 5575 5919 5237 5372 5477 5030 5676 5370 5133 4738 5107 4884 5184 5059 5474 5210 5439 5080 5721 4972 5175 5273 5332 5742 5876 5464 5602 5215 5229 5608 5337 5580 5478 4683 5110 5471 4822 4966 5641 5590 5402 5072 5504 5050 5222 5609 5267 5006 5102 5319 5359 4941 4973 4942 5099 5305 4785 5064 5159 5384 5403 5479 5828 5263 4975 5572 5695 5377 5048 5441 5407 5478 4949 5253 5117 5939 5728 5192 5628 5431 5220 5362 4934 5256 5199 5479 5170 5281 5029 5413 5286 5534 5168 5460 5359 5402 5134 6050 5596 5103 5424 5234 5101 5375 5239 5569 4946 5436 5575 5588 4997 5185 5211 4974 5754 5995 5213 5658 4991 5768 5009 5454 5293 5595 4909 5601 5702 5138 5179 5523 5764 5125 5301 5219 4892 4653 5327 5363 5117 4983 5450 5125 5386 5292 5497 5113 5396 5331 5883 5116 5044 6154 5104 5291 5376 5210 5067 5552 5279 4966 5109 5205 5418 5215 5205 4963 5806 5355 5520 5279 4930 5625 5296 4915 5390 5599 5330 
5198 4781 5082 4934 5258 5317 5209 5370 5208 5367 5273 5207 4792 5203 5238 4713 5055 5072 5170 5243 5259 4966 4812 4731 5184 4869 5355 5086 4935 5360 5349 5296 5077 5240 5524 4684 5143 5113 4847 4687 5195 5052 5844 5201 5012 5035 5190 5146 5254 5092 4908 5456 4953 4770 5402 5976 5379 5371 4839 4991 5208 5287 5136 4894 5232 5359 4913 5223 5201 4895 5121 5208 5275 5144 5276 5029 4789 5396 5209 5343 5418 5254 5339 5132 4908 5471 5081 5043 5025 4757 4871 5125 4946 5368 5084 5341 4670 5543 4965 5247 5204 5256 5517 5258 5155 5371 5238 4902 5622 5180 5557 5229 4555 5065 5293 4711 4981 5296 5291 5317 4810 5083 5168 4935 5290 5146 4697 4884 5053 4795 4823 4979 4992 4919 5095 4937 4865 4846 5213 5143 5319 5344 5189 5030 5258 5346 5304 5237 4960 5479 5192 4985 5189 5174 5626 5595 5103 5180 5092 4904 4974 4954 4888 4915 5059 5143 4925 4543 5017 5434 5338 5016 5137 5142 5259 4872 5450 5457 5037 5312 5178 5194 5016 4906 5521 4776 5163 5741 5461 5252 5203 4939 4759 5333 5276 4897 5205 4842 5443 4590 5169 4850 5379 4787 5129 5317 4724 5125 5298 5536 5158 5198 4994 4750 4790 5159 5186 5058 5094 5324 5160 5158 5294 5302 4940 5152 5144 5383 5002 4473 5481 4761 5196 5023 4682 4961 5183 4901 4982 4942 5051 5106 5108 5209 5047 5776 5066 4990 5163 4833 5512 5092 5012 4933 5177 5133 
5300 5120 5434 5399 5499 5532 5731 5589 5253 5685 5284 5222 5054 5914 5285 5086 5467 5465 5812 5482 5356 5278 5346 5287 5216 5230 5291 5360 5183 5658 5719 5449 5333 5642 5800 5006 5268 5271 5217 5144 5320 5030 5808 5343 5361 5484 5794 5148 5375 5437 5404 5625 5332 5165 5496 5889 5555 5841 5198 5619 4982 5574 5588 5480 5240 5391 5197 5195 5921 5151 5094 5474 5277 5491 5369 5288 5165 5588 5457 5377 5873 5245 5467 5425 4980 5868 5296 5005 5190 5423 5256 5620 5042 5392 5161 5679 4951 5625 5280 5439 5486 5655 5847 5674 5669 5633 5402 5211 5737 5479 5821 5543 4502 5418 5496 5167 5074 5651 5523 5457 4970 5619 5398 5402 5690 5369 5084 5276 5270 5237 5194 5321 5358 5021 5558 5098 5314 5274 5490 5744 5504 5750 5514 5239 5510 5618 5749 5153 5436 5604 5620 5014 5352 5202 5966 6004 5353 5479 5538 5326 5439 5097 5402 5183 5581 5437 5201 5009 5656 5583 5816 5635 5632 5451 5621 5055 5764 6003 5244 5643 5160 5321 5480 5238 5614 5125 5495 5508 5709 5132 5504 5258 5177 6021 5796 5332 5564 5054 5534 5036 5568 5183 5590 4822 5411 5836 5264 4962 5644 6095 5446 5695 5474 4940 4991 5084 5301 5291 5270 5425 5567 5467 5503 5628 5262 5341 5391 5846 5347 4950 5838 5139 5515 5280 5334 5415 5571 5479 5523 5087 5139 5452 5368 5333 4955 6084 5430 5409 5263 5177 5837 5372 5143 5472 5577 5517 
4671 4822 4651 4652 4938 4987 4999 4847 4825 4942 4690 5005 4466 4896 4722 4381 5082 5034 4752 4934 4440 4859 4733 4792 4811 4498 4723 4696 4510 5136 5063 4966 4832 5079 5315 4544 4786 4596 4785 4568 4785 4563 5075 4971 4594 4909 5101 4675 5016 5109 4530 5212 4772 4796 4785 5278 5278 5034 4637 4821 4789 4850 4651 4509 4672 4660 4657 4985 5095 4682 4813 4500 5062 4803 4913 4819 4544 5188 5091 5063 5350 4849 4968 5249 4670 5240 4764 4853 4584 4658 4717 4876 4732 4926 4642 5048 4886 5099 4860 4856 5108 5115 5062 5049 5076 5213 4929 4755 5232 4785 5144 5135 4181 5004 5098 4652 4703 4942 5249 5016 4398 4981 4829 4615 5020 4836 4563 4841 4805 4601 4826 4597 4785 4589 4791 4637 4781 4772 4985 4914 5083 5178 4866 4575 5072 5029 5061 4852 4804 5038 4815 4794 4770 5017 5220 5128 4950 5034 4942 4880 4845 4772 4906 4742 4792 4763 5032 4376 4871 5028 5032 4870 5128 4735 5081 4511 5318 5477 4992 4978 4752 4758 5035 4814 5190 4467 5118 5259 5162 4790 4839 4500 4696 5058 5095 4809 4998 4973 4886 4485 4992 4451 4875 4725 4759 4893 4610 4678 4924 5267 5038 5097 4759 4357 4459 5004 4958 5097 4684 5042 4833 4651 5013 5350 4901 4892 4929 5062 4746 4481 5265 4675 4864 4867 4698 4785 4839 5018 4718 4722 4670 5068 4737 4700 4709 5379 5001 4877 4659 4587 5255 4904 4684 4713 5184 4831 
5090 4985 5201 5118 5247 5321 5290 5264 5284 5696 4991 5201 4799 5565 5278 4929 5390 5029 5428 5364 5048 5247 5096 4909 5375 5142 5258 5199 5255 5640 5367 5368 5149 5286 5831 4972 5037 4954 5399 5185 5028 5206 5929 5516 5463 5284 5370 5057 5504 5429 5040 5549 5461 5283 5238 5820 5622 5904 4782 5435 5243 5448 5460 5131 5203 5361 5302 5286 5709 4974 5183 5438 5392 5240 5299 5024 4888 5423 5366 5406 5772 5370 5276 5243 5033 5714 5240 4986 5299 5184 5157 5385 5069 5573 5239 5196 5034 5546 5379 5224 5313 5351 5637 5458 5383 5633 5087 4942 5741 5406 5720 5248 4314 5320 5231 5091 5224 5533 5536 5364 5113 5405 5252 5077 5646 5104 4924 5234 5446 5140 4846 5233 5187 5100 5109 5017 5348 5080 5523 5296 5410 5429 5582 4952 5602 5362 5486 5153 5469 5468 5750 5090 5282 5404 6063 5474 5022 5294 5200 5007 5308 5066 5157 5283 5205 5338 5241 5193 5352 5428 5549 5279 5640 5036 5237 5174 5905 5606 5331 5581 5000 5135 5549 5213 5534 4720 5268 5629 5518 5211 5244 4955 5037 5424 5561 5213 5569 4702 5252 4981 5489 4988 5423 4872 5488 5698 4885 5127 5395 5830 5133 5095 5076 4866 4742 5313 5391 5087 5178 5519 5079 5167 5298 5623 5157 5147 4875 5727 4952 5049 5622 4820 5451 5324 4976 4844 5471 5395 5469 4870 5330 5294 5012 5271 4825 5831 5646 5476 5359 4946 5545 5369 4937 5058 5433 5179 
4825 4711 4946 4693 4987 4655 4921 5017 4979 5041 4686 5012 4273 5001 4932 4600 4905 4828 5040 5250 4537 4772 4549 4827 4997 4661 5062 4767 4705 5101 4908 5172 4888 5000 5183 4595 4832 4968 4985 4569 4874 4782 5366 4788 4835 4885 5015 4651 4800 4961 4734 5163 5191 4857 4817 5297 5085 5402 4421 4981 4655 4979 5031 4932 4805 4943 4939 4754 5283 4754 4828 4933 4988 4755 4833 4843 4682 5033 4998 4644 5023 4895 4924 4968 4389 5141 4826 4936 4609 4625 4780 5131 4564 5075 4683 5037 4582 4805 4755 4911 5170 5372 5308 5280 4952 5352 4867 4861 4893 4873 5310 4994 4080 5015 4875 4718 4747 5134 5196 4948 4791 5254 4914 4787 5025 4993 4541 4897 4891 4642 4854 4843 4887 4816 4741 4634 4579 4574 5165 5219 4855 5171 5224 4696 4855 5077 5163 5080 4874 5009 4954 4737 5006 4890 5271 5354 4902 4857 4840 4928 4625 4881 4689 4822 5068 5040 4772 4500 5011 4819 4919 4753 4921 4849 5085 4602 5233 5287 4901 5028 4963 4555 4988 5025 5173 4577 5111 5058 5236 4770 5072 4742 4478 5155 5267 4780 4860 4759 4958 4298 5089 4898 5112 4670 4924 5148 4706 4931 4839 5405 5107 4884 4695 4381 4247 4976 4979 4932 4659 5093 4931 5096 4822 5207 4934 5060 4889 5239 4888 4580 5303 4354 4667 4945 4667 4499 5209 4674 4895 4858 4858 5009 4993 4621 4863 5327 4840 4782 4641 4629 5286 4831 4685 4722 4915 4852 
5173 5004 5123 5052 5384 5067 5309 5411 5020 5245 5328 5030 4996 5350 5167 4899 5422 5181 5319 5494 4955 4923 5163 5157 5150 5141 5509 5383 4901 5609 5496 5514 5109 5529 5661 4862 4992 5043 5256 5201 5390 5057 6038 5332 5405 5123 5421 5319 5255 5482 5193 5720 5482 5120 5205 5692 5431 5781 4940 4989 5143 5386 5435 5173 5351 5430 5169 5273 5615 5266 4946 5261 5210 5352 5449 5046 4901 5405 5258 5401 5801 5410 5264 5207 4850 5431 5354 5255 5176 5077 5387 5472 4805 5526 5140 5421 4979 5573 5152 5196 5298 5511 5524 5620 5224 5560 5310 5098 5564 5263 5672 5678 4456 5596 5406 4849 4942 5383 5613 5300 5077 5319 5224 4718 5314 5166 4892 5200 5346 4872 4829 5098 5347 4894 5316 4752 4940 5084 5312 5515 5521 5716 5367 5065 5298 5167 5446 5095 5280 5308 5500 5253 5221 5483 5525 5799 5092 5042 5344 5262 5189 4972 5273 5258 5223 5466 5054 5151 5177 5426 5484 5195 5074 5183 5382 4824 5743 5702 5115 5481 5049 5020 5396 5285 5701 4941 5469 5295 5673 5133 5402 5051 5073 5177 5466 5181 5567 4911 5285 4849 5376 5097 5495 5159 5181 5581 4904 4870 5401 5902 5328 5313 5147 4799 4641 5144 5592 5289 5226 5499 5268 5369 5490 5563 5178 5305 5310 5306 4977 4892 5586 4836 5167 5185 5144 5116 5536 5219 5003 4978 5209 5404 5333 5362 4987 5688 5671 5011 5091 4980 5533 5243 5255 5109 5182 5459 
4991 4770 4909 4853 5042 5093 5341 5165 5328 5496 4987 5046 4479 5529 4898 4637 4959 5099 4974 4957 4593 4910 4856 4689 5092 4835 5021 4994 4795 5339 5477 5355 4826 5065 5282 4653 4909 4890 5114 4813 5047 5010 5543 5053 5197 4962 5155 5031 5351 5385 4745 5276 5076 4984 4896 5607 5090 5483 4592 5042 5072 5110 5233 4967 5087 4904 4976 5022 5241 4720 4884 5126 5237 4855 4947 4741 4906 5235 5311 5334 5401 5207 5068 5341 4845 5430 4907 4822 4582 4743 4647 5214 4888 5185 5185 4955 4985 5355 5164 5002 4994 5180 5457 5282 5332 5411 5067 5063 5149 4915 5293 5140 4240 5076 5251 4785 4612 5146 5197 5357 4901 5213 4901 4969 5295 5038 4666 5066 5031 4819 4731 4915 5092 4737 4869 4812 4839 4833 5034 4900 5242 5525 5089 4729 5567 5345 5182 4949 5249 5277 5088 4865 5276 4892 5516 5370 5022 5519 4900 4835 4721 4677 5128 4703 5159 4946 4658 4595 5124 5143 5182 5018 5123 4829 5270 4774 5397 5401 4973 5138 4791 5160 5076 5021 5321 4674 5141 5164 5144 5067 5221 4620 4602 5179 5248 4947 5312 4880 5203 4820 5021 5009 5042 4805 5025 5145 4702 4918 5226 5480 4927 5004 5192 4501 4729 5170 5073 4895 4976 5243 5120 4868 5107 5312 5242 5045 5100 5409 5061 4786 5604 4890 5176 5173 5191 4788 5364 4995 4715 4768 4779 4926 5168 4870 4573 5395 4911 4724 4595 5031 5280 5040 4790 5018 5184 4819 
5292 4918 5121 5228 5478 5246 5259 5281 5108 5537 5057 4962 4705 5273 5361 4715 5363 5254 5372 5275 5034 4780 5355 4902 5078 5435 5097 5023 5112 5653 5215 5245 5151 5392 5649 4831 5023 5060 5181 4836 5180 4948 5588 5197 5459 5123 5402 4890 5172 5231 4904 5523 5164 4934 5379 5672 5348 5554 4929 5562 5072 5280 5290 5353 5330 5254 5374 5224 5566 5091 5040 5318 5352 5059 5036 5087 5002 5465 5426 5179 5741 5190 5436 5511 4855 5368 5196 5153 4812 4728 4888 5014 4892 5298 5131 5554 5164 5264 4704 4952 5147 5470 5310 5296 5367 5364 5091 4890 5343 5206 5349 4990 4417 5076 5422 5106 5211 5486 5522 5081 4967 5549 5147 5050 5605 5161 4807 5119 5460 4870 4770 5043 4862 4741 5084 4901 4751 5092 5247 5275 5280 5373 5053 4809 5285 5234 5523 5330 5161 5500 5399 5021 5490 5115 5847 5474 4957 5181 5274 5018 4716 4916 5189 5207 5297 4985 5287 4715 5475 5614 5143 5183 5383 4960 4974 5069 5586 5718 4850 5594 5000 5233 5351 5076 5417 4789 5216 5674 5636 5149 4786 5020 4895 5554 5717 5061 5202 5021 5771 4887 5533 4999 5246 4715 5320 5661 5065 4904 5325 5725 5131 5496 4818 4584 4641 5291 5403 5069 5177 5151 5232 5255 5331 5389 5096 5321 5251 5602 5097 4895 5329 4677 5419 5183 4902 4886 5433 5361 5005 4950 5194 5273 4931 5038 4775 5802 5225 5141 4993 5172 5637 4835 4916 4911 5236 5068 
5167 4693 5148 5087 5334 5265 5304 5378 5413 5380 5095 5144 4719 5202 4926 4771 5328 5198 5273 5383 5066 5002 5266 4914 5153 5006 5339 5173 4869 5353 5319 5336 5054 5528 5614 4752 5141 5259 4879 4837 4944 5081 5677 5134 5202 4978 5375 5067 5125 5550 5063 5460 5137 5216 5281 5602 5511 5649 4665 5285 5161 5333 5197 5076 5170 5155 5153 5249 5456 4774 5115 5133 5205 5430 5379 5159 4881 5577 5423 5291 5574 5107 5151 5469 4804 5431 5047 5253 4824 5212 5143 5401 4922 5328 4900 5305 5012 5393 5062 5165 5401 5299 5513 5409 5209 5470 5167 4886 5378 5069 5548 5346 4294 5481 5560 4805 4840 5244 5448 5284 4920 5207 5330 5039 5363 4996 4770 5287 5334 4778 4940 4861 4869 4792 4545 4911 4877 4927 5098 5468 5203 5851 5054 4810 5085 5409 5345 5212 5269 5365 5363 4901 5218 4916 5790 5436 5154 5257 5101 5087 5014 5057 5075 5226 5033 5045 4935 4842 5314 5349 5232 5218 5176 5041 4995 4972 5416 5609 5063 5259 5039 5180 5102 5194 5301 4955 5186 5312 5496 5083 5369 4872 5043 5203 5352 4985 5262 4945 5172 4723 5307 4981 5322 4682 5109 5401 4989 4819 5395 5710 4920 5105 5250 4580 4595 5125 5329 4948 5122 5221 5202 5152 5284 5505 5048 5407 5201 5277 4835 4936 5471 4447 5219 5363 4881 5080 5163 5247 5060 4857 5321 5181 5281 4906 4811 5846 5201 4823 5007 5107 5366 5144 5090 5312 5308 5118 
5469 5268 5170 5037 5461 5538 5465 5672 5532 5801 5366 5490 4986 5559 5374 4932 5592 5268 5622 5518 5277 5165 5159 5285 5387 5449 5586 5206 5200 5923 5458 5638 5238 5351 5914 5121 5317 5275 5128 5082 5387 5588 6076 5572 5499 5311 5589 5405 5400 5506 5224 5948 5432 5436 5462 5797 5456 5797 5323 5453 5516 5856 5116 5304 5306 5526 5332 5344 5629 5365 5379 5424 5597 5497 5410 5244 5060 5639 5663 5508 5767 5265 5331 5611 5150 5967 5518 5252 5369 5293 5186 5360 5096 5504 5271 5381 5164 5626 5252 5447 5715 5382 5795 5762 5356 5897 5301 4981 5424 5498 5738 5633 4739 5821 5855 5211 5508 5572 5826 5395 5101 5568 5278 5302 5665 5530 5020 5432 5283 5065 5056 5478 4989 5032 5160 5106 5181 5239 5321 5614 5686 5783 5555 5336 5540 5418 5713 5395 5616 5795 5485 5251 5657 5306 6103 5964 5369 5470 5263 5505 4985 5084 5478 5417 5573 5390 5130 5089 5432 5518 5583 5487 5807 4942 5297 5155 6120 5774 5437 5627 5333 5555 5505 5361 5615 5224 5368 5786 5456 5220 5472 5238 5176 5410 5741 5320 5834 5031 5644 4982 5446 5345 5379 5025 5253 5645 5063 5264 5469 6086 5553 5715 5279 4981 4779 5253 5737 5352 5325 5692 5229 5613 5484 5464 5402 5348 5324 5613 5416 5114 5664 5063 5693 5334 5059 4951 5616 5481 5124 5258 5522 5299 5367 5563 5169 5806 5612 5352 5070 5131 5681 5333 5022 5034 5529 5418 
4777 4787 5231 4980 5154 4852 5419 5384 5291 5317 4884 4965 4609 5303 5274 4591 5121 5415 5071 5217 4795 4769 5002 4702 4845 4996 5266 4874 4790 5445 5353 5186 5195 5320 5534 4802 4890 5151 4748 4983 4905 4927 5270 5169 5347 5111 5160 4871 5155 5255 4807 5482 4909 5120 4953 5416 5151 5501 4758 4924 4973 5167 5079 5003 4995 5085 5348 5329 5164 4945 5051 4994 5236 5113 5088 5078 4859 5303 4961 5175 5442 5281 5121 5260 4960 5450 4902 4987 4672 5018 5158 5169 4985 5151 4982 5333 4686 5513 4918 5069 4959 5047 5356 5118 5161 5232 4983 4846 5560 5403 5420 5123 4271 5036 5359 4878 4810 5177 5300 5094 4704 5246 5044 5224 5385 4971 4695 5088 5126 4818 4628 4970 4790 4840 4830 4734 4970 5048 5153 5203 5127 5389 5116 4993 5098 5214 5201 4962 4996 5304 5412 4952 5166 5390 5251 5284 4913 5107 5127 4727 5040 4724 4839 5119 5112 5176 5060 4758 5170 5153 5085 5180 5196 4757 5020 4960 5391 5253 4886 5091 4937 4771 5136 4726 5282 4824 5056 5290 5435 4836 5216 4726 4592 5226 5458 4896 4992 4786 5199 4659 5190 4960 5224 4606 4921 5593 4874 5088 5179 5586 5112 5107 5136 4501 4653 4946 5210 4868 4995 5274 5132 5100 4907 5232 5087 5002 5026 5453 4839 5011 5407 4483 5270 5075 4891 5005 5011 5066 4832 5070 5101 4888 5106 5109 4972 5853 5099 5217 4994 4786 5278 5267 4540 5057 5145 4808 
4820 4804 4949 4962 5068 5112 5075 4950 5254 5336 4771 4793 4681 5284 4945 4799 5050 5052 5226 4938 4912 4851 5021 4828 5193 4871 4945 5118 5012 5396 5155 4928 4824 4979 5352 4706 4926 4934 4673 4860 5070 5043 5545 5259 4999 5013 5364 5018 4956 4982 4778 5602 4751 4721 4904 5507 4956 5577 4935 4942 4898 5063 5059 4789 4937 4996 4777 5024 5367 4732 4806 5228 5186 4957 4769 4694 4739 5131 5178 5103 5292 5053 5105 4841 4703 5106 5134 4346 4974 4958 4670 5115 4845 5187 4783 5202 4741 5408 4693 4749 5326 5217 5330 5150 5178 4952 4984 4434 5162 4670 5332 5023 4226 4969 5121 4632 4544 5430 5314 4846 4827 5124 4789 5062 5265 5052 4761 4968 5102 4592 4716 4853 4798 4721 4903 4823 4720 4786 5305 5128 5169 5126 5197 4841 5033 5136 5261 5081 5298 5138 5310 4816 5211 5090 5443 5088 4993 5013 4959 4747 4737 4973 4815 4699 5159 5132 4858 4473 4937 5113 5069 5025 5393 4841 4987 4900 5555 5157 4942 5210 5029 4866 4846 4928 5432 4583 5295 5351 4961 4826 5087 4781 4727 5001 5257 5045 4966 4698 5014 4689 5161 4891 5211 4656 4999 5250 4868 4739 4818 5634 4938 5189 4812 4571 4592 4851 4995 4727 4957 5122 4794 4890 4945 5213 4793 5021 5019 5338 4925 4551 5380 4545 5417 4707 4934 4463 5104 4996 4965 4693 4909 4833 5096 4946 4896 5426 5071 5097 4899 4699 5006 4823 4935 4947 5336 4977 
4741 4733 4948 4985 4718 4768 5028 5041 4799 5211 4971 4896 4202 4963 4997 4489 4681 4802 5118 4941 4625 4749 4763 4440 4975 4988 4550 4747 4532 4929 5038 4843 4578 5154 5048 4619 4546 4707 4757 4603 4801 4779 5288 4973 4757 4593 4776 4764 4938 4926 4544 5026 4683 4729 4695 5163 4967 5135 4448 4560 4578 4687 4753 4657 4602 4714 4676 4951 5176 4524 4522 4825 4899 4722 4900 4558 4553 4946 4877 4883 5191 4976 4872 4912 4897 5006 4545 4912 4496 4606 4551 4960 4262 5049 4709 4647 4673 5051 4747 4791 4966 5092 4992 4873 4903 4985 4808 4940 5095 4748 4993 4889 4001 4965 5013 4455 4556 4810 4710 4850 4577 4947 4660 4666 5273 4818 4580 4657 4864 4367 4638 4574 4701 4642 4721 4515 4526 4618 4937 4828 4875 5118 5039 4338 5101 4957 5219 4732 4792 4953 5041 4644 5031 4781 5175 5129 4719 4804 4720 4701 4817 4660 4820 4667 4909 4838 4705 4457 4877 4884 4779 4967 4652 4697 4927 4501 5001 5413 4701 5060 4653 4674 4790 4877 5043 4633 5002 5085 5064 4495 5014 4429 4396 4939 5295 4769 5120 4456 4652 4202 4901 4678 4891 4409 4990 5123 4673 4757 4721 5153 4911 5239 4578 4229 4416 4502 4974 4626 4635 4954 5038 4888 4850 4864 4749 4742 4941 4976 4939 4586 5110 4497 5094 4711 4594 4564 4977 4801 4656 4464 4818 4942 4807 4710 4221 5416 5071 4849 4634 4352 5170 4863 4622 4614 4854 4756 
5368 5288 5471 5041 5350 5471 5726 5876 5649 5705 5837 5231 4925 5760 5805 5151 5601 5599 5753 5518 5157 5362 5334 5341 5317 5588 5633 5707 5340 5878 5551 5568 5387 5623 5910 5388 5672 5432 5606 5455 5434 5290 6135 5612 5359 5694 5625 5247 5663 5824 5269 5787 5356 5580 5753 5958 5597 5769 5124 5175 5520 5342 5431 5409 5327 5563 5344 5709 5794 5338 5296 5381 5928 5388 5453 5473 5398 5557 5405 5701 5978 5543 5463 5933 5335 5894 5299 5125 5227 5303 5173 5522 5322 5682 5281 5825 5363 5619 5491 5319 5406 5582 5815 5654 5669 5597 5208 5317 5836 5388 5702 5609 4636 5647 5630 5387 5321 5678 5736 5598 5203 5454 5473 5319 5586 5541 5293 5587 5507 5130 5015 5191 5122 5173 5539 5412 5385 5336 5627 5598 5861 5915 5551 5300 5531 5647 5653 5268 5757 5597 5601 5298 5720 5404 6072 5852 5372 5619 5383 5598 5308 5333 5552 5341 5328 5664 5318 5128 5717 5777 5431 5582 5851 5250 5564 5269 5785 5932 5321 5767 5348 5529 5551 5230 6051 5107 5616 5795 5654 5604 5328 5176 5438 5748 5884 5447 5624 4987 5542 5071 5746 5318 5664 5197 5842 5909 5434 5073 5459 5880 5634 5416 5281 4891 4715 5488 5673 5578 5383 5537 5447 5577 5365 5782 5604 5554 5593 5673 5381 5240 5891 4936 5964 5360 5245 5369 5552 5726 5449 5254 5322 5767 5551 5615 5379 6311 5449 5229 4919 5273 6079 5364 5450 5068 5387 5483 
5065 5067 5247 4976 5408 5230 5499 5401 5255 5306 5239 4918 4684 5494 5061 4630 5352 5216 5010 5378 4735 4905 5288 5092 5134 5102 5094 5005 4936 5755 5188 5344 4952 5466 5686 4935 4870 5106 5099 4925 5155 4901 5581 5399 5448 5143 5401 4867 5137 5345 4903 5499 5256 5023 5026 5421 5386 5572 4787 5168 4996 5259 5196 5270 5185 5265 5103 5301 5550 5017 4905 5105 5261 5176 5004 4823 4776 5179 5219 5375 5390 4990 5296 5452 5000 5568 5004 5059 4658 5062 5203 5326 5144 5334 5106 5337 5068 5542 4892 4850 5372 5300 5502 5306 5325 5756 5167 4866 5378 5240 5601 4984 4256 5367 5355 4810 4910 5367 5128 5197 4912 5243 5071 5039 5465 5072 4803 5186 5380 5034 4861 4857 4876 4636 5052 4604 4777 5272 5237 5231 5235 5644 5197 5049 5190 5163 5309 4970 5254 5334 5461 4931 5358 5161 5840 5323 5169 5252 5303 4965 5019 4858 5269 5081 5273 4989 5228 4861 5193 5506 5316 4992 5247 5281 4943 4811 5592 5416 5197 5481 5036 5357 5326 5191 5342 4521 5465 5394 5322 5092 5209 5098 4961 5497 5303 5124 5338 4898 5323 4732 5429 4965 5507 4902 5170 5252 5212 4889 5299 5875 5177 5473 5081 4684 4815 5139 5347 5146 5050 5453 5210 5160 5277 5607 5115 5004 5109 5432 4703 4736 5492 4789 5477 5094 4898 4875 5459 5263 5184 5088 5118 5233 5089 5034 4783 5754 5422 5286 5092 5114 5249 4942 5066 5067 5440 5311 
5007 5005 5254 5395 5369 5477 5426 5597 5198 5422 4947 5229 4857 5468 5377 4866 5329 5390 5457 5427 5185 5237 5339 4961 5170 5285 5147 5058 5186 5547 5404 5379 5174 5151 5691 4846 5364 5138 5097 4740 5155 5149 5769 5468 5327 5177 5250 5070 5221 5362 4996 5792 5373 5091 5171 5626 5224 5681 4747 5522 4886 5387 5084 5255 5245 5427 5221 5288 5697 4888 4915 5124 5309 4868 5446 5090 5130 5364 5161 5193 5457 4994 5319 5298 4718 5691 5107 4934 4785 5014 4849 5452 4942 5284 4970 5343 5054 5519 5330 5383 5332 5417 5512 5312 5396 5568 5077 5280 5585 5226 5601 5294 4464 5229 5527 4826 4980 5232 5411 5282 5192 5306 5188 5316 5624 5305 5054 5283 5263 4903 4909 5127 5001 4805 5047 4932 5096 5162 5319 5333 5354 5644 5268 4863 5418 5499 5484 5109 5187 5326 5524 5191 5261 5177 5813 5501 5129 5190 5154 5023 4986 4928 5073 5372 5206 5244 5055 4761 5155 5341 5363 5132 5531 5090 5281 5120 5565 5661 5252 5433 4831 5236 5392 5090 5392 4974 5381 5368 5326 5087 5385 5128 4912 5439 5666 5248 5213 4783 5413 4907 5425 5253 5261 4632 5208 5417 4874 5037 5162 5591 5225 5081 4990 4644 4873 5266 5392 4743 5496 5374 5203 5194 5315 5549 5101 5219 5282 5577 5091 4807 5596 4864 5429 5430 4864 4914 5475 5271 5398 5009 5332 5013 5142 5337 5030 5842 5521 5437 5175 4755 5284 4945 4784 5086 5481 5251 
5363 5188 5563 5357 5528 5387 5531 5373 5569 5518 5440 5365 4882 5925 5364 4796 5497 5689 5284 5639 5419 5146 5382 5266 5448 5231 5566 5432 5251 5723 5405 5622 5439 5681 5863 5304 5305 5328 5237 4943 5470 5413 5845 5577 5611 5215 5868 5395 5406 5737 5352 5649 5444 5375 5460 6218 5615 6247 4924 5635 5497 5785 5488 5229 5328 5491 5222 5512 5982 5227 5264 5516 5622 5391 5366 4974 5208 5760 5550 5402 5946 5468 5665 5737 5378 5660 5448 5194 5128 5223 5398 5678 5229 5669 5313 5701 5290 5857 5340 5288 5700 5837 5932 5643 5666 5738 5344 5113 5630 5330 5995 5543 4568 5517 5710 5272 5201 5700 5603 5285 4976 5514 5476 5393 5699 5272 5122 5375 5379 4933 5046 5365 5151 5150 5494 5222 5502 5404 5487 5470 5794 5822 5295 5223 5495 5553 5641 5490 5444 5588 5713 5207 5416 5344 6059 5793 5265 5345 5378 5073 5189 5257 5454 5540 5647 5447 5221 4889 5473 5711 5890 5403 5638 5274 5497 5008 5920 5912 5288 5721 5253 5474 5446 5553 5590 5098 5708 6062 5682 5119 5582 5074 5252 5482 5581 5234 5507 5197 5550 5311 5837 5532 5477 5242 5774 5758 5166 5262 5519 5919 5466 5590 5346 4999 4785 5351 5551 5622 5198 5570 5369 5200 5565 5778 5372 5231 5365 5591 5078 5148 5844 5145 5342 5224 5468 5128 5878 5399 5084 5396 5464 5215 5425 5186 5329 6183 5563 5162 5058 5071 5631 5289 5365 5420 5688 5273 
5182 5063 5248 5182 5593 5574 5490 5556 5427 5540 5498 5443 5005 5551 5420 4957 5624 5327 5513 5304 5142 5351 5067 5308 5097 5155 5455 5207 5226 5866 5361 5648 5374 5445 5724 5020 5003 5288 5320 5063 5265 5078 5689 5436 5516 5367 5364 5138 5292 5564 5176 6084 5537 5571 5373 5923 5607 6029 4973 5272 5472 5510 5141 5040 5443 5284 5267 5449 5877 5134 5271 5266 5286 5443 5303 5431 5040 5481 5496 5481 5798 5369 5560 5526 5093 5805 5309 5132 5174 5046 5046 5478 5357 5518 5369 5511 5099 5716 5470 5403 5315 5290 5738 5649 5491 5756 5386 4981 5818 5264 5636 5248 4829 5437 5631 5205 5175 5658 5587 5337 5294 5606 5386 5164 5618 5617 4913 5263 5578 5118 4942 5140 5377 5328 5289 5454 5031 5140 5401 5337 5367 5769 5662 5221 5669 5683 5762 5050 5302 5918 5430 5300 5416 5585 5955 5610 5121 5551 5298 5246 5357 5012 5118 5251 5306 5202 5466 4865 5372 5650 5583 5394 5666 5336 5691 4829 5839 5887 5469 5646 5229 5074 5530 5395 5563 5207 5567 5743 5472 5513 5513 5244 5359 5566 5700 5340 5541 5095 5460 4994 5768 5187 5453 5387 5474 5781 5115 5231 5469 5945 5302 5277 5507 4668 4602 5131 5338 5535 5110 5353 5313 5120 5500 5767 5233 5371 5307 5917 5242 5047 5780 5094 5517 5440 5085 4985 5395 5318 5050 5198 5451 5229 5363 5469 4970 5795 5421 5430 5307 5175 5599 5387 5118 5316 5339 5370 
5021 4798 4994 4837 5159 5380 5485 5521 5017 5442 4957 4834 4586 5164 5032 4566 5229 5416 5427 5217 4849 4919 5203 5125 5274 5012 5050 5081 5111 5702 5174 5385 5083 5075 5363 4764 5185 4942 5058 4766 4935 4762 5520 5067 5151 4969 5529 4990 5236 5278 4983 5159 5201 4657 5194 5568 5161 5376 4596 5227 4728 5251 5345 5176 5209 5174 5161 5143 5388 4957 4849 4960 5147 5048 5106 4848 4645 5128 5093 5226 5495 5089 5324 5416 4869 5560 4853 4895 4751 4867 5287 5201 4820 5197 5015 5365 4945 5169 4997 4858 5289 5380 5407 5304 5267 5454 5006 5011 5286 5076 5992 5182 4218 5357 5358 4895 4765 5297 5143 5289 4854 5026 5143 4555 5549 5213 4507 5233 4989 4662 5027 5125 4810 4688 4847 4737 4831 5145 5337 5092 5281 5529 5161 4896 5055 5045 5274 5086 5102 5102 5288 4847 5153 4943 5537 5406 4930 5235 5406 4833 4830 4950 5158 5227 5135 5213 5132 4709 5269 5227 5236 5063 5222 5069 5000 4825 5602 5457 5160 5491 4907 5074 5234 4974 5542 4910 5092 5433 5488 4846 5321 5172 4911 5602 5568 5200 5198 4732 5404 4636 5232 4947 5281 4757 5247 5546 4915 4712 5252 5515 5286 5413 5056 4397 4341 5021 5132 5016 4936 5220 4878 4998 5342 5366 5170 5144 5152 5513 5243 4804 5249 4785 5111 4967 4867 4862 5320 5155 5112 4948 5040 5247 4937 5210 4910 5617 5217 5061 4996 4825 5592 4897 5176 4844 5303 4884 
5377 5112 5363 4973 5595 5573 5371 5606 5628 5677 5299 5397 4748 5300 5401 4943 5287 5565 5496 5569 5054 5084 5223 5094 5235 5215 5367 5425 4868 5940 5697 5316 5405 5629 5815 5040 5240 5313 5193 5028 5173 5193 5451 5223 5299 5276 5653 5252 5158 5752 5194 5700 5412 5254 5248 5701 5398 5801 4883 5317 5343 5403 5453 5241 5308 5435 5260 5344 5498 5197 5158 5508 5396 5195 5059 5059 4945 5425 5325 5268 5795 5403 5494 5573 5156 5707 5220 5171 4972 4972 5087 5524 5198 5240 5316 5279 4933 5771 5201 5178 5456 5422 5520 5476 5574 5407 5299 5064 5550 5378 5723 5206 4700 5248 5630 5152 5162 5654 5395 5256 4889 5663 5265 5219 5757 5394 4796 5222 5244 4825 5036 5372 5157 4904 5230 5136 4916 5297 5202 5340 5596 5602 5474 5117 5539 5473 5663 5341 5192 5724 5634 4954 5364 5206 5723 5634 5234 5207 5295 5239 5105 5171 5396 5265 5449 5334 5560 5094 5437 5602 5401 5408 5548 5121 5152 5052 5981 5887 5364 5780 5318 5220 5592 5219 5572 5154 5349 5686 5625 5271 5678 4997 4937 5460 5781 5036 5607 5002 5639 4830 5348 5167 5391 5039 5270 5667 5063 5217 5505 6020 5145 5415 5284 4744 4859 5026 5335 5289 5207 5687 5154 5280 5405 5663 5296 5531 5439 5611 5188 5172 5738 4850 5336 5370 5220 4898 5532 5403 5229 4884 5220 5411 5514 5371 4873 5768 5464 5228 5098 5023 5679 5160 5219 5193 5361 5349 
5143 4873 5249 4968 5252 5172 5482 5351 5301 5327 4988 4934 4741 5328 5027 4821 5326 5214 4936 5404 4944 5040 5126 4924 5095 4991 5102 5008 4919 5017 5298 5100 5000 5502 5673 4668 5223 5013 4950 4894 5224 5045 5708 5062 5569 4765 5368 4886 5083 5364 4833 5731 5128 4924 5174 5660 5240 5652 5076 5200 5168 5315 5131 4889 5206 5103 5154 5285 5402 4855 4877 5050 5367 5024 5074 5164 4942 5228 5061 5322 5596 4946 5198 5451 4676 5378 5012 4845 4891 4993 5070 5348 5024 5388 5002 5428 4991 5605 5072 5073 4967 5314 5206 5439 5242 5522 4804 4936 5345 5199 5541 5411 4123 5074 5148 4867 5019 5350 5443 5167 4834 5419 5280 4920 5392 5169 4880 5163 5445 4970 4700 4854 5086 4879 4959 4735 4903 5184 5354 5106 5475 5445 5330 5064 5057 5141 5373 4952 5392 5226 5401 5227 5183 5182 5491 5331 4827 5166 5038 5085 5041 4765 4978 5301 5328 5096 5081 4824 5167 5365 5367 4985 5373 4899 5160 5046 5480 5615 5122 5384 4837 5180 5163 4984 5284 4902 5212 5262 5604 4926 5140 5037 4694 5266 5306 5186 5210 5050 5378 4857 5316 4950 5203 4760 5102 5116 5021 4880 5226 5656 5253 5313 5020 4626 4657 5284 5104 4972 5064 5153 5165 5241 5175 5099 5123 5313 5092 5435 4865 4763 5563 4771 5147 5177 4885 4932 5371 5133 4926 5018 5177 5116 4798 5255 5053 5669 5201 5353 5133 5106 5531 4913 4792 4776 5353 5319 
5098 5050 5152 5188 5401 5361 5087 5270 5141 5397 4946 5120 4585 5283 5343 4713 5123 5179 5396 5300 5119 5076 5112 4643 5081 5055 5221 5097 4851 5669 5299 5515 5141 5392 5773 4899 5159 4844 5130 4939 5143 5108 5573 5359 5347 5094 5383 5147 5165 5208 5063 5577 5218 5141 5166 5662 5202 5761 4771 5377 4926 5301 5251 5157 5059 5507 5300 5392 5333 5186 4964 5273 5276 5280 5149 4947 4760 5448 5279 5324 5848 5306 5338 5291 5016 5555 5302 5331 5048 5074 5288 5158 4939 5339 5172 5490 5055 5478 5192 5270 5055 5209 5611 5403 5322 5338 4886 4994 5549 5059 5252 5367 4416 5119 5597 4939 5031 5596 5604 5119 5048 5397 5276 5136 5668 5278 4714 5136 5141 4843 5100 4940 5109 4838 5229 5027 4954 5134 5161 5223 5236 5581 5148 4931 5344 5522 5391 5168 5130 5392 5225 4860 5293 5192 5774 5683 4956 5192 5303 4924 5034 5148 5203 5115 5300 5034 5505 4783 5222 5434 5248 5117 5520 5000 5283 5045 5629 5421 5056 5484 4983 5162 5205 4902 5420 4995 5321 5601 5611 5129 5170 5005 4771 5287 5732 4941 5368 4717 5072 4793 5335 5063 5446 4886 5136 5262 5022 5191 5286 5692 4917 5426 4988 4769 4533 5202 5328 5249 5149 5433 5155 5042 5156 5402 4954 5197 5252 5373 5016 5032 5705 4665 5251 5193 4704 4926 5353 5498 5088 5036 5158 5085 5310 5382 4779 5804 5533 5427 5117 5014 5665 5091 4909 4981 5384 5107 
5008 4986 5133 5107 5170 5367 5530 5358 5398 5346 5313 5149 4832 5165 5162 4730 5358 5201 5136 5191 5010 5162 5184 4995 5107 4913 5129 5236 5123 5729 5428 5668 5222 5501 5561 5092 5249 5261 5017 4888 5448 5174 5549 5255 5463 4964 5560 5078 5368 5420 4810 5607 5353 5040 5092 5681 5366 5614 4952 5122 5182 5353 5211 5109 5096 5153 5120 5296 5796 5115 5118 4978 5501 5135 5153 4971 5103 5557 5218 5169 5581 5262 5222 5454 5047 5772 5167 5095 5037 5091 5066 5435 5209 5586 5240 5489 5077 5441 4925 5119 5250 5420 5569 5223 5438 5534 5358 4764 5449 5071 5476 5329 4598 5286 5536 5069 4764 5743 5469 5323 4908 5289 5266 5087 5548 5457 4900 5212 5420 4678 5027 5002 4886 5143 4844 5066 5003 5295 5276 5405 5155 5665 5283 5075 5445 5329 5333 5298 5468 5523 5468 4794 5220 4795 5678 5509 4956 5260 5014 5043 4880 5180 5048 5174 5217 5097 4963 5039 5537 5603 5263 5279 5544 5126 5156 5000 5551 5621 5344 5541 5052 5169 5331 5051 5505 5071 5486 5469 5395 5143 5300 4672 4915 5222 5558 5067 5188 4719 5295 4786 5582 5007 5300 4815 5354 5532 4858 4948 5428 5745 5093 5296 4929 4597 4687 5261 5188 4981 5206 5505 5047 4896 5290 5424 5191 5318 5233 5444 5048 4912 5698 4808 5232 5369 5049 4714 5298 5261 5114 5188 4948 5169 5228 5029 4993 5850 5266 4888 5167 5170 5723 5076 5239 4928 5070 5153 
4778 4764 4970 4890 5284 5044 5325 5167 4781 5227 4842 4863 4735 4989 4946 4625 4994 5267 5131 5114 4913 4942 5175 4737 4790 4755 4995 4890 4828 5398 5154 5223 5046 5253 5348 4808 4959 5143 5086 4594 4912 4867 5345 5108 4862 5124 5265 4743 5255 5131 4737 5252 5013 4797 5115 5489 5262 5601 4754 5154 4757 5232 4880 5006 5035 4965 5176 4966 5395 4857 4997 5061 5204 5165 4944 4798 4670 5188 5066 5041 5375 5268 5140 5178 4612 5238 4840 5087 4614 4577 4806 5083 4793 5217 5027 5233 4802 5153 4887 4833 4986 5274 5152 5338 5077 5133 4861 4936 5280 4692 5375 4935 4449 5004 5152 4938 4862 5023 5074 5247 4817 5216 4951 4980 5166 5122 4723 4978 5226 4813 4898 5007 4916 4525 4870 5022 4700 5283 5018 5092 5203 5679 4800 4580 5155 5069 5294 4838 5125 5233 5426 4960 4962 4971 5512 5270 4610 4984 5007 4955 4557 4784 5051 5067 5094 5016 4925 4659 5047 5214 5085 4983 5164 4888 4966 4490 5320 5563 4990 5166 4839 4875 5129 4906 5259 4910 4971 5340 5386 4785 5203 4746 5054 5380 5457 5108 4983 4852 5015 4421 4989 4954 5088 4596 5036 5209 4778 4785 5332 5590 4924 4885 4991 4359 4634 5195 5334 4599 4780 5220 5092 5122 5223 5194 4779 4797 4885 5224 4864 4529 5370 4588 5002 5274 4797 4813 5298 5040 4720 4641 4996 5266 5113 4963 4961 5590 5008 4811 4901 4871 5012 4932 4773 4753 5093 5059 
5453 5135 5627 5338 5492 5277 5688 5664 5495 5805 5438 5302 4887 5508 5605 4930 5526 5746 5550 5473 5429 5305 5424 5041 5441 5542 5463 5297 5116 5768 5556 5498 5408 5361 5894 4884 5344 5172 5327 5230 5334 5140 5780 5510 5502 5188 5454 5211 5445 5550 5142 5618 5495 5495 5319 5652 5641 5994 5069 5419 5381 5501 5385 5567 5173 5257 5254 5363 5929 5229 5204 5446 5523 5379 5387 5328 4883 5567 5550 5371 6028 5423 5580 5552 5225 5719 5382 5213 5043 5279 5190 5416 5050 5763 5568 5297 5169 5668 5412 5300 5484 5460 5853 5456 5664 5726 5265 5319 5798 5458 5790 5557 4615 5611 5437 4912 5245 5574 5761 5378 5392 5518 5344 5190 5862 5332 5003 5378 5535 5025 5122 5360 5333 5162 5264 5155 5307 5474 5658 5758 6077 5857 5248 4954 5971 5544 5691 5215 5594 5632 5666 5395 5498 5386 5876 5714 5219 5556 5590 5442 5101 5040 5251 5448 5643 5517 5334 4841 5554 5416 5551 5384 5471 5218 5281 5203 5897 5751 5327 5843 5208 5617 5438 5365 5640 5259 5217 5668 5604 5125 5620 5144 5025 5610 5836 5532 5561 5180 5721 4885 5436 5143 5449 4975 5521 5792 5306 5342 5600 5889 5334 5553 5310 4845 5140 5098 5368 5391 5419 5713 5408 5715 5417 5528 5281 5549 5468 5668 5603 5233 5812 4980 5753 5271 5280 5089 5793 5490 5292 5151 5260 5445 5433 5370 4923 6271 5682 5462 5206 5140 5827 5196 5264 5124 5393 5197 
5181 4939 5333 5119 5299 5300 5374 5324 5265 5494 5017 5335 4949 5529 5303 4849 5530 5514 5455 5549 5336 5151 4987 5138 5335 5088 5295 5191 5226 5698 5500 5408 4927 5349 5435 4910 5042 5164 5138 4802 5300 5065 5604 5168 5627 5144 5201 5119 5290 5418 5062 5572 5529 5331 5146 5874 5352 5670 4801 5244 5022 5269 5226 5086 5244 5217 5226 5316 5709 5139 4920 5060 5398 5236 5231 5096 4976 5406 5337 5264 5783 5268 5093 5346 5106 5656 5158 5007 4927 5129 5026 5407 5012 5347 5189 5293 5178 5487 5111 5244 5432 5394 5554 5193 5440 5538 4923 4998 5582 5244 5645 5318 4395 5271 5343 5004 4830 5685 5660 5258 5132 5510 5231 5194 5704 5247 4850 5485 5361 4852 4904 5030 4992 5042 5041 5008 4950 4976 5287 5296 5356 5618 5383 5172 5545 5499 5311 5186 5414 5576 5595 5015 5137 5234 5789 5740 5000 5254 5479 4866 5054 4852 5094 5330 5376 5419 5014 4865 5388 5461 5410 5391 5340 5130 5146 4935 5788 5716 5295 5585 4941 5236 5363 5432 5344 5155 5239 5357 5361 4936 5650 5095 4913 5599 5654 5428 5524 4909 5388 4830 5292 5065 5591 4953 5571 5480 4981 4872 5348 5955 5255 5305 5098 4749 4755 5011 5586 5035 5148 5425 5272 5330 5299 5432 5465 5282 5209 5393 4958 4953 5766 4707 5209 5206 5081 4669 5386 5386 5029 5008 5222 5244 5227 5180 5011 5696 5243 5297 5189 4932 5356 5054 5300 5134 5416 5085 
5203 5114 5017 5092 5166 5406 5282 5519 5364 5257 5169 5392 4605 5432 4995 4942 5203 5226 5285 5348 5022 5015 5343 5189 5477 5040 5049 5001 5098 5697 5402 5274 5142 5314 5637 4942 5005 5117 4960 5037 5117 4940 5531 5279 5172 5304 5494 5085 5167 5397 4985 5683 5069 5223 5132 5620 5483 5499 4596 5126 5196 5373 5431 5009 5029 5276 5169 5296 5327 4944 5252 5201 5607 5227 5248 5104 4832 5394 5368 5422 5416 5273 5451 5511 5039 5607 5228 5159 5036 5289 5127 5427 4934 5380 5074 5374 5014 5565 5018 4945 5801 5351 5463 5403 5380 5403 4780 4914 5525 5316 5444 5343 4425 5164 5409 4951 5030 5591 5681 4913 4834 5243 5196 5086 5692 5074 4977 5342 5100 4903 5039 5276 5162 4884 5177 5123 4916 5083 5223 5318 5442 5252 5652 5081 5446 5475 5631 5511 5229 5307 5393 4878 5291 5163 5798 5505 5215 5178 5077 5160 5106 4994 5185 5022 5197 5016 5243 5066 5390 5442 5277 5113 5544 5108 5179 5076 5802 5775 5105 5418 5100 5274 5334 5159 5622 4989 5579 5754 5630 4988 5412 4849 5089 5548 5503 5176 5414 4978 5212 4876 5557 5250 5262 4929 5231 5362 4978 4933 5404 5839 5252 5451 4923 4667 4810 5007 5066 5148 5009 5367 5137 4954 5374 5659 5141 5144 5046 5584 5157 4928 5696 4864 5313 5344 4953 4925 5266 5184 5026 5061 5450 5110 5362 5104 4855 5939 5315 5406 4954 4987 5579 5220 4985 5389 5393 5211 
5018 5222 5215 5079 5610 5197 5221 5350 5464 5480 5199 4994 4761 5531 5265 4749 5330 5202 5488 5554 5051 4894 5021 5137 5334 5147 5444 5286 5148 5546 5156 5200 4913 5319 5564 4650 5114 5129 5194 4947 5472 5223 5722 5203 5336 5242 5530 5113 5107 5430 5179 5554 5149 5076 5258 5992 5681 5527 4956 5274 5138 5423 5137 5114 5075 5250 5259 5185 5295 5026 5185 5077 5573 5232 5236 5048 4802 5274 5290 5311 5749 5126 5405 5428 4943 5543 5108 5192 4916 4782 4937 5258 5025 5615 5294 5468 5076 5392 5265 4930 5283 5384 5663 5236 5386 5450 5324 4865 5193 5347 5498 5390 4570 5300 5339 4881 5251 5540 5360 5060 4916 5290 5426 5156 5603 5108 4851 5599 5160 4849 4929 5191 4910 4868 5254 5187 5000 5092 4946 5268 5272 5490 5382 5028 5555 5321 5328 5250 5308 5655 5323 4967 5339 5331 5836 5423 5080 5367 5354 5242 5129 5043 5356 5022 5426 5313 5010 4932 5376 5279 5381 5374 5336 4871 5328 4949 5747 5657 4999 5520 5124 5010 5253 5286 5272 4933 5249 5784 5285 5202 5205 4908 5020 5515 5703 5144 5125 4807 5469 4926 5527 5130 5175 4981 4976 5524 4961 5016 5396 5778 5219 5322 5036 4761 4736 5183 5186 5091 5083 5418 5292 5140 5378 5656 5211 5335 5193 5433 4952 4880 5404 4862 5492 5356 4804 5171 5229 5320 4694 4918 5272 5168 5242 5259 4913 5832 5235 5201 4786 5046 5614 5106 4997 5126 5080 5394 
4542 4690 4856 4534 4663 4862 4755 4792 4964 4877 4726 4708 4349 4998 4578 4653 4848 4658 4569 4928 4720 4679 4591 4646 4794 4692 4755 4780 4387 5024 4900 4880 4658 4864 4957 4422 4602 4646 4773 4730 4631 4512 5180 4765 4616 4347 4990 4631 4714 4816 4498 4964 4803 4740 4602 5563 4800 5257 4456 4523 4655 4963 4701 4900 4839 4532 4539 4781 5026 4498 4583 4730 4909 4720 4612 4780 4560 4733 4761 4871 5156 4631 4869 4809 4244 4994 4567 4339 4657 4658 4627 5049 4339 4879 4578 4708 4452 5010 4589 4506 4465 5088 5157 4988 4877 4787 4576 4525 5059 4484 5048 4775 3734 4980 4932 4560 4222 4863 4894 4637 4317 4604 4647 4473 5012 4564 4333 4928 4471 4705 4438 4542 4720 4560 4636 4591 4791 4428 4759 4788 4823 5124 5046 4511 4957 4771 5024 4612 4944 4748 4809 4480 4552 4599 5246 5128 4446 4938 4547 4727 4554 4504 4498 4708 4717 4811 4460 4471 4793 4851 4750 4641 4607 4616 4868 4471 5162 5092 4629 4769 4754 4537 4687 4499 5252 4676 4894 4856 4807 4283 4901 4450 4720 4919 5089 4799 4808 4002 4736 4288 4862 4793 4783 4356 4964 4905 4629 4411 4778 5278 4521 4820 4588 4088 4164 4710 4619 4586 4653 5033 4502 4640 4772 4947 4910 4876 4800 4995 4575 4358 4802 4193 4744 4711 4655 4649 4710 4787 4557 4390 4587 4633 4628 4673 4382 5238 4776 4582 4363 4433 4963 4598 4507 4670 5005 4612 
4768 5045 5086 4966 5182 5176 5066 5325 5327 5283 4867 4884 4561 5300 5049 4705 5146 4997 5016 5252 4880 4639 4986 4520 5025 5102 5132 4975 4970 5251 5223 5322 5081 5125 5505 4549 4770 4856 4739 4859 4875 4884 5473 5015 5015 4860 5113 5034 4967 5337 4722 5474 4856 5073 4973 5278 5041 5626 4727 4913 4857 5230 5013 5058 5123 5266 5079 4888 5302 5024 5117 5080 5225 4860 4860 4998 4970 5219 5013 4951 5623 5157 5160 5424 4731 5411 4988 4977 4651 4815 4818 5147 4756 5075 4807 5146 4655 5277 4612 5029 5315 5431 5200 4984 5068 5215 5099 4635 5214 5245 5217 5334 4290 5171 5249 4646 4682 5230 5382 5136 4845 5074 4928 4778 5430 5030 4861 4942 4987 4731 4839 4743 4775 4685 4946 4553 4956 4814 5266 4986 5185 5376 5266 4772 5381 5107 5389 5316 5049 5237 5012 4791 5418 4923 5458 5343 4901 5004 5170 4882 5039 4816 5041 5062 5011 4896 4860 4635 5233 5216 5078 5182 5194 4841 5067 4675 5481 5368 4899 5498 4955 4809 5182 4899 5293 4741 5264 5458 5197 4871 5113 4606 4981 5031 5204 4930 5163 4618 5110 4728 5275 4804 5246 4539 4966 5147 4925 5113 5196 5521 5011 5101 4771 4490 4428 5028 5132 5107 5171 5335 4883 4979 5238 5142 4990 5056 4933 5340 4947 4701 5290 4600 5144 5200 4510 4999 5099 4950 4705 5193 4909 4769 4982 5187 4505 5655 5040 5022 4889 4807 5468 5146 4829 4740 5153 4983 
5281 4983 5183 5097 5514 5326 5576 5325 5356 5485 5122 5180 4742 5360 4985 4708 5489 5146 5253 5450 4905 5171 4959 5058 5512 4975 5163 5222 4955 5510 5430 5476 5214 5446 5579 4584 5291 5141 5281 4798 5314 5239 5846 5264 5354 5079 5653 5090 5297 5629 4946 5531 5550 5121 5194 5851 5332 5486 5116 5272 5110 5685 5328 5190 5110 5185 4975 5344 5489 5092 5165 5330 5611 5132 5046 5009 4700 5464 5242 5451 5465 5313 5133 5429 4779 5466 5072 4996 5066 5180 5127 5577 4981 5487 5060 5228 5025 5485 5066 5132 5614 5324 5619 5528 5445 5559 5102 5014 5576 4999 5669 5622 4338 5537 5400 4928 4691 5608 5469 5188 4886 5376 5176 5041 5472 5300 4735 5531 5353 5056 4987 5151 5128 4968 5033 5008 4770 5177 5225 5428 5299 5353 5191 4958 5149 5261 5680 5073 5389 5782 5317 5145 5351 5289 5765 5796 5285 5039 5240 5271 5130 5175 5099 5184 5227 5436 4941 4826 5116 5391 5472 5421 5374 5037 5253 4935 5683 5974 5142 5684 5242 5250 5332 5141 5592 4967 5608 5286 5358 5144 5531 5043 4837 5440 5694 5088 4864 4905 5429 4923 5489 5149 5345 4992 5363 5264 4981 4980 5300 5782 5228 5423 5103 4747 5014 5069 5206 5062 5297 5284 5277 5244 5514 5271 5107 5406 5132 5497 5226 4640 5389 4988 5235 5283 4899 4743 5339 5215 5029 4872 5080 5141 5331 5239 5134 5855 5645 5405 5100 5179 5489 5332 5029 5291 5419 5278 
4974 4760 5108 5100 5310 5107 5050 5101 5290 5332 4978 5277 4629 5186 5276 4662 5314 5145 4921 5132 4738 5047 4971 5005 5135 4861 5061 5251 5137 5466 5167 5189 5117 5250 5499 4645 5123 5068 5059 4992 5068 5009 5569 5288 5165 4842 5292 5188 5009 5458 4828 5506 5364 4941 5151 5496 5354 5683 4933 5213 5043 5391 5371 5159 5414 5047 4876 5261 5643 4989 5089 5219 5101 5009 4883 4966 5093 5520 5232 5161 5598 5103 5338 5424 4668 5444 5441 5036 5039 4799 4966 5195 5009 5207 5053 5062 4783 5644 4873 5222 5353 5461 5453 5179 5079 5219 4921 4861 5380 5366 5281 5142 4596 5115 5371 4747 4979 5230 5107 5177 4486 5244 5003 4990 5319 5123 4822 5015 5098 4853 4779 5076 4884 4881 4997 4808 4599 4926 5128 4923 5271 5362 5290 4970 5246 5164 5279 5003 5438 5482 5463 4972 5436 5116 5685 5235 5121 5155 5010 5098 4896 4970 5265 5027 5383 4905 4688 4955 5220 5178 5458 5048 5330 5040 5231 4835 5556 5455 5192 5435 4937 5021 5083 5054 5260 4796 5220 5533 5352 5043 4997 4842 4668 5189 5402 5092 5228 5007 5449 5070 5232 4789 5358 4390 5113 5202 4802 4727 5096 5320 5143 5191 4843 4771 4663 4936 5259 5058 4869 5195 5074 4990 5292 5169 5113 5126 5222 5480 4838 4719 5480 4893 5107 4872 4851 4665 5288 4787 5057 4744 4964 4937 5007 5071 4871 5256 5467 4900 5060 4793 5251 5040 5018 5092 5148 4972 
5094 5323 5013 4831 5202 5230 5294 5107 5326 5249 4914 5204 4660 5042 5234 4669 5178 5250 5051 5273 5056 4846 5003 4887 5190 4996 4995 5123 4784 5146 5529 5140 4842 5392 5576 4661 4778 4714 4742 4865 4990 4784 5355 4936 5242 4955 5414 5146 5096 5278 4931 5383 4970 4964 5100 5808 5221 5336 4942 5236 4949 5198 4941 4906 5135 4968 4957 5020 5235 4801 4707 5030 5156 4887 5095 4984 4704 5108 5006 5210 5740 5056 5010 5225 4609 5378 5116 5023 4799 5073 4753 5074 4888 5110 5007 5199 4901 5328 4775 4957 5226 5165 5301 5198 5316 5524 5042 4768 5331 5074 5403 4985 4123 4959 5226 4830 4939 5281 5453 4826 4888 5222 5457 4678 5375 5177 4677 5030 5204 4784 5032 4775 4623 4692 5068 4592 4824 4910 4981 5080 5248 5393 5367 4916 5157 5411 5288 5146 5015 5290 5270 4932 5047 5145 5377 5455 4994 5244 5281 4918 5148 4795 4921 5166 5210 4864 5059 4769 5215 5375 5167 5154 5075 4760 5014 4861 5734 5649 5017 5396 4864 5142 5253 5099 5421 4516 5353 5213 5282 4944 5073 4815 4874 5213 5577 4855 5258 4712 5469 4682 5199 4868 5134 4773 5077 5321 5013 4756 4985 5674 4963 5155 4896 4742 4604 5018 5104 5080 5209 5039 5230 4967 5296 5256 5134 5195 5167 5481 4981 4615 5524 4639 5116 5014 5116 4999 4946 5153 4844 4741 4893 5099 5056 4930 4691 5442 5287 5201 4881 4958 5449 4973 4927 4878 5270 5031 
4937 5163 5229 4933 5311 5154 5286 5306 5308 5348 5263 4902 4665 5263 5124 4844 5255 5190 5066 5233 4575 4926 4900 5088 4880 4967 5269 4940 4956 5634 5153 5411 5132 5299 5693 4825 5220 4771 5339 4777 5119 5020 5490 5339 5117 4891 5507 5196 5303 5441 4794 5518 5247 5023 5309 5682 5268 5578 4726 4869 5037 5212 5181 4915 5316 5444 4836 5215 5403 4943 5082 5246 5499 5057 5372 5145 4909 5308 5240 5348 5697 5072 5335 5363 4849 5539 5110 5175 4474 5153 5231 5134 4930 5536 4973 5335 5253 5494 5199 4983 5342 4956 5528 5339 5028 5249 5361 4869 5340 5159 5393 5306 4469 5269 5375 4904 5030 5338 5362 4980 4878 5026 5218 4957 5433 4982 5000 5020 4977 4861 4627 4988 4721 4928 5032 4784 4921 5153 5295 5049 5295 5785 5097 4863 5319 5314 5268 5137 5191 5609 5184 4889 5313 5292 5740 5320 5006 5294 5238 5352 4972 5074 4922 4953 5004 5020 4988 4904 5111 5173 5061 5164 5249 5024 5205 5109 5643 5530 5176 5267 4873 5100 5052 5161 5482 4712 5226 5578 5272 4950 5159 4874 4968 5304 5446 5062 5093 4791 5301 4766 5744 5054 5598 4759 5046 5625 5114 4992 5296 5527 5174 5171 4905 4558 4562 5430 5084 5196 5088 5471 5143 4988 5100 5195 5050 5497 5164 5524 4950 4837 5500 4634 5217 5293 5010 4926 5399 5151 4700 4857 5123 5120 5332 5219 4953 5682 5294 5008 4789 5213 5654 5152 4920 5207 5205 5227 
4724 4722 4909 4556 4924 5223 5114 5302 4867 5354 5017 4652 4393 5284 5094 4788 5031 5068 5083 5101 4952 4856 4762 4894 4887 4955 4894 4644 4730 5348 5173 5089 5033 5056 5233 4769 5004 4851 5129 4735 5000 5051 5261 5057 5039 4946 5367 4691 5174 5149 4502 5306 5011 5129 5188 5348 5070 5315 4745 4875 4874 4933 5105 4955 4704 5106 4957 5066 5324 4773 4766 5178 4912 5107 4867 4678 4592 5060 5165 4955 5357 4797 4914 4946 4851 5204 4660 4772 4620 5065 4913 4957 4860 5349 4609 5128 4809 5133 4913 5013 5045 5026 5231 5409 5095 5357 4900 4616 5213 5093 5265 5055 4206 5049 5129 4835 4835 5033 5322 4876 4780 5175 4971 4674 5291 5019 4672 4879 5158 4560 4570 4937 4779 4440 4758 4569 4865 4930 5057 5131 5242 5252 5066 4868 4949 4912 5188 4624 5035 4760 5102 4766 5154 4803 5547 5409 5038 4823 4969 4768 4500 4831 5008 4951 4826 4858 4923 4755 5057 5188 5047 5063 5092 4946 5037 4604 5170 5307 5054 5232 4858 4888 5230 4675 5248 4651 5060 5237 5096 4795 5162 4885 4584 5357 5240 4830 4971 4723 4943 4684 5249 5125 5107 4583 5004 5262 4813 4697 5252 5466 5062 5030 4778 4495 4526 5148 5080 4588 5048 5057 4872 4975 5063 5193 4998 5092 4668 5034 4885 4618 5261 4458 5214 4826 4866 4818 5026 4972 4955 4676 4982 5299 4884 4793 4797 5383 4986 4932 4909 4919 5345 5146 4703 4745 5094 4664 
4835 4614 4842 4557 4984 5022 4913 4874 4752 4977 4673 4779 4550 4781 4837 4527 5021 4857 5057 5037 4636 4743 4859 4562 4858 4855 4755 4757 4631 5027 4769 4709 5007 4886 5293 4281 4987 4738 4781 4525 5007 4501 5401 4890 4836 4631 5016 4840 4849 4981 4854 5077 4836 4765 4939 5232 4955 5195 4638 5067 4738 4851 5083 4745 4778 5013 4751 4970 5185 4596 4591 4782 4911 4665 4982 4736 4661 5130 4519 4897 5025 4600 4908 4947 4363 4890 4582 4576 4692 4734 4584 4968 4663 5138 4728 5181 4591 4896 4815 4878 4920 4885 5127 5097 5064 5346 4810 4892 5075 4859 5098 4854 4304 4753 4983 4693 4735 4975 5044 4579 4498 4907 4926 4774 5344 4835 4635 4876 5051 4630 4695 4616 4633 4585 4785 4789 4708 4721 4702 4988 5171 5043 4869 4417 5055 4954 5048 4890 4935 4965 4975 4743 4805 4733 5164 5397 4723 4693 4808 4898 4730 4441 4716 4691 4805 4869 4855 4664 5014 5017 5088 4905 4957 4709 4894 4337 5242 5493 5000 5042 4653 4717 4954 4785 5104 4607 5232 5104 4865 4620 5038 4696 4709 4979 5320 4728 4889 4386 4834 4508 5024 4701 5014 4522 4802 4909 4742 4525 4930 5449 4878 4961 4650 4323 4473 5009 4861 4703 4802 5051 4497 4815 4907 5240 4737 4804 4691 5029 4799 4623 5249 4250 4802 4780 4518 4538 5088 4743 4808 4490 4929 4832 5054 4866 4511 5330 4981 4938 4857 4721 5055 4753 4732 4685 4991 4735 
4744 4596 5060 4770 4975 5094 5003 4935 4992 5325 5071 4928 4450 4994 4972 4753 4985 4947 4945 5291 4762 4522 4699 5031 4798 4616 4724 4951 4382 5222 5046 5131 4813 5087 5194 4795 5045 4678 4889 4421 4810 4897 5352 4785 5019 4963 5184 4668 4874 4757 4682 5371 4877 4918 4890 5607 4974 5238 4721 4853 4665 4977 4991 4937 4956 5166 4659 4912 5201 4970 4809 4924 5088 4660 4722 4943 4716 5113 4892 4864 5429 4829 4869 4998 4681 5313 4835 4773 4515 4784 4614 4954 4748 5073 4606 4940 4606 5194 4555 5059 4863 4989 5249 4976 5101 5178 4873 4768 5131 4848 5245 4839 4153 4990 5037 4946 4738 5007 5296 4927 4563 5122 5056 4904 5074 4680 4707 4639 4576 4805 4528 4523 4515 4587 5033 4751 4675 4645 4934 4876 5233 5343 4830 4645 4956 5170 5117 4683 4965 5042 4966 4595 4852 4633 5364 5192 4922 4854 5006 4855 4738 4636 4816 4968 4940 4698 4690 4534 4934 5147 5207 5133 4872 4919 4823 4606 5337 5434 4839 4906 4852 4628 5135 4949 5043 4584 5002 5129 4851 4890 5130 4767 4678 5126 5280 4787 4935 4657 5184 4777 5038 4967 4865 4538 4805 5144 4743 4668 5041 5338 4873 4819 4788 4514 4360 4979 4992 4685 4581 5126 4995 4948 4876 5050 4896 5166 4751 5210 4673 4446 5424 4360 4857 5079 4949 4826 5047 4862 4845 4935 5049 4980 4794 4867 4906 5341 4853 4694 4626 4795 5279 4678 4614 5075 4849 4859 
4991 4952 4969 4942 5255 5232 5336 5385 5193 5206 5053 5141 4893 5297 5096 4753 5044 5124 5066 5053 4801 4986 5134 4928 4833 4953 5105 4949 4731 5287 5549 5475 4941 5244 5172 4624 5325 5068 4937 4850 5406 4868 5587 5000 5126 5043 5375 5071 5183 5188 4912 5609 5220 4904 5064 5512 5248 5545 4829 5148 4928 5089 5321 4859 5114 5201 4912 4981 5380 4962 4946 5043 5079 5168 5027 4945 5031 5183 5013 5035 5639 5187 5415 5330 4801 5369 4970 4945 4991 4884 5072 5435 4932 5208 5102 5177 5001 5505 5000 5026 5264 5408 5383 5185 5257 5213 4896 4824 5283 5279 5419 5414 4345 5185 5426 4815 4930 5732 5226 5321 4725 5382 4881 5023 5314 5142 4745 4947 5281 4745 4771 4987 5187 4978 4954 4879 5032 4931 5351 5139 5171 5453 5242 5141 5244 5114 5265 4864 5443 5553 5220 4844 5192 5068 5342 5475 5178 5256 5041 5000 5133 4786 5081 4776 5312 4964 4966 4875 5367 5301 5267 5060 5688 5158 5466 4888 5672 5378 5093 5320 5113 5222 4985 5003 5299 5139 5336 5344 5275 4896 5209 4733 4779 5081 5395 5036 5245 4776 5112 4864 5221 4784 5308 4764 5104 5248 4894 4919 5406 5530 5163 5098 5169 4679 4513 4883 5076 4935 5113 5350 5208 4957 5218 5329 4936 5277 5229 5378 5104 4758 5829 4993 5051 5038 4964 4986 5288 4959 5035 4992 5137 5486 5186 4788 4854 5726 5293 5013 4923 4739 5386 4916 4953 5123 5286 5452 
4887 4774 5080 4915 5404 5263 5243 5244 5029 5300 5009 5190 4512 5115 4973 4653 5376 5214 5111 5515 4915 4983 4946 4859 5064 5043 5285 4887 4702 5557 5338 5227 5313 5155 5582 4895 4904 4902 5270 4653 4972 4976 5633 5141 4964 4881 5030 5058 5193 5333 4914 5577 5100 5055 4957 5511 5132 5611 4724 5176 4781 5149 5063 4935 5085 5067 4805 5145 5392 5021 4963 5028 5299 5070 5146 5088 4836 5479 5311 5162 5296 5014 5267 5434 4896 5528 5297 5160 4743 5004 4986 5056 5008 5458 4909 5289 4929 5519 4672 5057 5217 5362 5411 4949 5141 5377 5175 5083 5241 5005 5553 5188 4405 5166 5622 4933 5000 5162 5299 5119 4777 5241 5409 4921 5335 4916 4637 4838 5082 4869 5002 4951 4845 4658 5059 4536 5025 4907 4794 5056 5475 5564 5186 4901 5240 5275 5266 5155 5102 5424 5060 4981 5186 5035 5596 5299 4970 5213 5117 5100 4641 4956 5210 4964 5164 5000 4962 4690 5092 5460 5368 4924 5255 4984 5060 4786 5463 5583 5082 5336 5174 4942 4967 5153 5606 4827 5315 5491 5298 4935 4994 4686 4971 5131 5306 5066 5383 4702 5278 4870 5369 5166 5184 4834 5156 5357 5060 5069 4835 5772 5069 5161 5076 4779 4577 5394 5139 4954 4838 5356 5003 4877 5028 5252 5313 5299 4982 5501 4929 4641 5613 4813 5125 5132 4925 4973 5336 4879 4773 5023 4987 4940 5088 4852 4705 5686 5277 5229 4846 4928 5159 4908 4837 4901 5087 4992 
5198 4853 5263 5238 5286 5367 5280 5305 5493 5279 5023 5220 4756 5200 5340 4770 5082 5241 5194 5339 5184 5045 5272 5206 5169 5081 5047 5098 4936 5469 5165 5489 4862 5392 5672 4747 4935 5219 4764 4839 5215 5027 5650 5250 5260 4931 5433 5239 5112 5336 4974 5660 5248 5197 5322 5719 5123 5573 4872 5225 4952 5168 5153 5139 5194 5233 5197 5509 5872 4773 4940 5014 5464 5164 5149 4951 4985 5418 5293 5257 5273 5186 5506 5408 4960 5298 5062 5002 4789 4831 4995 5325 4714 5285 5033 5484 4899 5342 4925 5059 5299 5308 5602 5389 5249 5680 5063 4997 5421 4973 5611 5326 4307 5074 5432 5087 5130 5484 5346 5175 4689 5213 5341 4939 5237 5177 4812 5116 5238 4745 4889 5050 4825 4853 4880 5165 5002 4967 5288 5438 5260 5342 5299 4703 5140 5458 5196 4961 5175 5407 5396 5159 5194 5150 5823 5489 5201 5231 5082 5022 4864 5026 5109 5240 5338 5188 4983 4624 5055 5450 5361 5174 5578 5007 5039 4858 5736 5507 5139 5137 4805 5232 5159 5171 5337 4887 5616 5505 5520 5273 5128 5053 4922 5221 5503 4941 5326 4882 5216 4843 5436 5028 5272 4880 5077 5463 5005 4872 5053 5542 4896 5355 4928 4657 4502 5150 5064 4945 5412 5260 5034 4972 5291 5432 4941 5148 5235 5344 5057 4714 5266 4652 5250 5132 5154 4775 5323 4961 5041 5033 5201 4902 5218 5175 4955 5604 5466 4854 5018 4760 5541 5123 4839 5140 5439 5114 
5090 4870 5054 4773 5218 5173 5000 5288 5265 5169 5015 5015 4643 4988 5128 4665 5198 5245 5041 5236 4964 4833 5137 4926 5229 4942 5059 4947 4793 5472 5226 5303 4953 5154 5582 4645 4965 4863 4980 4539 5003 4868 5298 5191 5334 5059 5276 5089 5074 5522 4838 5580 5285 4895 5219 5460 5337 5367 4816 5251 4941 5138 5207 5240 4949 5108 5240 5225 5097 4772 4760 5234 5318 4907 5285 4922 4824 4996 5251 5131 5596 5166 5004 5581 4787 5162 5287 5034 4593 4727 4897 4990 4912 5248 4948 5111 5026 5307 4887 4897 5206 5078 5526 5102 5195 5155 4799 4770 5175 4945 5582 5207 4258 5094 5287 4987 4851 5087 5272 5111 4802 5336 5505 4818 5310 4915 4649 4996 5285 4890 5130 4985 4789 4836 4870 5055 4757 4803 4967 4994 5234 5732 4896 4897 5190 5439 5070 4925 5193 5202 5263 4864 5093 4993 5365 5371 4980 5032 5234 5061 4887 4800 5026 4919 5417 4993 4745 5118 5370 5259 5089 5116 5318 4919 5223 4817 5643 5740 4799 5515 4893 5066 5324 5042 5237 4904 5094 5480 5163 5031 5249 4706 4914 5325 5311 5063 5034 4624 5314 4718 5429 5017 5049 4766 5049 5400 4701 5120 5120 5738 4901 5265 4953 4578 4838 5247 5463 4986 4924 5001 5020 5012 5109 5272 5148 5127 4852 5295 4874 5080 5459 4644 5356 5045 4977 4962 5282 4966 4702 4806 5069 5051 5046 4968 4496 5873 4965 4768 4834 5057 5393 4870 4820 4969 5051 4984 
4966 5261 5172 5036 5194 5382 5260 5482 5363 5358 5139 4954 4701 5488 5205 4779 5297 5220 5309 5432 5059 5140 5085 5196 5227 5149 5244 5260 5091 5609 5147 5665 5018 5172 5487 4477 5187 5073 5182 5138 5329 5136 5574 5358 5426 5229 5488 5139 5059 5341 5148 5641 5294 5359 5071 5651 5293 5585 4740 5154 5234 5412 5320 5000 5028 5251 5277 5297 5380 4957 5221 5060 5331 5117 5241 5041 5046 5266 5473 5459 5581 5192 5327 5381 4897 5587 5068 4914 4821 5181 5072 5235 4859 5439 5054 5255 4918 5436 5146 5144 5358 5207 5663 5459 5460 5479 4999 4977 5262 5242 5535 5346 4448 5092 5345 4906 4839 5433 5387 4972 4896 5250 5214 5214 5479 5337 4933 5347 5086 4877 4928 5238 5004 4896 5174 5033 4994 5153 5543 5282 5285 5372 5138 4923 5518 5312 5356 5024 5247 5324 5387 5200 5369 5249 5746 5351 5153 5228 5198 5032 5197 4853 5421 5045 5210 5124 5137 4807 5200 5342 5299 5137 5407 4996 5380 4844 5563 5685 5348 5369 4954 4983 5284 5238 5409 4831 5196 5666 5252 5206 5419 5087 4748 5264 5383 5164 5308 4799 5274 4950 5471 5213 5284 5017 5101 5334 4998 5216 5522 5643 5016 5371 5083 4843 4804 5246 5288 5169 4930 5222 4966 5138 5227 5512 5050 5060 5071 5495 5277 4668 5651 4959 5344 5275 5056 5001 5637 5226 4973 5106 5204 5170 5035 5545 4985 5763 5064 5506 4900 4937 5493 5281 5049 5143 5512 5159 
5147 5353 5279 5313 5679 5564 5491 5632 5574 5632 5182 5335 4994 5668 5432 5115 5688 5575 5549 5606 5330 5077 5366 5334 5640 5293 5640 5288 5280 5762 5451 5481 5194 5395 6020 5077 5395 5281 5262 5071 5387 5189 5971 5298 5551 5314 5531 5201 5508 5552 5387 5805 5377 5328 5146 6069 5612 5913 5127 5460 5245 5537 5433 5498 5408 5774 5365 5418 5530 5402 5381 5671 5653 5011 5375 5286 5143 5570 5407 5688 5811 5438 5512 5796 4965 5667 5548 5430 5281 5165 5044 5282 5208 5443 5541 5703 5171 5502 5253 5241 5444 5508 5624 5594 5606 5698 5153 5262 5656 5387 5685 5487 4836 5659 5592 5064 5309 5724 5720 5293 5220 5662 5489 5306 5918 5284 4959 5470 5608 5144 5267 5363 5141 5061 5444 5366 5116 5407 5315 5493 5780 5977 5694 5303 5547 5488 5498 5701 5744 5627 5745 5061 5535 5483 6042 5950 5281 5399 5595 5403 5151 5364 5261 5362 5580 5342 5192 5225 5548 5644 5763 5349 5559 5291 5354 5133 5979 5630 5436 5723 5439 5289 5500 5660 5691 5095 5559 5926 5484 5253 5450 5062 5366 5697 5734 5546 5717 4952 5567 5172 5602 5283 5679 5045 5660 5782 5035 5166 5457 5929 5380 5443 5286 4839 4775 5342 5603 5344 5223 5504 5320 5466 5537 5829 5482 5258 5197 5786 5112 5247 5965 5051 5547 5339 4962 5139 5606 5251 5230 5309 5460 5355 5478 5278 4955 5905 5636 5286 5243 5145 5596 5178 5335 5281 5469 5177 
4946 4824 4866 4671 4952 5131 5260 4879 5047 4994 4908 4676 4438 4955 4940 4703 4773 4745 4860 5180 4702 4598 5033 4393 4854 4766 4751 4583 4685 4933 5186 5027 4846 4911 5230 4462 4794 4456 4659 4638 4721 4851 5011 4848 5003 4722 4886 4865 4929 4899 4610 5350 4892 5112 5011 5438 4981 5065 4524 4658 4740 4946 5026 4873 4894 4894 4810 5029 5085 4841 4491 4654 5075 4812 4914 4705 4810 4842 4682 5028 5283 4843 4901 5308 4537 4980 4743 4501 4585 4733 4721 4912 4531 4787 4731 4989 4787 5253 4714 4871 4983 4875 4966 4967 4853 5125 4538 4520 5129 4901 5250 5005 4140 4807 4849 4762 4553 5023 4738 4847 4512 5051 4809 4585 5331 4867 4607 4789 4796 4885 4459 4609 4591 4840 4947 4685 4610 4734 4881 4620 5079 5221 4927 4620 4816 5026 5044 4924 5059 4998 5196 4795 4908 4901 5078 5001 4492 4683 5069 4867 4589 4628 4488 4933 4820 4783 4691 4599 4754 5242 5014 4807 4734 4655 4940 4863 5264 5103 4750 5060 4610 4741 4933 4763 4944 4640 4915 4946 5068 4608 5059 4760 4808 5151 5118 4715 4971 4412 5101 4747 5115 5077 4867 4513 4922 5095 4664 4819 4882 5116 4926 4973 4837 4581 4392 4831 4945 4801 4620 4580 4741 4756 4829 5262 4704 4977 5063 5033 4765 4409 5184 4362 5188 4846 4819 4594 5086 4634 4698 4782 4995 5001 4955 4957 4779 5450 4874 4864 4657 4863 5237 4780 4648 4721 4927 4708 
4799 4667 5165 4765 5138 5203 5057 5166 5175 5183 5107 4898 4628 5086 4928 4442 5213 5097 5089 5376 4622 4913 4831 4902 4886 4593 5147 4964 4974 5311 5007 5497 5179 5052 5410 4459 5031 4894 4955 4795 4971 4566 5469 5261 5149 4776 5537 4782 4770 5140 4802 5397 5121 4680 5058 5565 5160 5617 4719 5102 4719 4824 4999 4673 4904 5144 5035 5120 5557 4605 4767 5022 5263 4857 4801 4726 4709 5395 5358 4999 5276 5018 5056 5261 4834 5300 4960 4806 4758 4879 4713 5163 4833 5303 4828 5268 5012 5308 4746 4920 5054 5157 5299 5066 5093 5347 5109 4791 5219 4956 5230 5007 4338 5142 5324 4825 4781 5301 5336 5219 4722 4850 5074 4731 5277 5064 4626 4963 5053 4799 4851 4760 4767 4720 4883 4887 4543 4918 5137 4821 5110 5358 4949 4928 5025 5076 5153 5057 4922 5393 5457 4821 5076 4908 5399 5331 4947 5033 4974 4937 4800 5199 5179 4932 5268 4855 4923 4520 4981 4900 5460 5049 5193 4974 4922 4579 5372 5343 4907 5355 5036 4951 5074 4994 5257 4749 5263 5643 5485 5079 5145 4822 4792 5058 5319 5171 4819 4661 5122 4726 5212 4588 5269 4542 5026 5122 4907 4814 5236 5733 4985 5117 4799 4381 4462 5048 5210 4860 5163 5218 5110 5014 5254 5300 4871 5275 4812 5367 4881 4890 5451 4653 5388 4951 4844 4575 5172 4961 4656 4921 5069 4851 4988 5020 4755 5749 5027 4864 4799 4797 5249 5082 4838 4824 5106 5011 
4990 5156 5029 5071 5461 5348 5487 5549 5362 5573 5454 4767 4973 5552 5149 5075 5270 5173 5443 5535 4925 4926 5033 5050 5171 5250 5363 5224 4892 5669 5564 5388 5126 5386 5525 4814 5303 5190 5229 5146 5155 5019 5848 5552 5397 4946 5392 5058 5332 5291 5224 5904 5469 5186 5228 5865 5423 5775 4851 5249 5235 5359 5420 5288 5497 5540 5265 5397 5521 4958 5225 5287 5372 5346 5327 5102 5012 5521 5564 5475 5725 5351 5333 5450 5091 5580 4975 5265 5200 5109 5053 5462 4902 5537 5090 5370 4947 5464 5027 5195 5376 5420 5270 5638 5292 5550 5226 5124 5518 5100 5485 5571 4562 5447 5511 4966 5078 5523 5400 5046 4787 5389 4995 5213 5562 5232 4842 5294 5403 5112 5115 5058 5000 5111 5314 5008 4849 5206 5463 5202 5388 5628 5389 4956 5525 5233 5832 5253 5307 5733 5308 4897 5561 5183 5672 5622 4981 5022 5183 5207 5172 4824 5314 5263 5138 5205 5449 4926 5375 5440 5650 5266 5163 5374 5361 5021 5589 5853 5241 5521 5060 5030 5545 5076 5639 5043 5372 5460 5368 5050 5519 5023 5098 5283 5619 5406 5472 4946 5400 4795 5099 5254 5412 4994 5282 5534 5002 5303 5717 6016 5249 5378 5158 4687 4745 5326 5465 5224 5349 5584 5136 5328 5279 5510 5180 5402 5400 5421 5344 5007 5556 4729 5365 5336 4893 5181 5662 5207 5047 5180 5120 5454 5157 5564 4999 6021 5351 5404 5126 5208 5666 5299 5089 5142 5428 5539 
5065 4777 4954 4833 5178 5099 5066 5306 5206 5103 4884 5044 4331 5064 5073 4471 5255 4916 4894 5158 4647 5049 4968 4761 4891 4783 5025 4728 4742 5456 5166 5151 4999 4976 5580 4473 5024 4777 4886 4823 5091 4664 5154 4886 5213 4761 5165 5013 5006 5493 5017 5337 5116 4895 5065 5400 5114 5400 4660 5061 4617 4895 5150 4795 5111 4998 4840 4889 5226 4903 4815 4852 5113 5028 4856 4890 4831 5051 4894 5025 5582 4794 5126 5288 4550 5403 5088 4679 4689 5091 4929 5016 4712 5245 4934 5123 4809 5324 4888 4983 5009 4926 5243 5126 5036 4909 4910 4792 4873 5119 5360 5186 4137 4784 5151 4860 4862 5166 4896 4707 4570 5282 5106 4628 5187 5066 4615 5197 4964 4554 4697 4872 4523 5020 4636 4708 4616 4852 5070 5069 4986 5168 4836 4688 5158 5120 5179 4867 5280 5183 5199 4871 5171 4926 5393 5280 5071 5068 5093 4672 4852 4870 5060 4998 5232 4875 4933 4861 5189 4964 4957 5006 5444 4814 5051 4914 5468 5357 4917 5366 4614 4907 5044 5049 5079 4862 5006 5188 5188 4684 5029 4932 4584 5280 5417 4838 4799 4542 5326 4827 5083 4778 5124 4375 4981 5101 4848 4640 4909 5451 5020 5187 4915 4588 4481 5139 5059 4906 4804 5017 4987 4856 4937 5262 4943 5241 4791 5273 4767 4669 5394 4676 5115 5003 4850 4763 5043 4923 4726 4754 4798 4917 4823 4988 4607 5587 5058 5007 4714 4964 5328 4965 4814 4831 5325 4909 
5275 5177 5426 5150 5523 5427 5636 5587 5520 5684 5118 5220 5047 5560 5288 4817 5728 5448 5552 5633 5253 5216 5209 5224 5157 5357 5429 5339 5262 5774 5452 5760 5340 5465 5903 4985 5540 5346 5391 5136 5551 5261 5654 5545 5764 5461 5593 5287 5498 5602 5224 5900 5475 5288 5468 5960 5710 5940 5100 5674 5288 5673 5376 5257 5542 5576 5424 5630 5762 5095 5259 5636 5754 5129 5531 5413 5267 5641 5251 5391 5781 5486 5568 5605 5207 5766 5470 5422 4996 5088 5354 5435 5399 5909 5392 5459 5240 5631 5152 5215 5413 5569 5765 5622 5375 5453 5448 5169 5500 5465 5710 5460 4683 5549 5527 5079 5250 5519 5579 5475 5245 5594 5612 5276 5684 5459 5104 5275 5641 5072 4816 5274 5045 5092 5312 5149 5039 5418 5551 5239 5472 5835 5512 5033 5740 5682 5796 5332 5715 5855 5683 5263 5641 5346 5881 5877 5325 5457 5414 5208 5204 4857 5389 5489 5652 5486 5294 5102 5234 5568 5502 5340 5582 5079 5203 5001 5862 5753 5439 6032 5278 5374 5568 5373 5603 5176 5359 5620 5668 5339 5614 5147 4984 5595 5736 5550 5421 4935 5587 5244 5792 5294 5418 5096 5480 5683 5052 5315 5566 5946 5311 5262 5286 4877 4769 5340 5555 5497 5272 5486 5470 5264 5294 5460 5375 5563 5293 5538 5387 5050 5708 4976 5439 5436 4878 5088 5794 5576 5249 5408 5592 5244 5311 5661 4800 5966 5784 5419 5515 5257 5785 5168 5270 5037 5422 5253 
4828 4687 5087 4637 5205 4960 5306 5082 5024 5065 4635 4847 4255 5117 4827 4426 5041 5252 5172 5161 4772 4616 4941 4709 4990 4906 4922 4743 4763 5100 5246 5141 4789 5027 5293 4703 5004 4522 4817 4721 4923 4739 5286 4839 4986 4836 4949 4814 5070 4937 4831 5100 4908 4763 4950 5546 5074 5343 4521 5062 4823 4926 4916 5032 4867 5018 4983 5024 5175 4579 4784 4867 5139 5055 5088 4832 4778 5287 4949 5064 5329 4806 5076 5273 4736 5458 4885 4690 4599 4917 4917 5030 4761 5092 4984 5204 4667 5275 4693 4719 5141 5059 5340 4754 4899 5490 5044 4659 5251 5103 5186 5157 4120 4958 5235 4712 4765 5163 5239 4950 4758 4863 5015 4993 5339 4909 4604 4689 4916 4741 4738 4768 4749 4813 5078 4712 4813 4767 4807 4885 5109 5304 5229 4495 5342 5029 5112 4930 4870 5204 5179 4826 5136 4898 5530 5134 4867 5204 4896 4953 4748 4595 5006 4625 5187 4937 4894 4787 5072 4977 5358 4987 4825 4717 4933 4765 5518 5215 4776 4951 5030 4989 4758 4905 5335 4730 5374 5387 5303 4906 4928 4855 4811 5114 5456 4794 5133 4781 5112 4569 5217 4656 5191 4650 4830 5132 4961 4709 5251 5619 4874 5147 4940 4413 4516 4904 4825 5020 4720 5236 4943 4931 4874 5224 5236 5110 4826 5453 4884 4650 5343 4598 4943 4928 4799 4892 5011 4876 4688 4750 4899 4938 5061 4805 4683 5489 5169 4913 4827 4851 5163 4880 4805 4940 4996 5167 
5167 5103 5052 5215 5299 5068 5447 5334 5049 5242 5090 5140 4757 5363 5340 4759 5295 5006 5208 5452 4940 5258 5335 5059 5282 5163 5106 5278 4843 5458 5336 5620 5377 5309 5495 4984 5066 4998 5145 5138 5335 5166 5540 5332 5248 5339 5392 4972 5648 5420 5041 5770 5408 5406 5616 5799 5468 5475 4949 5270 5252 5527 5313 5079 5147 5037 5077 5462 5459 5123 5052 4966 5643 5308 5376 5176 5081 5724 5321 5447 5719 5461 5196 5680 5046 5588 5211 5127 5120 4796 5279 5217 5282 5608 5264 5718 5033 5483 5078 4955 5435 5419 5561 5462 5133 5616 5078 5127 5809 5130 5501 5642 4545 5342 5412 4944 5027 5204 5501 5548 4987 5274 5111 5014 5328 5403 4889 5169 5233 5004 5016 5122 5190 4855 5078 5137 5167 5115 5426 5178 5467 5694 5309 5165 5335 5681 5458 5204 5388 5567 5318 5033 5316 5261 5710 5629 5272 5233 5127 4881 5043 4904 5083 5145 5403 5464 5209 4920 5363 5659 5322 5178 5441 5181 5420 4916 5778 6013 5455 5527 5178 5134 5166 5124 5561 4952 5390 5724 5619 5434 5147 4895 4853 5325 5740 5131 5275 5199 5515 4906 5618 4853 5323 4980 5348 5338 5087 5138 5348 5681 5217 5140 5215 4900 4721 5677 5469 5426 5035 5471 5121 4789 5201 5651 5261 5192 5168 5539 5078 4908 5656 4894 5406 5131 4809 5258 5565 5161 5030 4911 5258 5371 5253 5294 5188 5875 5424 5340 5328 5064 5581 5128 5007 5328 5471 4966 
4840 4636 4991 4547 4967 4960 4990 5165 5274 4974 4829 4654 4460 5138 5095 4584 4863 4924 4937 4955 4666 4500 4656 4603 4796 4689 4995 4576 4456 5243 4756 4936 5247 4920 5261 4452 4798 4778 4738 4638 4903 4473 5302 5189 4789 4772 5125 4529 4736 5001 4396 5068 4913 4754 4781 5481 5024 5389 4564 4685 4733 5021 4871 5016 4910 5156 4844 5029 5272 4748 4532 5028 4919 4706 4870 4616 4785 4970 4798 4966 5250 5053 5066 5156 4735 5197 4654 4773 4770 4814 4724 5035 4501 5091 4635 4855 4946 5113 4646 4923 4789 5060 5201 5040 5080 5016 4796 4794 5084 4947 5134 4750 4214 4826 5218 4838 4602 5131 5124 4621 4650 4898 4905 4777 5046 4750 4663 4914 4853 4775 4586 4807 4673 4604 4618 4666 4775 4622 5024 4896 5221 5197 4657 4808 5080 4936 5111 4839 4883 5165 5092 4646 4757 4980 5288 5256 4659 4838 4784 4764 4848 4307 4759 4890 5006 4801 4765 4478 4875 5179 4920 4923 5096 4897 4811 4490 5433 5161 4869 5056 4709 5021 4959 4780 5188 4302 4961 5261 5073 4656 4864 4673 4755 5058 5165 4768 5039 4540 5107 4580 4794 4825 4950 4362 4893 5084 4786 4726 4905 5464 4959 4999 4688 4725 4236 5001 4914 4994 4891 4813 4776 4859 4772 4912 4877 4975 4850 5136 4855 4553 5446 4354 5069 4794 4667 4395 5370 4752 4772 4838 4858 4967 4746 4643 4710 5420 5208 5139 4796 4606 5226 4770 4643 4678 5095 4762 
4976 5026 4960 4918 5270 5412 5462 5122 5048 5357 4989 5131 4661 5489 5136 4675 5367 5391 5383 5156 5201 5169 5096 4992 5000 5076 5141 5209 4687 5720 5324 5332 5061 5385 5446 4739 5138 5187 5272 5029 5015 5059 5875 5068 5227 5071 5525 5172 5478 5359 5022 5556 5058 5138 5283 5729 4817 5575 4961 5093 5140 5359 5384 5067 4965 5200 5241 4864 5466 5249 5065 5028 5118 4944 5284 5041 5092 5459 5298 5450 5540 5065 5299 5193 4820 5488 5329 4832 5159 5007 4901 5298 5135 5368 4976 5305 4775 5384 5013 5230 5362 5177 5628 5367 5411 5533 4914 5006 5524 5401 5707 5453 4346 5196 5264 5051 4973 5353 5432 5197 4682 5275 5296 4839 5310 5242 4618 5269 5127 4781 4994 4978 5075 4711 5233 4928 4914 4906 5086 5329 5363 5615 5272 4965 5211 5521 5272 5207 5169 5400 5250 4899 5343 4998 5750 5621 5023 5044 5248 4984 4794 4949 5048 5152 5211 5325 5052 4740 5089 5490 5476 5255 5409 5210 5497 4797 5619 5798 5308 5379 4973 5099 5269 4942 5666 4885 5425 5567 5101 5186 5128 4954 4766 5270 5531 5073 5205 4985 5408 4905 5437 4903 5367 4946 5336 5408 4859 4846 5212 5792 5040 5578 4886 4857 4770 5186 5380 5153 5018 5612 4990 5170 5325 5522 5353 4992 5301 5476 5113 4824 5251 4746 5226 5185 5038 4666 5282 5284 5246 4821 5015 5359 5317 5103 4872 5535 5116 5174 4974 4928 5388 5143 5099 5124 5233 5152 
5112 4740 4897 4659 5312 4783 4994 4956 5104 5005 5101 5092 4718 5085 5064 4659 4867 5148 5145 4989 4768 4743 4784 4729 4941 4846 4984 5040 4696 5141 5285 5109 4877 4967 5302 4802 4803 4783 4917 4566 4747 4700 5023 4971 5054 5183 4997 4700 5062 4963 4828 5227 5014 4878 4804 5291 4910 5470 4399 4858 4805 4927 4817 4473 4477 4902 4822 5085 5345 4754 4878 4998 5120 4859 4869 4922 4935 5120 5072 5187 5532 5033 5067 5212 4566 5325 4968 4748 4534 4880 4923 4936 4730 5120 4810 5160 5004 5068 5011 4914 4891 5104 5090 4945 5257 5180 4970 4693 5278 4861 5464 4857 4343 5002 5139 4759 4916 4992 5237 4961 4857 5162 5025 4707 5062 4878 4531 4695 4980 4675 4390 5051 5122 4727 5042 4630 4749 4730 4773 4989 5199 5014 4968 4671 5016 5012 5065 4766 4658 5298 5075 4845 5057 4976 5297 5446 4869 4971 5123 4840 4615 4647 4808 4761 5031 4741 4866 4535 4915 5204 4776 4745 5116 4746 5064 4682 5590 5225 4931 5180 4865 4591 4902 4742 5375 4690 5190 5282 5157 4851 5068 4605 4738 4889 5075 4807 4979 4402 5161 4713 5125 4654 5108 4702 4865 5276 4759 4988 4746 5410 4543 4904 4845 4363 4334 5087 5025 4833 4887 5240 4733 4990 4904 5154 5009 4861 4849 5233 4772 4898 5340 4481 4891 5108 4926 4841 5196 4790 4767 4585 4856 4862 4988 4980 4506 5595 4995 4866 4490 4589 5269 5048 4732 4735 4725 4805 
5239 5219 5221 5297 5574 5560 5440 5417 5502 5479 5096 5391 4900 5543 5168 4923 5344 5218 5384 5614 5017 5481 5290 5030 5394 5280 5289 5307 5026 5507 5540 5447 5184 5514 5758 4928 5414 5165 5253 4873 5542 5352 5526 5235 5402 5276 5245 5227 5291 5657 5003 5971 5242 5069 5138 5765 5515 5966 5270 5196 5069 5581 5249 5529 5336 5347 5360 5550 5622 4872 5323 5437 5456 5186 5192 5199 4927 5212 5245 5299 5665 5201 5364 5595 4768 5538 5143 5104 4848 5141 5000 5621 4966 5439 5025 5139 5097 5874 5287 5209 5499 5779 5711 5666 5253 5505 5268 4997 5594 5155 5646 5303 4225 5150 5312 5116 4754 5192 5095 5338 4963 5633 5173 5142 5584 5252 4892 5138 5287 4987 5019 5136 5356 5183 5099 5071 5027 5264 5262 5363 5235 5500 5338 4889 5592 5608 5714 5066 5603 5453 5671 5220 5394 5093 5754 5499 5105 5466 5583 5033 5206 5007 5317 5139 5479 5242 4922 5052 5248 5663 5272 5176 5477 5212 5468 5350 5752 6000 5178 5768 5105 5098 5255 5217 5682 5044 5469 5407 5540 5060 5283 5242 5138 5500 5837 4963 5219 4777 5519 4970 5267 5364 5346 4721 5189 5406 4995 5077 5288 5476 5284 5309 5142 4734 4622 5246 5337 5000 5437 5231 5321 5077 5248 5523 5417 5577 5329 5485 5062 4923 5642 4973 5124 5331 5000 4857 5284 5251 5362 5140 5485 5078 5230 5042 5088 5744 5287 5188 5084 5205 5555 4983 5010 5067 5621 5328 
4752 4553 5001 4674 4939 5024 4949 4928 5175 5431 4949 5230 4477 4924 4808 4595 4954 5175 4922 4978 5219 4933 4786 4693 4922 4705 4792 4925 4815 5241 5249 5114 4700 4893 5394 4622 4770 4775 4935 4603 4852 4849 5426 4898 4954 4984 5270 4852 4810 5032 4503 5273 4834 4965 4903 5414 4938 5346 4742 4909 5050 5275 4770 4505 4761 5066 4935 5059 5362 4844 4999 5060 5151 4687 4773 4877 4503 5078 4978 4843 5178 4803 5170 5240 4592 5209 5012 4738 4667 4911 4482 4893 5000 5042 4724 5248 4868 5336 5057 4909 5196 5008 5067 5170 5241 5230 4914 4762 5372 5073 5309 4837 4122 4982 5214 4778 5146 5120 5172 5091 4644 4991 4782 4776 5006 5180 4637 4972 4822 4295 4432 4827 4794 4360 4704 4714 4692 4917 4771 4975 5079 5192 4906 4717 5054 5207 5026 4726 4984 5179 5214 4846 5042 4842 5247 5178 4801 4781 4659 4948 4676 4740 5043 4974 5130 4683 4830 4492 4843 5080 5254 5002 5025 4674 4804 4512 5597 5376 5181 5180 5026 4864 5078 4868 5320 4728 5148 5332 5298 4982 5163 4686 4594 5112 5225 5006 5003 4639 5105 4676 5165 4587 4890 4524 4775 5165 4477 4820 4690 5320 4856 4958 4778 4387 4506 4813 5146 4782 4661 5053 4739 5087 4870 5005 4995 4971 4963 5201 4904 4712 5142 4601 4957 5027 4671 4926 5032 5096 4809 4551 4805 4955 4886 4899 4647 5568 5170 5139 4713 4666 4888 4959 4766 4829 4817 4941 
4869 4605 5063 4984 5298 5069 5008 5039 5048 5267 4938 4723 4556 5041 4940 4746 4914 4932 4995 5265 4533 4488 4932 4831 4624 4742 4899 4898 4527 5381 5002 5276 4888 5103 4973 4873 4774 4905 5044 4721 5066 4841 5455 4985 4867 4953 5339 4746 5021 5165 4848 5464 5100 4927 4911 5437 5012 5641 4582 5007 4745 5050 5252 4750 4924 5025 4869 4856 5394 4737 4690 5008 5358 5061 4904 4941 4610 5010 5029 5084 5611 4979 5059 5103 4659 5264 4713 4865 4707 4688 4619 4908 4746 5405 4689 5001 4604 5368 5000 4735 4874 4988 5438 5347 5064 5192 4833 4914 5125 5141 5330 4966 4284 5092 5297 5093 4793 5203 5379 4716 4554 5065 4946 4804 5282 4909 4740 4964 5028 4757 4702 4737 4757 4714 4866 4932 4874 4742 5029 5096 5061 5565 4827 4738 5003 5184 5011 4880 5039 5220 5375 4913 5187 5021 5227 5014 4792 4936 4931 4841 4736 4840 4887 4685 5035 4799 4825 4660 5011 4901 5151 4947 5052 4744 5067 4648 5214 5221 4770 4895 4825 4806 4888 4985 5203 4647 4983 5243 5013 4768 5141 4702 4940 5059 5417 4878 5086 4596 5099 4651 5265 4887 5075 4748 4998 5504 4940 4826 5197 5488 4822 4989 5078 4446 4451 4969 4945 4865 5020 5114 4894 4876 4973 5346 5015 5148 4985 5309 4658 4621 5431 4682 5292 5013 4901 4635 5403 4900 4651 4498 4926 5021 5011 5137 4849 5235 5196 4800 4560 4662 5146 5098 4864 4967 5357 5070 
4956 5059 5261 5106 5270 5358 5293 5360 5323 5235 5293 4884 4586 5539 4936 4747 5148 5058 5318 5357 4982 5057 4939 5118 5076 5186 5468 4816 4795 5496 5511 5307 5039 5401 5483 4775 5178 5068 5057 4897 5269 4969 5629 5243 5152 4931 5370 4761 5186 5282 5113 5475 5159 5342 5066 5529 5255 5702 4836 5156 4856 5470 5155 5197 5146 5393 5099 4991 5347 4985 5037 5282 5150 5065 5011 5200 4938 5432 5136 5418 5877 5160 5488 5279 4855 5375 5030 5233 5099 4999 4942 5293 4819 5224 5046 5188 4832 5490 5021 5080 5110 5307 5613 5501 5389 5025 5108 4720 5381 5315 5426 5474 4600 5252 5272 4782 4934 5547 5383 4942 4813 5252 5210 4983 5412 5408 4868 5326 5145 4852 4848 4946 5022 5066 5051 5223 4750 5055 5169 5428 5300 5785 5111 4833 5401 5507 5440 5004 5114 5659 5580 5044 5214 5158 5755 5554 4978 4979 5345 5174 5230 4886 5146 5075 5472 4892 5079 4915 5255 5213 5390 5174 5267 5185 5336 4675 5652 5461 5071 5104 5035 5127 5092 5262 5648 5082 5400 5483 5436 4823 5300 4858 4949 5487 5573 5092 5114 4921 5183 4880 5336 4926 5577 4808 5201 5369 5006 5101 5183 5797 5163 5170 5179 4637 4641 4965 5232 5216 5093 5309 4961 5047 5273 5459 5088 5059 5137 5308 5388 4910 5482 4841 5388 5045 5239 4753 5152 5036 4849 4885 5179 4987 5408 5237 4852 5793 5305 5056 4920 4798 5335 5149 5036 5227 5459 5188 
5271 5012 5361 4890 5333 5457 5421 5471 5463 5418 5331 4954 4792 5486 5289 4959 5295 5294 5514 5394 5049 5062 5104 5077 5409 5249 5434 5257 4996 5620 5628 5516 5142 5117 5612 5004 5083 4825 5262 5152 5229 5062 5711 5340 5518 5052 5601 4988 5315 5332 4874 5516 5324 4970 5059 5743 5315 5814 4835 5175 5096 5263 5086 5135 5182 5140 5086 5222 5565 5078 4946 5198 5381 5268 5071 4983 4951 5472 5197 5300 5887 5177 5328 5303 5150 5450 5022 5099 4814 5361 5222 5335 4901 5464 5085 5247 4965 5445 5168 5077 5361 5410 5483 5512 5428 5551 5250 4707 5609 5245 5507 5284 4480 5255 5438 4894 4956 5332 5496 5121 4921 5206 5197 4911 5467 5340 5176 5177 5229 4994 4826 4799 5078 4972 4982 4989 4950 5094 5507 5248 5361 5641 5524 4996 5329 5504 5568 5028 5360 5660 5478 5141 5526 5257 5895 5614 5280 5072 5173 5408 5231 4919 5148 5151 5388 5039 5347 4719 5331 5369 5508 5411 5387 5074 5091 4773 5838 5749 5277 5579 5062 5461 5364 5218 5492 4890 5391 5495 5399 5193 5220 4953 4996 5299 5728 5069 5452 4816 5424 5035 5416 5210 5185 5018 5509 5565 5248 4997 5216 5840 5121 5536 5159 5173 4849 4981 5244 5301 4967 5417 5160 5419 5398 5474 5304 5377 5246 5420 5122 4920 5676 4771 5332 5194 5069 4913 5335 5251 5325 4747 5114 5303 5376 5298 4957 5935 5504 5228 4858 4995 5680 5058 5141 4979 5243 5395 
4933 5168 5263 4999 5380 5290 5067 5183 5603 5446 4985 5164 4534 5210 4992 4676 5422 5300 5325 5395 5154 4971 5191 4947 5295 4961 5273 4994 5246 5477 5187 5357 5452 5084 5916 4791 5175 5094 4940 4722 5135 4753 5599 5350 5427 4986 5474 4868 5062 5394 4966 5521 5085 5031 5380 5803 5274 5889 5046 5363 5058 5551 4965 4997 5159 5224 5107 5155 5620 5160 4974 5195 5274 4988 5095 5195 4945 5264 5490 5225 5716 5446 5308 5596 4890 5570 5250 5279 4935 5198 4945 5346 5105 5399 4960 5425 4930 5361 5168 5074 5236 5413 5363 5561 5314 5358 5330 5054 5602 5181 5683 5215 4398 5396 5276 4772 4980 5410 5566 5154 5067 5281 5435 5064 5548 5248 4745 5173 5324 4754 4912 5187 5030 4905 4851 5122 5170 5328 5250 5207 5474 5483 5525 4973 5470 5342 5446 5169 5115 5335 5458 5029 5272 5366 5483 5356 5023 5275 5244 5209 5066 4986 5206 5382 5379 4984 4902 4939 5559 5300 5482 5262 5152 4909 5193 5062 5661 5581 5324 5423 5228 5290 5359 5299 5666 4751 5505 5709 5610 5182 5319 5012 5136 5490 5554 5164 5293 4987 5075 4766 5629 4993 5592 4830 5205 5339 5057 4917 5355 5676 5087 5229 5009 4561 4678 5087 5306 5172 5108 5398 5044 5019 5349 5623 5391 5270 5199 5375 5081 4998 5561 4922 5324 5082 4794 4919 5053 5289 5027 5083 5158 4888 5167 5091 4843 5568 5345 5031 5245 5165 5259 5162 5147 4974 5445 5206 
4997 4932 5082 4807 5156 5411 5491 5474 5360 5452 5295 4856 4766 5258 5253 4653 5306 5252 5294 5558 5088 4921 5377 5192 5135 4984 5098 5135 5196 5551 5289 5640 5312 5421 5651 4801 5195 5129 5180 4976 5173 5293 5848 5281 5569 5158 5497 5202 5379 5192 4889 5188 5446 5090 5190 5861 5544 5763 4986 5160 5032 5299 5231 5394 5312 5295 5064 5125 5575 5158 5078 5203 5352 5095 5105 5091 4876 5517 5235 5309 5694 5104 5257 5428 4970 5656 5127 5092 5057 5035 5099 5299 5142 5456 5216 5604 5208 5538 5073 5075 5377 5395 5652 5692 5523 5433 5172 5126 5650 5258 5258 5354 4650 5499 5278 5064 4982 5354 5709 5291 5034 5324 5335 5026 5418 5474 4970 5228 5366 4965 4627 5222 4949 4939 5085 5042 5011 5052 5510 5379 5456 5547 5366 4960 5577 5436 5472 5012 5336 5279 5418 4932 5393 5095 5928 5675 5326 5231 5154 5254 5021 4620 4943 5207 5261 5165 5251 4908 5453 5623 5501 5564 5402 5121 5240 4867 5701 5787 5492 5386 5212 5185 5563 5285 5404 4839 5403 5542 5383 5288 5384 5071 5088 5480 5710 5250 5323 4995 5307 4935 5284 4976 5458 4667 5393 5216 5253 4808 5421 5871 5152 5316 5099 4907 4755 5061 5385 4993 4870 5406 5222 5129 5407 5468 5405 5471 5239 5471 5396 4778 5716 4734 5353 5137 5124 4884 5349 5331 5213 4924 5284 5345 5334 5274 5071 5829 5640 4981 5220 4976 5592 5266 5225 5360 5306 5202 
4847 4669 4913 4754 5093 4977 4548 4958 4927 4850 4555 5121 4359 5014 4799 4404 4950 4739 4981 5113 4893 4649 4866 4763 4780 4792 4896 5017 4655 5172 4716 5347 4811 4827 5331 4370 4739 4793 4987 4588 4817 4706 5158 4840 5014 4842 4983 4762 4606 5025 4600 5121 4854 4633 4890 5622 4917 5258 4656 4691 4767 4862 4946 5026 4773 4982 4764 4744 5144 4688 4375 5179 4944 4761 4834 4495 4762 5011 4749 4852 5291 4616 4855 5133 4800 5339 4955 4489 4300 4579 4609 4922 4723 4961 4721 5064 4807 5136 4716 4797 4893 5079 5142 5026 4994 5165 4926 4853 4922 4882 5147 4806 4060 4894 4965 4919 4608 4823 4956 4947 4320 5160 4930 4689 4753 4782 4471 4579 4808 4596 4513 4783 4932 4489 4754 4674 4528 4743 4939 4970 5058 5201 4641 4703 5140 5103 5178 4619 4960 4965 4973 4900 4988 4719 5376 5091 4546 4751 5013 4667 4796 4668 4683 4948 5005 4726 4702 4685 4818 5082 5330 4869 5018 4597 5009 4478 5113 5425 4754 5017 4813 4614 5063 4779 5095 4702 5202 5388 4868 4752 4732 4626 4574 5326 5240 4743 5140 4513 5195 4354 5203 4734 5094 4410 5006 5264 4727 4665 5131 5298 4439 4919 4617 4461 4266 4763 5083 4627 4621 5236 4777 5038 4906 5003 4785 4904 4744 4912 4782 4544 5315 4454 4937 4903 4796 4477 5049 4633 4832 4539 4905 4747 4839 4866 4743 5455 4833 4610 4903 4681 4904 4647 4712 4900 4873 4847 
5205 5043 5063 5087 5293 5343 5362 5613 5322 5632 5035 4974 4820 5555 5128 4926 5320 5229 5281 5310 5089 4987 5165 4880 5112 4859 5190 5053 5038 5525 5361 5461 5302 5328 5549 4794 5104 5085 5167 4992 5160 5069 5801 5027 5111 5063 5248 5087 5262 5388 4833 5808 5359 4968 5271 5659 5458 5423 4845 5050 5181 5282 5282 5085 5438 5277 5159 5157 5357 5114 5079 4946 5362 5184 5193 5014 5092 5635 5177 5118 5603 5236 5327 5540 5040 5568 5084 4840 4648 4850 4944 5209 4994 5437 5338 5336 5039 5469 4791 5138 5291 5348 5386 5275 5265 5384 5068 4890 5309 5318 5638 5251 4575 5178 5314 4902 4946 5539 5429 5276 4953 5495 5150 5273 5308 5158 4740 5036 5338 5067 4748 5070 5025 4889 5009 4752 4972 5238 5345 5423 5318 5457 5253 4996 5487 5177 5335 5197 5237 5650 5145 4921 5376 5080 5810 5393 4969 5375 5190 5216 4975 4796 5085 5064 5027 5162 5375 4741 5364 5393 5476 5236 5429 5035 5217 5005 5631 5674 5297 5535 4863 5201 5404 5073 5289 5148 5346 5654 5551 5094 5169 5021 4771 5433 5598 5237 5513 4990 5332 4843 5152 5081 5510 4847 5130 5360 5022 5161 5586 5509 4994 5524 5057 4743 4749 5504 5312 5007 4836 5480 4933 5131 5274 5557 5263 5205 5281 5629 5085 4569 5808 4996 5126 5012 4634 5251 5421 5376 5097 4880 5284 5319 5049 5377 5032 5897 5125 5183 5120 4878 5592 4909 4748 5060 5335 5349 
5085 4992 4862 5058 5072 5084 5366 5207 4963 5193 5331 4946 4712 5300 5016 4782 5157 5016 5396 5238 5034 4911 5103 5099 5241 5009 5104 4832 5149 5538 5262 5269 5030 5122 5554 4667 5210 5201 5182 4682 5141 5049 5612 5368 5267 5086 5196 4795 4970 5308 4807 5538 5343 4985 5294 5642 5287 5692 4975 5088 5006 5105 4926 5180 5140 5199 4723 4943 5445 4954 4889 5058 5149 5139 5184 4926 4687 5310 5190 5326 5597 5007 5342 5121 4813 5467 5185 4952 4921 5043 4826 5261 4954 5435 5242 5361 5180 5535 5170 4890 5106 5265 5572 5556 5403 5218 4913 4936 5619 5272 5085 5152 4600 5224 5102 4881 4903 5205 5196 5074 4767 5315 5201 4844 5262 4865 4824 5374 5267 4566 4782 5047 5068 4812 5087 5145 4837 5210 5034 5357 5259 5709 5042 5003 5318 5248 5455 5070 5334 5317 5275 4844 5143 5034 5717 5703 4933 5258 5104 5101 4829 4797 4805 4875 5294 5029 4717 4974 5419 5300 5627 5188 5382 5044 5403 4751 5534 5662 4836 5300 5155 5318 5372 5016 5389 4861 5376 5661 5399 4971 5195 4831 5173 5362 5726 5171 5345 4679 5294 4676 5228 5031 5413 4686 5300 5301 5039 4865 5232 5693 5236 5239 4920 4544 4928 5113 5321 5040 5003 5328 5084 5097 5278 5476 5303 5183 5140 5182 4990 4725 5532 4799 5481 5055 4894 4911 5342 5130 4999 4890 5205 4848 5355 4874 4942 5780 5312 5031 4963 5055 5368 5012 5122 5117 5199 5115 
4854 4564 5081 4707 5088 4999 5193 5111 4798 5033 4945 4653 4575 4803 5028 4581 4945 5105 5068 5068 4530 4572 4870 4915 4654 5017 4753 4589 4675 5385 5287 5183 4729 5029 5043 4598 4891 4881 4777 4747 4889 4701 5183 4914 4992 4892 5135 4793 4867 4868 4626 5272 4985 4700 4842 5418 4956 5371 4362 4881 4812 4933 4895 4931 4740 5035 4830 5013 5114 4706 4704 4717 4999 4612 4995 4581 4579 5114 4951 4915 5407 5040 4990 5094 4614 5178 4742 4876 4503 4685 4917 4864 4647 5385 4667 5036 4425 5170 4754 4937 4948 4700 5239 5184 4881 5215 4949 4773 5326 5063 4935 5058 4444 4986 5296 4847 4695 5055 5050 4918 4647 4885 4990 4843 4933 5042 4609 4813 4841 4799 4701 4729 4729 4606 4908 4683 4991 4571 5232 5209 4998 5234 4944 4529 5126 5068 5064 4773 4808 5108 5093 4633 5171 4970 5238 5097 5023 4567 4921 4871 4824 4737 4927 4780 5150 4941 4733 4569 4752 5056 5146 5163 5002 4934 4926 4588 5149 5153 4833 5092 4870 4911 5009 4703 5453 4746 5067 4933 5049 4782 5009 4750 4590 5013 5346 4902 5098 4607 4957 4870 4991 4806 4980 4529 4920 5247 4573 4836 5153 5212 4940 4859 5027 4432 4475 4831 4671 4792 4685 4987 5013 4771 4923 5234 4963 4834 4795 5196 4828 4536 5189 4763 4803 4900 4809 4627 5014 4779 4825 4775 5083 5037 5001 5020 4585 5243 5291 4834 4685 4579 5248 5005 4468 4732 4946 4793 
4451 4439 4644 4532 4790 4610 4689 4780 4733 4823 4424 4568 4205 4827 4519 4108 4578 4641 4717 4879 4469 4487 4610 4405 4636 4609 4621 4548 4308 4800 4706 4805 4647 4731 4736 4255 4473 4594 4666 4184 4753 4336 5126 4502 4490 4794 4701 4315 4633 4706 4392 4821 4466 4654 4580 5001 4604 5068 4123 4632 4577 4717 4534 4868 4372 4629 4702 4583 4846 4549 4339 4712 4890 4380 4868 4623 4262 4816 4463 4594 5065 4496 4761 4892 4307 4801 4466 4637 4566 4408 4346 4685 4449 4819 4569 4626 4381 4831 4397 4400 4619 4926 4837 4738 4842 5069 4652 4526 4784 4520 5070 4934 4009 4838 4697 4266 4398 4939 4900 4504 4362 4657 4573 4341 4927 4726 4233 4721 4735 4396 4488 4533 4666 4272 4495 4485 4383 4613 4556 4509 4708 4882 4649 4389 4909 4643 4813 4534 4686 4661 4743 4331 4717 4537 5002 4819 4485 4787 4642 4674 4350 4562 4652 4280 4589 4670 4509 4307 4613 5026 4760 4523 4684 4699 4775 4413 4882 5045 4678 4859 4410 4521 4790 4511 4830 4501 4709 5003 4908 4734 4643 4226 4684 4834 5106 4456 4671 4233 4677 4275 4887 4447 4800 4215 4612 4554 4557 4530 4884 5255 4258 4612 4456 3951 3955 4675 4771 4367 4577 4945 4460 4605 4672 4817 4666 4810 4749 4788 4643 4108 5191 4369 4665 4628 4344 4418 4719 4562 4736 4181 4541 4770 4673 4323 4261 5177 4689 4471 4550 4243 4895 4537 4698 4586 4715 4737 
5390 5359 5205 5160 5525 5582 5426 5332 5406 5690 5464 5253 5064 5389 5594 4866 5239 5323 5364 5535 5221 5134 5180 5184 5281 5218 5345 5303 5318 5619 5645 5571 5357 5533 5792 4926 5507 5139 5294 5029 5578 5307 5788 5560 5296 5343 5620 5137 5582 5524 5124 5658 5458 4928 5369 5825 5505 5914 5060 5332 5312 5435 5428 5143 5166 5361 5187 5329 5606 5198 5149 5419 5627 5270 5268 5418 5068 5527 5386 5380 5649 5491 5580 5502 5165 5922 5259 5070 5190 5294 5321 5202 4865 5637 5199 5699 5451 5831 5361 5232 5561 5558 5423 5642 5716 5652 5335 4913 5892 5197 5656 5391 4715 5432 5517 4939 5166 5889 5491 5288 4976 5507 5382 5224 5541 5591 5198 5157 5166 5134 4977 5338 5159 5011 5475 5026 5125 5092 5392 5600 5430 5276 5434 5013 5724 5477 5436 5202 5370 5537 5620 5175 5334 5200 5772 5817 5244 5533 5358 5234 5300 5219 5316 5195 5033 5355 5262 4766 5506 5650 5338 5191 5647 5398 5379 5025 5850 5663 5214 5438 5391 5162 5508 5256 5796 4979 5555 5722 5714 5155 5408 5092 5270 5658 5808 5129 5485 5007 5639 5184 5561 5038 5512 4985 5188 5552 5170 5198 5400 5690 5627 5603 5373 4887 4625 5323 5349 5337 5307 5382 5107 5388 5313 5760 5308 5455 5358 5796 5438 5062 5912 5054 5553 5196 5112 5313 5348 5446 5168 5148 5295 5419 5638 5167 5234 5918 5473 5187 5166 5024 5781 5220 5259 5168 5561 5316 
5007 4655 4879 4655 4928 5328 5208 5269 5177 5433 5126 4831 4555 5355 4872 4700 5220 5142 5124 5310 5135 5058 4975 4557 4863 4712 5254 5029 5034 5512 5283 5229 4908 5096 5424 4483 5097 4908 5127 4731 5007 4723 5411 4921 5179 4879 5152 4998 5137 5194 5012 5245 5159 4939 5040 5646 5142 5624 4562 5212 4875 5063 5179 4682 4878 5385 4847 5020 5075 4823 4952 4995 5114 5024 4990 4897 4725 5231 5125 5115 5098 5042 5163 5315 4951 5289 4838 4862 4987 5258 4840 5104 4990 4980 4771 5241 4640 5323 4871 5074 5167 5039 5335 5344 5340 5439 4759 4977 5407 5110 5575 5137 4337 5252 5223 4818 4625 5143 5274 5218 4733 5222 5126 4861 5095 4991 4524 5086 5095 4826 4731 4858 4711 4512 4891 4768 4759 4754 4951 5034 5198 5417 4991 4749 5313 5291 5264 5104 4820 5089 5166 4936 5225 5182 5385 5246 5003 4971 4829 4835 5008 4820 5088 5099 5129 5100 5067 4711 5014 5103 5234 5239 5155 4980 5168 4379 5463 5380 5092 5194 4946 5095 5358 4902 5395 4794 5290 5336 5385 4983 5222 4655 4587 5000 5118 4721 5143 4581 5096 4736 5117 4773 5226 4753 4909 5170 4872 4851 5221 5393 5117 5165 4800 4420 4629 5116 5136 5104 4822 5063 5080 5066 5227 5394 5068 4956 5115 5309 4951 4762 5306 4345 5113 4967 4711 5003 5153 5021 4891 4796 5004 4971 5283 5328 4795 5557 5092 4785 4944 4806 5346 5037 5053 4934 5201 5076 
5181 5041 5441 5107 5415 5521 5295 5581 5379 5754 5116 5326 4690 5511 5223 4890 5395 5485 5331 5411 5225 5288 5249 5045 5363 4970 5362 5508 5008 5465 5401 5393 5520 5408 5733 4617 5151 5041 5094 4640 5407 5143 5940 5314 5530 5199 5458 5266 5315 5718 4991 5668 5345 5195 5073 5869 5241 5686 4736 5272 5217 5204 5496 5272 5244 5423 5153 5360 5573 4948 5175 5393 5365 5274 5285 5005 4835 5373 5348 5439 5545 5282 5529 5517 5003 5485 5178 5105 4775 5206 5243 5248 5174 5569 5266 5265 5126 5633 5191 5247 5494 5539 5614 5286 5488 5774 5261 4953 5467 5450 5723 5451 4586 5561 5515 4971 4874 5507 5786 5253 5220 5515 5308 4997 5689 5013 4953 5337 5629 4967 4816 5034 5068 4609 5188 5004 5204 5257 5181 5422 5517 5568 5430 5210 5314 5111 5525 5503 5236 5515 5429 5087 5305 5207 5944 5624 5381 5390 5186 5165 5187 5025 5354 5133 5196 5168 5298 5270 5569 5530 5474 5344 5461 5298 5220 5054 5934 5771 5227 5834 5211 5592 5496 5344 5408 4893 5197 5509 5475 5268 5542 5055 5085 5618 5459 5114 5530 4851 5544 4519 5492 5079 5383 4918 5024 5681 5054 5079 5495 5670 5282 5264 5039 4846 4956 5146 5082 5267 5375 5393 5373 5240 5362 5531 5293 5703 5386 5493 5019 4846 5610 4997 5297 5311 5063 4984 5508 5317 5147 5094 5293 5330 5241 5249 4860 5960 5551 5227 5083 5116 5806 4916 5222 4868 5443 5484 
5103 5002 5423 5110 5461 5321 5249 5322 5095 5448 5108 5388 4584 5146 5357 4805 5335 5385 5194 5598 5019 5254 5114 5033 5282 5036 5442 5328 4973 5702 5502 5241 5097 5387 5456 4885 5156 5082 5181 4847 5186 5094 5671 5153 5287 5349 5392 5176 5304 5364 5046 5832 4927 5272 5339 5898 5362 5509 4795 5217 5181 5303 5374 5051 5155 5386 5405 5443 5616 4988 5033 5107 5288 5013 5128 5293 5164 5463 5403 5353 5588 5167 5331 5215 4949 5567 5193 5128 5088 5190 5027 5171 5078 5375 5189 5407 4911 5470 4875 5361 5562 5362 5441 5251 5386 5533 5410 5075 5570 5243 5652 5022 4498 5228 5246 5204 5090 5717 5385 5166 4883 5423 5266 5243 5517 5357 4904 5189 4964 4942 5172 5058 5023 5046 5256 4989 4900 5145 5211 5105 5316 5414 5189 4925 5380 5512 5569 4986 5318 5543 5643 5167 5352 5092 5677 5494 5179 5173 5322 5000 5147 4942 5370 5033 5415 5120 5172 4927 4948 5296 5216 5150 5464 5161 5301 4714 5698 5632 5381 5562 5010 5074 5330 5222 5438 5011 5302 5623 5356 5122 5420 4929 4682 5499 5603 5038 5171 5004 5499 4825 5403 5093 5366 5047 5021 5341 4945 4970 5302 5789 5137 5391 5036 4690 4572 5216 5493 5069 5096 5413 5145 5271 5305 5591 5284 5186 5233 5557 5225 5041 5723 4971 5252 5152 5134 4887 5429 5073 5126 4938 5360 5218 5166 5165 5022 5978 5064 5261 5061 4984 5450 5085 4954 5193 5332 5240 
4670 4473 4760 4533 4875 4918 5107 4990 4625 4908 4716 4609 4307 4836 4741 4377 4777 4562 4811 4728 4219 4477 4728 4528 4621 4637 4679 4810 4545 5172 4609 4798 4714 4813 5116 4273 4802 4551 4805 4492 4889 4519 5004 4751 4936 4542 4989 4624 4788 4618 4413 4944 4695 4826 4864 5011 4773 5251 4589 4916 4519 4611 4815 4562 4635 4854 4688 4783 5004 4662 4568 4676 4836 4626 4665 4316 4386 4779 4862 4694 4985 4811 4851 5011 4730 5172 4614 4530 4664 4655 4261 4966 4523 5038 4526 4709 4357 5351 4751 4750 4705 4856 5007 4972 4829 4964 4643 4782 4970 4733 4846 4956 4009 4788 4859 4518 4528 4960 4721 4743 4725 4772 4670 4554 5059 4930 4265 4259 4750 4392 4491 4490 4567 4363 4729 4624 4481 4610 4787 4749 4846 5183 4637 4399 4901 4894 4781 4445 4868 4912 4918 4853 4808 4804 5162 5080 4512 4676 4672 4724 4815 4477 4877 4801 4790 4627 4782 4192 4697 4828 5126 4544 5047 4554 4835 4566 5017 5047 4770 4859 4424 4646 4777 4528 4798 4427 4726 5040 4971 4655 4760 4612 4539 4890 5064 4690 5037 4489 4930 4424 4775 4522 4789 4430 4821 4647 4741 4607 4831 5222 4841 4763 4754 4485 4290 4908 4745 4804 4482 4657 4360 4796 4656 4804 4423 4785 4707 4976 4578 4372 5232 4483 4811 4607 4552 4597 4784 4858 4643 4618 4724 4714 4778 4628 4516 5132 4965 4868 4458 4609 5097 4510 4408 4512 4937 4630 
4551 4762 4875 4657 4891 4988 5114 5160 5128 5243 4915 4918 4540 5059 4851 4631 5361 4958 5003 5285 4779 4929 4822 5051 5150 4833 4817 5057 4707 5290 5327 5193 4897 4882 5435 4665 4674 5067 4739 4954 5029 4800 5378 5005 5075 4723 5055 5051 5183 5187 4834 5521 4890 4754 4991 5287 5040 5208 4648 5069 4918 4833 5052 5091 4892 5005 4888 5043 5242 4641 4857 5168 4808 4631 4775 4612 4734 5202 5011 5027 5247 4995 5146 5344 4846 5265 4986 4883 4725 4655 4687 5081 4884 5077 4842 5204 4838 5360 4745 4635 4858 5112 5134 5274 5160 5129 5003 4747 5314 5132 5100 5101 4323 5091 4981 4710 4825 5108 5061 4961 4621 4883 4974 4819 5272 5036 4605 5003 4944 4570 4552 4821 4912 4751 4986 4775 4570 5019 5068 5043 5192 5231 5323 4827 5005 5202 5243 4864 5156 5074 5283 4861 4904 4862 5383 5152 4979 4913 5145 4832 4819 4672 5076 4948 5233 4841 4929 4792 5075 5090 5007 5070 5217 4989 5118 4912 5443 5342 5054 5249 4890 4766 5045 4859 5291 4773 5381 5280 5080 5009 5030 4747 4743 5275 5168 4918 5406 4491 5061 4765 5018 4630 5238 4702 4700 5229 4727 4798 4881 5558 4884 5165 4724 4308 4465 4952 5101 4780 4773 5115 5034 4921 4909 5193 5082 5000 4735 5083 4879 4637 5595 4551 4985 5087 4935 4689 5039 4850 4682 4703 4890 4946 4848 4861 4612 5369 5018 4918 4846 4765 5174 5027 4521 4812 5064 4907 
4888 4846 4819 4469 4799 4817 5237 5307 4824 5151 4829 4806 4453 5066 4934 4495 4886 5210 4925 5135 4643 4764 4997 4609 4708 4857 4720 4836 4449 5169 5223 4949 4944 4936 5255 4661 4989 4805 4822 4692 4974 4878 5238 4872 4969 4823 5217 4790 4951 5030 5131 5286 4908 4759 4834 5319 4743 5318 4729 5047 4837 4920 4949 4915 4511 4671 4965 4861 5145 4611 4650 4879 5202 4886 4710 4842 4872 4893 4776 4977 5123 4841 4959 5161 4771 5431 4481 4794 4584 4814 4877 4876 4703 5031 4767 5167 4744 4974 4597 4679 4809 5021 5149 5236 5143 5305 4763 4852 5215 4939 5316 5073 3928 4939 5023 4709 4799 4989 5315 4956 4708 5185 4891 4892 5304 4846 4567 4709 4931 4743 4701 4829 4943 4571 5123 4791 4822 4845 5003 5168 5054 5292 4943 4783 4956 5060 5071 4798 4824 5163 4904 4801 4981 4972 5384 5326 5030 4978 4986 4904 4584 4783 4842 4895 4905 5025 4828 4606 5189 5051 5077 4937 5056 4540 4912 4670 5253 5428 4873 5020 4959 4768 4989 4715 5442 4747 5124 5188 5114 4758 4991 4769 4642 4829 5048 4896 4898 4526 5069 4531 5048 4901 5022 4741 4881 5139 4890 4657 4964 5249 4884 5067 4938 4389 4298 4866 4655 4911 4732 5040 4830 4982 4970 5336 5001 5221 4605 5290 4768 4642 5281 4579 4927 4794 4795 5020 5047 5082 4769 4784 4989 4909 5077 4900 4685 5541 4854 4825 4345 4669 5248 4831 4852 4616 5041 4909 
5369 5328 5246 5449 5528 5400 5469 5388 5587 5652 5528 5169 4965 5715 5577 4966 5630 5704 5536 5579 5402 5362 5302 5048 5424 5439 5288 5428 5036 5815 5532 5592 5517 5555 5839 4953 5483 5502 5448 5136 5257 5207 5626 5500 5658 5227 5713 5319 5424 5574 5102 5508 5535 5145 5418 6070 5410 5687 4949 5388 5164 5525 5568 5260 5083 5675 5093 5403 5792 5293 5130 5479 5824 5039 5635 5119 5071 5672 5330 5638 5771 5343 5185 5434 5191 5592 5332 5427 5085 5424 5014 5580 5166 5879 5198 5882 5229 5671 5246 5279 5424 5441 5834 5391 5478 5943 5152 5365 5617 5300 5845 5579 4797 5774 5612 5111 5028 5795 5832 5208 5207 5699 5270 5187 5954 5369 4944 5346 5594 5206 5036 5438 5308 4873 5434 5139 5039 5438 5529 5526 5861 5697 5322 5296 5683 5547 5640 5493 5425 5814 5632 5264 5525 5341 6061 5996 5330 5184 5313 5288 5207 5041 5550 5424 5414 5410 5436 5145 5254 5635 5598 5532 5487 5294 5231 4881 5975 6152 5379 5998 5100 5558 5667 5119 5620 4760 5750 5593 5762 5147 5613 4973 4894 5529 5817 5379 5544 5114 5497 5218 5773 5422 5507 4999 5275 5755 5177 5129 5445 6196 5289 5608 5252 4942 4937 5430 5343 5564 5208 5488 5390 5409 5498 6058 5254 5310 5670 5844 5219 5260 5794 5013 5534 5342 4954 5272 5823 5452 5502 5005 5336 5414 5254 5484 5096 6054 5867 5374 5358 5113 5914 5339 5321 5356 5242 5408 
5340 5269 5631 5048 5539 5447 5477 5511 5641 5550 5343 5444 4876 5618 5396 5310 5373 5638 5609 5739 5108 5358 5011 5283 5783 5211 5468 5459 4944 5743 5475 5605 5379 5438 5702 4937 5691 5091 5464 5280 5495 5210 5955 5292 5357 5475 5533 5390 5497 5562 5377 5996 5019 5341 5348 6259 5659 5828 5045 5345 5278 5450 5266 5105 5288 5405 5416 5248 5680 5254 5234 5432 5447 4995 5313 5520 5378 5641 5473 5476 5989 5423 5628 5634 5211 5774 5284 5376 5196 5216 5081 5558 4917 5648 5097 5470 5075 5590 5059 5265 5566 5632 5765 5611 5602 5712 5440 5122 5749 5742 5760 5339 4381 5326 5477 4949 5336 5737 5544 5276 4946 5618 5284 5026 5697 5399 5060 5470 5220 5083 5209 5233 5106 5140 5462 5132 5102 5125 5312 5510 5754 5662 5566 5068 5514 5598 5851 5356 5557 5654 5827 5328 5372 5313 5946 5821 5528 5539 5474 5744 5401 5197 5360 5383 5575 5164 5353 5063 5479 5494 5524 5247 5608 5274 5305 4849 5859 5844 5568 6002 5596 5499 5517 5778 5835 5115 5690 5767 5580 5346 5610 5319 5184 5647 5906 5398 5479 5033 5330 4938 5485 5334 5622 4969 5487 5413 5224 5190 5583 5848 5089 5517 5042 5054 4909 5474 5702 5305 5220 5576 5252 5275 5484 5653 5441 5615 5267 5582 5274 5092 5776 5064 5636 4917 5264 5092 5573 5304 5405 5120 5694 5393 5503 5253 5161 5855 5449 5443 5401 5135 5627 5401 5482 5456 5545 5377 
5039 5051 4974 4715 5111 5272 5394 5339 5001 5081 4861 5216 4597 5353 4857 4725 5129 5193 5271 5363 4944 4999 5058 5003 5224 5071 4939 5096 4586 5513 5157 5292 4749 5246 5483 4798 4999 5285 5091 5162 5301 4819 5464 5325 5144 5011 5341 4851 5131 5251 4717 5438 5104 5092 5092 5636 5254 5707 4774 5066 4999 5137 5036 4840 4822 5000 4946 5155 5498 4878 5001 5299 5375 4992 5216 5080 4969 5272 5114 5055 5777 4897 5097 5415 5007 5478 5125 4952 4796 5048 5024 5332 4959 5229 4944 5238 4892 5539 5161 5153 5209 5173 5534 5449 5459 5497 4817 4558 5486 4967 5431 5267 4405 5226 5091 4710 4912 5326 5252 5174 4750 5278 5271 5005 5331 4937 4638 5042 5096 4800 4915 5317 5117 4748 4989 4862 4760 4919 5203 5253 5244 5617 5056 4960 5377 5375 5302 5134 5320 5191 5160 4980 5023 5098 5504 5298 4926 4972 5316 5110 5040 4668 5130 5375 5219 5062 4849 4821 5041 5343 5212 4878 5320 5135 5347 4792 5563 5464 5026 5332 5039 5161 5039 5121 5318 4869 5288 5274 5167 4830 5407 4705 4948 5379 5399 4865 5285 4764 5003 4756 5172 5306 5079 4868 5029 5144 4729 5045 5059 5705 4974 5128 4795 4427 4843 5151 4981 4848 5190 5177 5011 4954 5073 5275 5197 5180 5026 5404 4983 4818 5576 4554 5084 5241 4909 4859 5696 5201 4910 5019 5328 5066 5077 4909 4633 5643 5242 5212 4941 4782 5374 5187 5008 4991 5263 4882 
5462 5167 5255 5325 5400 5427 5386 5273 5379 5497 5322 5116 4735 5282 5279 4912 5479 5228 5306 5702 4810 5029 5331 5082 5251 5344 5146 5049 5125 5585 5354 5430 5454 5445 5888 4757 5324 5057 5291 4924 5181 5066 5823 5405 5535 5337 5409 5112 5175 5518 5098 5543 5343 5170 5574 5735 5473 5989 5064 5419 5068 5447 5422 5163 5302 5340 5197 5409 5666 5056 5147 5286 5605 5311 5108 5196 4707 5498 5599 5532 5746 5538 5371 5664 4937 5542 5327 5159 4965 5193 5219 5394 5140 5742 5299 5383 4976 5678 5088 5077 5371 5583 5699 5505 5530 5894 5203 5336 5536 5288 5432 5341 4575 5392 5354 5164 4923 5583 5381 5366 5050 5405 5302 4997 5483 5372 4900 5258 5158 4914 4829 5386 5281 5140 5313 4974 5070 5230 5404 5316 5549 5410 5271 4923 5394 5485 5643 5152 5386 5439 5496 5102 5393 5249 5704 5852 5135 5430 5289 5240 5203 4838 5408 5128 5502 5180 5272 4987 5298 5599 5318 5317 5494 5291 5649 5287 5800 5809 5107 5753 4998 5499 5493 5126 5715 5010 5329 5485 5757 5281 5397 4918 5168 5422 5822 5015 5250 5189 5275 5091 5485 5161 5416 4825 5192 5410 5019 5227 5522 5875 5241 5365 5225 4982 4847 5349 5420 5268 5132 5387 5253 5399 5319 5688 5149 5409 5399 5438 5220 4903 5711 5056 5294 5253 4998 4873 5612 5268 5087 4868 5160 5313 5402 5364 4854 5840 5570 5207 4969 5180 5937 5194 5188 5217 5538 5299 
5311 4823 5105 4960 5228 5317 5500 5507 5226 5590 5189 5289 4768 5250 5455 4779 5290 5330 5366 5361 5009 5066 5373 5079 5310 5153 5121 5096 5141 5450 5491 5470 5255 5470 5596 5101 4977 5518 4951 4909 5301 5180 5710 5215 5451 5257 5321 5104 5219 5286 4979 5620 5374 5216 5482 5743 5209 5831 4847 5285 5155 5236 5306 5210 4880 5198 5405 5513 5645 5124 4975 5318 5673 5149 5238 4964 5130 5445 5209 5402 5736 5306 5514 5567 5055 5654 5135 5137 5101 4997 5202 5233 5134 5379 5101 5583 5117 5601 4967 4973 5327 5215 5679 5464 5417 5636 5169 4978 5498 5357 5520 5453 4327 5419 5523 5043 5104 5559 5457 5346 5065 5225 5493 5033 5447 5357 4779 5259 5459 4849 4985 5289 5042 4892 5178 5209 5103 5188 5324 5445 5470 5666 5368 4903 5282 5480 5439 5270 5319 5365 5348 5080 5343 5529 5796 5531 5186 5219 5285 5204 5097 5086 5266 5244 5348 5337 5197 4970 5446 5395 5466 5147 5519 4847 5187 5253 5514 5722 4844 5416 5204 5383 5230 4886 5761 5342 5546 5548 5535 5047 5261 5045 5020 5499 5614 5128 5317 5250 5491 5176 5432 5009 5739 5085 5059 5530 5060 4951 5350 5615 5211 5499 5156 4865 4601 5288 5150 5180 5170 5183 5177 5104 5331 5467 5139 5576 5177 5544 5274 4775 5675 4809 5436 5216 4961 4941 5300 5089 5018 5139 5343 5135 5437 5464 5126 5833 5403 5218 4944 4854 5676 5216 5129 5263 5576 5220 
5325 5321 5396 5396 5621 5499 5511 5401 5656 5707 5424 5454 4601 5776 5288 4798 5783 5601 5492 5639 5303 5204 5077 5317 5601 5262 5508 5318 5174 5782 5442 5658 5340 5544 5954 5211 5374 5360 5729 5229 5391 5202 5885 5484 5453 5368 5645 5304 5491 5689 4851 5354 5291 5365 5456 5976 5693 5882 4938 5359 5508 5664 5628 5320 5411 5532 5418 5437 5908 5188 5283 5348 5589 5404 5373 5312 5207 5610 5457 5514 5815 5454 5712 5466 5338 5702 5563 5500 4906 5367 5139 5463 5404 5583 5080 5628 5422 5669 5315 5333 5682 5825 6031 5695 5712 5624 5547 5239 5859 5493 5840 5563 4429 5570 5644 5138 5201 5794 5597 5664 5151 5820 5667 5388 5675 5493 5038 5318 5413 5038 5054 5300 5210 5166 5446 5181 5207 5356 5426 5682 5601 5763 5314 5116 5807 5632 5738 5468 5484 5521 5439 5205 5559 5311 6088 5981 5083 5542 5529 5216 5282 5451 5390 5267 5541 5395 4987 4880 5663 5679 5637 5392 5315 5394 5457 5018 5841 6051 5356 5661 5365 5570 5341 5378 5810 5134 5722 5772 5762 5385 5704 5000 5262 5640 5702 5485 5620 5347 5485 5056 5769 5431 5789 4845 5589 5747 5255 5237 5664 6039 5261 5557 5347 4433 4786 5491 5527 5477 5177 5156 5312 5466 5598 5794 5377 5320 5349 5524 5503 4911 6030 5083 5358 5401 5324 5116 5414 5485 5230 5335 5500 5300 5777 5246 5068 5776 5329 5236 5352 5345 5577 5154 5176 5399 5685 5263 
5281 5343 5332 5254 5596 5416 5368 5094 5596 5403 5455 5145 5001 5359 5346 4945 5560 5335 5094 5415 5160 5171 5096 5028 5360 5221 5486 5282 5144 5747 5812 5389 5292 5482 5695 4940 5147 5096 5356 4906 5307 5291 5902 5326 5289 5246 5421 5298 5310 5841 5244 5637 5370 5341 5002 5799 5534 5826 4870 5283 5310 5408 5399 5312 5315 5407 5432 5391 5777 5141 5200 5338 5466 5237 5040 5259 5010 5423 5600 5415 5731 5370 5487 5587 5021 5653 5282 5310 5252 5227 5053 5056 5253 5558 5087 5366 5221 5781 5273 5256 5506 5501 5453 5475 5455 5775 5256 5001 5571 5283 5740 5214 4647 5172 5551 5348 5340 5663 5711 5357 4889 5598 5253 5076 5372 5234 5152 5231 5521 4962 5045 5185 5041 4848 5415 5292 4950 5315 5364 5296 5452 5767 5466 4826 5382 5798 5476 5209 5500 5758 5615 5348 5584 5229 5800 5578 5186 5229 5307 5308 5003 5279 5433 5337 5299 5054 5451 5196 5496 5473 5426 5334 5588 5350 5103 5065 6016 5905 5180 5537 5211 5365 5440 5349 5592 4953 5556 5857 5731 5296 5385 5061 5121 5220 5543 5323 5343 5016 5294 4857 5418 4971 5622 4913 5151 5393 5172 5306 5462 5687 5186 5380 5173 4938 5020 5430 5326 5178 5178 5429 5394 5246 5429 5379 5250 5134 5328 5610 5127 4739 5676 4791 5356 5230 5113 5169 5328 5383 5194 5136 5293 5180 5293 5315 5105 6014 5448 5148 4886 5101 5570 5349 5151 5204 5328 5248 
5356 5115 5446 5077 5179 5691 5429 5578 5559 5609 5207 5435 4747 5609 5242 5123 5585 5676 5463 5436 5597 5616 5407 5205 5487 5365 5372 5373 5286 5655 5720 5526 5285 5423 5728 4983 5451 5224 5208 5045 5375 5198 5954 5358 5194 5348 5592 5215 5267 5636 5184 5838 5306 5209 5419 5965 5476 5939 5073 5215 5589 5613 5321 5366 5221 5561 5182 5585 5728 5229 5497 5227 5563 5441 5240 5268 5037 5494 5505 5564 5806 5300 5448 5621 5279 5549 5012 5159 5018 5383 5304 5490 5097 5580 5089 5640 5066 5818 5492 5204 5240 5480 5971 5545 5634 5530 5364 5100 5739 5561 5624 5569 4530 5427 5508 4944 4969 5472 5575 5544 4935 5172 5443 5099 5749 5224 5054 5442 5227 5052 4950 5316 5235 4982 5206 5035 5391 5231 5532 5390 5610 5730 5471 5240 5472 5682 5510 5297 5584 5431 5534 5371 5474 5448 5988 5723 5360 5329 5190 5302 5343 5289 5110 5323 5439 5476 5276 4744 5522 5654 5604 5389 5851 5192 5575 5118 5697 5665 5473 5646 5069 5227 5243 5244 5831 5204 5655 5891 5899 5194 5376 5241 5070 5529 5580 5047 5532 4994 5397 4999 5621 5303 5351 5077 5330 5684 5342 5151 5263 5782 5311 5526 5234 4858 5067 5398 5287 5323 5277 5576 5401 5220 5305 5594 5349 5495 5148 5659 5167 5131 5906 4682 5482 5354 5204 5150 5588 5341 5224 5141 5492 5301 5458 5451 5102 5653 5580 5531 5304 5171 5708 5323 5077 5378 5677 5256 
5130 5008 4993 4883 5074 5360 5437 5197 5317 5350 4998 4948 4498 5224 5140 4673 5073 5432 5304 5327 4855 5093 4977 5082 4974 4968 4931 5027 4906 5669 5318 5493 5093 4978 5512 4811 4859 4796 5026 4928 5102 5067 5597 5187 5001 5154 5305 4830 5099 5450 4896 5391 5296 4944 5005 5476 5095 5601 4639 5149 4985 5308 5108 5098 4935 5179 4913 5015 5310 4881 5114 4801 5065 5141 4997 4885 4866 5388 5238 5371 5469 4963 5073 5260 4678 5734 5016 4813 4887 5080 4780 5241 5018 5498 5047 5151 4808 5393 5277 4779 5172 5118 5806 5382 5414 5362 5153 5148 5334 5184 5191 5260 4304 5251 5500 4994 4937 5191 5177 5129 4906 5205 5020 4921 5255 5151 4662 5026 5058 4767 4706 5279 5038 4642 5335 4916 4935 5284 5280 5155 5281 5390 5271 4890 5419 5273 5237 4950 5417 5276 5036 5041 5267 5115 5708 5347 4623 5327 4960 4851 5032 4829 5078 4745 5177 5091 5080 4844 5258 5440 5323 5097 5310 4972 5441 4859 5394 5446 5233 5568 5017 5001 5202 4895 5385 4797 5188 5457 5381 4999 5360 4842 4838 5334 5596 5087 5306 4660 5304 5027 5227 4944 5279 4801 5140 5286 4888 5108 5302 5744 5101 5317 5005 4571 4504 5102 5055 5099 4808 5254 5013 5111 5207 5351 5364 5078 5039 5393 5173 4761 5801 4887 5107 5194 4804 4972 5309 5089 5166 4781 5050 5114 5210 4981 4819 5488 5380 4939 4803 4828 5603 5389 4959 5105 5273 5036 
5446 4992 5398 5157 5567 5628 5492 5426 5517 5545 5383 5455 4898 5488 5612 4940 5518 5540 5681 5647 5128 5370 5217 5228 5652 5253 5700 5483 5237 5925 5597 5784 5462 5223 5929 5133 5380 5272 5417 4990 5231 5245 5785 5714 5510 5560 5659 5380 5239 5908 5349 5656 5549 5233 5506 5955 5501 5595 4947 5607 5257 5460 5369 5214 5250 5391 5293 5133 5817 5178 5083 5497 5556 5392 5528 5396 5207 5613 5612 5404 5792 5311 5363 5676 5170 5714 5531 5329 5221 5446 5297 5444 5171 5589 5233 5534 5291 5711 5387 5566 5678 5534 5916 5597 5703 5810 5317 5266 5716 5413 5922 5562 4768 5584 5552 5069 5436 5734 5661 5394 5111 5535 5406 5057 5759 5405 4939 5285 5414 4924 5012 5465 5188 5246 5360 5289 5134 5310 5552 5277 5668 5755 5456 4828 5634 5706 5531 5306 5489 5536 5558 5469 5616 5313 5913 6132 5479 5533 5474 5300 5211 5567 5545 5358 5514 5436 5201 5082 5581 5518 5672 5493 5804 5358 5517 5142 6203 5937 5370 5967 5304 5476 5596 5270 5564 5142 5556 5774 5628 5321 5605 5100 5030 5549 5735 5401 5432 5109 5570 5012 5677 5256 5577 4846 5531 5601 5241 5162 5429 5964 5340 5560 5433 5001 4918 5317 5607 5306 5307 5562 5292 5400 5637 5851 5464 5640 5234 5665 5462 5019 5947 4959 5580 5429 5421 5240 5536 5304 5362 4988 5484 5308 5544 5427 5026 6256 5494 5167 5121 5069 5607 5434 5479 5253 5578 5396 
5196 5156 5453 5304 5856 5893 5530 5691 5741 5951 5414 5753 4827 5727 5785 5161 5627 5744 5824 5646 5478 5430 5340 5195 5712 5404 5702 5551 5191 5910 5968 5853 5470 5747 5978 5380 5758 5481 5384 5167 5764 5595 6153 5635 5509 5760 5788 5304 5756 5721 5236 6186 5384 5590 5639 6259 5762 5852 5335 5420 5527 5767 5432 5507 5474 5342 5447 5740 5953 5395 5373 5729 5612 5441 5723 5579 5496 6067 5710 5776 6011 5444 5478 5744 5086 6159 5503 5314 5328 5382 5211 5766 5353 5732 5383 5718 5372 5823 5674 5471 5533 5684 6061 5654 6135 5886 5515 5564 5987 5347 5866 5774 4927 5585 6118 5181 5307 5923 5847 5729 5499 5702 5521 5437 5912 5649 5268 5430 5551 5267 5361 5456 5404 5165 5570 5305 5475 5452 5589 5882 5981 6056 5604 5269 5992 5778 5850 5340 5575 5785 5667 5174 5651 5482 5952 6018 5394 5729 5430 5535 5363 5445 5429 5560 5474 5516 5409 5045 5776 5848 5694 5410 5637 5398 5592 5225 5850 6006 5725 5716 5653 5327 5495 5461 5970 5413 5837 5810 5616 5478 5433 5424 5262 6094 6235 5525 5790 5174 5711 5173 5861 5165 5676 4961 5641 5586 5459 5293 5565 5911 5531 5570 5416 5022 4930 5520 5352 5550 5848 5758 5630 5602 5495 5789 5806 5528 5416 6020 5426 5009 6078 5209 5927 5605 5284 5337 5474 5683 5500 5189 5398 5612 5501 5516 5140 5937 5733 5722 5566 5272 5873 5582 5357 5539 5700 5561 
5087 4733 4981 4744 5147 5262 5015 5398 5057 5035 4727 4909 4455 5195 4860 4780 5234 5014 5253 5328 5006 4906 5026 4949 5069 4953 5128 5179 4872 5533 5079 5148 4792 5214 5447 4633 4873 4824 5078 4982 4847 4844 5406 5023 5089 4828 5242 4949 4998 5088 4921 5385 4852 5135 4990 5516 4924 5636 4621 5055 4780 4808 4998 5006 5022 4969 5222 5002 5353 4830 4898 5045 5196 5058 5006 4953 4961 5168 5111 5312 5626 5084 5268 5255 4757 5352 4855 5015 4770 4876 4925 5229 4818 5319 4828 5228 4709 5304 4744 4760 5068 5126 5443 5280 5151 5331 4923 4674 5080 5119 5165 5244 4273 4833 5301 4887 4615 5199 5450 4904 4690 5107 4965 4696 5280 4886 4868 4946 4932 4896 4983 4903 4742 4597 5052 4965 4596 4764 5155 4989 5136 5270 5313 4645 5164 5348 5206 4890 5191 4997 5032 4731 5020 5014 5679 5146 4890 5070 4757 4815 4928 4771 5085 4965 4946 5098 5003 4803 5191 5084 5228 5031 5220 4757 5170 4868 5471 5292 4977 5284 4834 5223 5070 4945 5411 4904 5225 5084 4977 4929 5038 4857 4954 5020 5376 4905 5029 4726 4709 4574 5259 4970 5183 4772 5297 5121 4945 4736 5140 5544 4970 5110 4845 4734 4396 4938 5158 4727 4784 5158 5315 5162 4992 5127 5030 4990 4952 5553 5028 4604 5314 4558 5085 5079 4924 4687 4980 4947 4742 4923 5084 5161 5005 4969 4580 5496 5287 5052 4846 4825 5323 4972 4924 5019 5238 5064 
5137 4537 5245 4983 5035 5196 5120 5404 5228 5137 4956 5018 4556 5267 5151 4683 5078 5376 5232 5232 4962 5134 5029 4970 5027 4977 5280 5023 4788 5277 5219 5237 5274 5437 5466 4877 5134 4885 5080 4794 4890 4900 5600 5145 5421 5057 5328 4896 4996 5544 4976 5485 5396 5086 5205 5726 5299 5502 4718 5206 4871 5350 5550 5080 5223 5248 5122 5368 5505 5016 4946 5230 5235 4942 5192 5034 4875 5247 5217 5210 5596 4845 5369 5276 4942 5621 4968 4885 4911 4929 5177 5103 4931 5215 4980 5197 5218 5449 5128 5272 5323 5086 5474 5177 5273 5725 5107 4947 5349 5465 5623 5308 4379 5246 5137 5006 4938 5421 5692 5214 4917 5380 5217 4826 5357 4971 4675 5071 5235 4999 4754 4913 5037 4916 5227 5100 4778 4972 5273 5123 5469 5389 5128 4897 5360 5372 5076 4919 5296 5333 5251 5131 5144 5233 5509 5392 5269 5091 5283 4969 5087 4892 5019 5215 5225 5126 5137 4755 5026 5343 5439 5010 5411 5158 5281 4720 5683 5510 5105 5445 4830 5351 5188 4988 5353 4937 5197 5369 5315 5052 5353 4851 4710 5340 5488 5165 5254 4987 5247 4763 5188 4966 5174 4672 5181 5325 4824 4786 5386 5705 5250 5236 4927 4748 4573 5053 5161 5371 5046 5403 5099 5156 5344 5471 5087 5267 5079 5486 5205 4970 5405 4628 5370 5093 4935 5072 5561 5158 5177 5124 5178 5328 5038 4977 4650 5965 4983 5238 4793 4822 5694 5104 4932 4919 5235 5081 
5224 5225 5309 5318 5709 5432 5581 5635 5610 5587 5637 5330 4959 5393 5428 4946 5404 5550 5680 5639 5104 5174 5038 5309 5332 5178 5461 5605 5116 5953 5566 5752 5270 5538 5739 5112 5484 5168 5281 5052 5624 5449 5929 5571 5578 5396 5620 5204 5514 5672 5223 6121 5558 5271 5309 5912 5552 5858 5256 5733 5435 5635 5437 5450 5336 5489 5215 5282 5703 5352 5435 5641 5492 5310 5567 5324 5105 5873 5674 5631 6162 5644 5686 5738 5266 5826 5639 5230 5088 4974 5262 5661 5256 5710 5297 5581 5147 5843 5404 5206 5628 5629 5906 5547 5525 5667 5496 4841 5769 5367 5568 5719 4881 5427 5734 5097 5188 5791 5621 5222 5319 5619 5341 5202 5874 5256 5281 5445 5646 5071 5198 5253 4982 5079 5500 5325 4996 5287 5745 5496 5542 5896 5493 4912 5702 5424 5684 5525 5630 5909 5808 5336 5626 5284 5960 5665 5430 5433 5712 5599 5272 5497 5416 5426 5376 5250 5351 4961 5313 5400 5718 5449 5503 5520 5487 5077 5816 5882 5466 6053 5490 5288 5552 5644 5771 4982 5701 5935 5614 5586 5552 5152 5130 5618 5692 5227 5608 5173 5521 5016 5507 5218 5482 5137 5342 5861 5032 5306 5531 5955 5427 5451 5412 5017 4996 5484 5741 5617 5240 5544 5384 5254 5527 5750 5329 5688 5173 5662 5110 4970 5769 4844 5667 5451 5212 5329 5827 5518 5324 5280 5409 5530 5380 5180 5273 6009 5535 5352 5211 5405 5754 5367 5186 4878 5385 5645 
5042 4732 5201 5129 5366 4976 4995 5097 5061 5356 4988 4900 4706 5006 5060 4659 5052 5203 5009 5029 4851 4935 4906 4832 4916 5208 4878 5074 5020 5409 5114 5218 4957 5135 5424 4586 4870 4729 4938 4762 5057 4851 5299 4935 5066 4862 4986 4941 5417 5427 4603 5375 5079 5095 5065 5415 4838 5731 4662 4934 5035 5138 5036 5164 4862 4934 4870 5061 5352 4624 4879 4871 5080 5015 4910 4852 4700 4866 5174 4974 5412 5081 5174 5133 4696 5299 4759 4839 4695 4696 5050 4979 4875 5145 4932 4903 4618 5323 4886 4897 5017 5244 5435 5226 5052 5379 4993 4886 5311 5077 5142 4931 4092 5011 5213 4923 5057 5174 4965 5028 4706 5260 4990 4709 5351 4989 4571 4904 4946 4875 4695 4960 5001 4615 4914 4729 4988 4794 5147 5222 5241 5334 5071 4604 5202 5180 4912 4578 5023 5161 5102 4755 5096 5042 5342 5324 4735 5146 5004 4911 4940 4591 4972 4905 5103 5080 4781 4626 5224 5293 5009 4827 5267 4801 5040 4762 5391 5400 4864 5201 4806 4749 4879 4912 5290 4647 5139 5142 5104 4845 5169 4830 4959 5107 5217 4895 5084 4422 5197 4713 5307 4592 5146 4753 5142 5317 4686 4976 4874 5365 4909 5094 4842 4390 4362 5183 5112 5023 5072 5056 4777 5203 5083 5140 5102 4765 4915 5035 4676 4589 5500 4493 5043 4946 4879 4781 5193 4956 4714 4758 4972 4889 4925 4990 4554 5150 5117 4786 4751 4946 5145 5184 4653 4909 5270 4773 
5345 4945 5119 5003 5458 5392 5318 5709 5159 5344 5300 5042 4816 5411 5187 5002 5482 5266 5526 5344 4987 5320 5006 5239 5381 5100 5372 5137 5130 5675 5241 5512 5275 5196 5321 4921 5250 5420 5145 4752 5214 5148 5786 5287 5544 5232 5469 5243 5177 5315 5280 5778 5515 5503 5291 5729 5308 5867 5055 5294 4928 5360 5154 5135 5124 5444 5380 5333 5779 5161 5149 5311 5121 5241 5080 4844 5075 5257 5488 5352 5454 5237 5400 5314 5078 5668 5155 5244 5024 5247 5071 5427 5155 5575 4866 5418 5068 5450 5020 5263 5436 5423 5546 5506 5331 5632 5312 4948 5415 5287 5617 5297 4504 5180 5589 4994 4697 5592 5346 5187 5022 5633 5357 5083 5495 5235 4805 5165 5221 4974 5072 5393 4952 4854 5084 4727 4989 4920 5329 5446 5540 5622 5400 5107 5635 5183 5641 5234 5109 5499 5379 4924 5295 5206 5925 5844 5266 5141 5257 4878 4974 4866 5289 5153 5523 5088 5173 4678 5251 5681 5431 5439 5492 5226 5476 5107 5470 5619 5219 5354 5122 5270 5492 5088 5573 5275 5652 5304 5430 5290 5459 5161 5127 5332 5405 5434 5606 5072 5351 5051 5122 5088 5560 5081 5263 5359 4950 5080 5220 5851 5237 5539 5228 4829 4664 5442 5395 5198 5189 5203 5472 5214 5334 5429 5221 5226 5297 5492 5328 4816 5603 5008 5425 5388 5002 4952 5503 5327 5247 5131 5185 5145 5568 5150 4650 5634 5380 5292 5006 4985 5386 5372 5104 5348 5372 5163 
5008 5026 5109 4871 5211 5225 5295 5092 5371 5617 5118 4781 4758 5465 5278 4865 5183 5320 5119 5152 5038 4870 5177 5077 5126 4949 5079 4892 4999 5642 5134 5448 5006 5025 5465 4701 5092 5107 5210 4752 4795 5146 5545 5031 5506 5027 5254 5152 5401 5434 4866 5736 5071 5104 5016 5791 5263 5453 4877 5119 5011 5594 5206 5129 5148 5126 5000 5083 5195 5012 5121 5047 5067 4985 5048 5014 4694 5449 5317 5132 5470 5239 5213 5177 5238 5407 5104 4905 4747 4895 4840 5171 5069 5372 4973 5325 4864 5637 4942 4960 4953 5329 5372 5170 5121 5166 5007 5068 5458 5091 5430 5171 4421 5415 5345 4889 4917 5405 5306 5065 5009 5196 5167 5145 5236 5104 4618 5162 5023 4720 4865 5132 4753 4533 5158 4871 5258 5104 5334 5191 5385 5680 5275 4814 5276 5635 5360 4949 5330 5304 5485 4875 5260 4724 5847 5381 5094 4961 5185 5053 4810 4872 5178 5289 5144 5169 5074 4797 5354 5257 5130 5261 5418 5122 4968 4919 5754 5832 5180 5507 4985 5087 5513 4830 5386 4708 5268 5548 5378 5022 5170 4864 4798 5401 5552 4873 5032 4847 5182 4865 5258 5079 5325 4626 5182 5438 4930 4828 5231 5640 5260 5190 5086 4730 4426 5215 5279 4934 5005 5339 5166 4892 5263 5504 5206 5216 5088 5285 4892 4744 5594 4748 5243 4942 4963 4929 5194 5028 4897 4793 5027 5017 4909 5106 4975 5469 5083 4957 4963 4963 5133 5008 5027 5019 5220 5029 
5270 5125 5544 5086 5623 5428 5455 5485 5400 5495 5270 5320 4809 5215 5113 4986 5542 5581 5669 5413 5312 5112 5170 5214 5439 5187 5583 5524 4949 5699 5776 5495 5287 5485 5826 4966 5332 5258 5443 5153 5478 5385 5768 5189 5405 5444 5420 5175 5475 5676 5028 5902 5169 5112 5400 6034 5571 5819 5091 5136 5462 5266 5307 5121 5322 5413 5156 5337 5710 4932 5320 5335 5714 5411 5336 5243 5084 5637 5421 5353 5854 5443 5302 5554 5255 5744 5246 5106 4878 5148 5338 5393 5111 5950 5303 5832 5192 5687 5229 5370 5494 5378 5699 5532 5561 5421 5263 5000 5708 5338 5712 5524 4717 5395 5359 5256 5242 5562 5568 5385 5072 5428 5474 5164 5580 5352 4859 5250 5452 5005 5055 5022 5092 4885 5388 5288 5084 5145 5226 5463 5627 5699 5274 5114 5520 5722 5497 5209 5471 5641 5608 5280 5425 5080 5768 5761 5338 5312 5234 5412 5132 5299 5324 5376 5505 5301 5257 5123 5504 5311 5784 5331 5577 5403 5381 4750 5825 5755 5283 5731 5446 5210 5582 5408 5595 4947 5531 5750 5540 5271 5814 4993 5252 5822 5934 5341 5586 4996 5423 5118 5510 5214 5391 5165 5527 5690 5099 5328 5381 5869 5374 5317 5213 4956 4960 5407 5348 5332 5118 5635 5177 5391 5351 5678 5364 5327 5238 5670 5089 5154 5886 5038 5344 5309 5232 5270 5436 5495 5175 5265 5605 5265 5278 5338 5095 6132 5525 5338 5345 5205 5680 5231 5227 5366 5427 5499 
5153 5125 4856 5019 5243 5152 5440 5232 5187 5445 5014 5055 4752 5373 5270 4693 5525 5341 5459 5279 4927 5052 5036 4838 5043 5129 5087 4936 4948 5330 5442 5547 4925 5306 5563 4782 5289 4997 5027 4729 5350 5057 5543 4969 5339 5165 5469 4950 5194 5038 5048 5666 5382 4926 5254 5787 5281 5701 4753 5274 5205 5164 5193 5060 4850 5259 5093 5097 5416 4776 4957 4977 5379 5076 5163 5372 4860 5429 5463 5303 5470 5014 5055 5218 4935 5699 4929 5204 4863 4974 4971 5064 4798 5637 4731 5551 4918 5207 4837 4967 5182 5177 5418 5395 5469 5369 5056 4916 5381 5405 5470 5171 4312 5220 5213 4690 4875 5312 5459 5041 5072 5169 5134 5115 5548 5133 4748 4877 5338 4799 4970 5104 4846 4950 5209 4736 5107 5084 5269 5091 5367 5355 5264 4802 5174 5357 5158 4998 4989 5598 5336 5006 5280 5082 5787 5761 5193 5426 5193 4974 4730 4694 5128 4979 5289 5000 5138 4744 5222 5281 5193 5054 5389 5048 5035 4896 5426 5534 5092 5383 4988 4893 5262 5011 5272 4574 5166 5475 5288 4904 5210 5216 4952 5270 5485 5239 5015 4994 5411 4969 5349 4763 5359 4924 5076 5349 4847 5080 5057 5857 5028 5233 4799 4625 4724 5299 5317 5053 5393 5344 5098 5071 5200 5195 5138 5230 4968 5616 5155 4969 5347 4685 5483 5100 4809 4891 5303 5108 5044 5042 5193 5193 5153 5309 4883 5601 5317 5058 5034 5105 5387 5186 5208 5092 5283 5278 
5162 4865 5273 5077 5463 5694 5378 5571 5528 5358 5503 5281 4768 5433 5502 4861 5269 5409 5402 5749 5261 5130 5078 5325 5358 5308 5341 5395 5090 5688 5398 5736 5228 5448 5710 5109 5116 5134 5295 5112 5100 5029 5684 5406 5531 5078 5515 5303 5423 5608 5152 5739 5502 5399 5421 6048 5436 5761 5012 5209 5257 5362 5169 5060 5177 5400 5180 5626 5566 5115 5310 5096 5762 5064 5261 5135 4976 5416 5431 5546 5822 5207 5520 5500 4968 5475 5175 5187 5021 5201 4847 5494 5183 5546 5045 5586 4940 5686 5210 5127 5468 5213 5947 5326 5490 5707 5244 5067 5668 5388 5612 5678 4411 5408 5572 5263 5360 5473 5642 5354 5046 5391 5558 5196 5598 5336 4857 5231 5190 5227 5199 5051 5045 5018 5240 5117 5177 5118 5286 5372 5490 5886 5338 4931 5450 5669 5697 5329 5350 5641 5589 5190 5475 5339 5801 5670 5110 5074 5316 4994 5376 5388 5509 5176 5268 5343 5122 4671 5217 5555 5714 5534 5610 5279 5520 5127 5776 5759 5264 5605 5433 5154 5547 5014 5561 5109 5681 5654 5579 5253 5371 5134 5113 5679 5827 5212 5248 4897 5381 5316 5769 5040 5252 5109 5508 5805 5168 5041 5219 5945 5362 5436 5289 4547 4777 5424 5591 5283 5306 5539 5173 5346 5596 5599 5442 5457 5171 5638 5167 5038 5665 4948 5520 5453 5273 5275 5476 5179 5024 5157 5474 5339 5171 5263 5007 5960 5629 5190 4917 4844 5665 5456 5170 5105 5523 5365 
5410 5443 5775 5303 5793 5808 5880 5680 5561 5945 5609 5621 5134 5616 5593 5050 5588 5585 5784 5683 5459 5459 5702 5295 5555 5403 5435 5612 5314 6082 5771 5977 5481 5620 6278 5178 5690 5262 5273 5292 5732 5216 5846 5622 5795 5551 5876 5339 5719 5720 5504 6065 5618 5258 5635 6202 5663 6141 5246 5636 5372 5855 5707 5704 5453 5799 5553 5684 6061 5310 5423 5772 5771 5211 5694 5355 5388 5830 5669 5800 6112 5545 5571 5923 5358 5988 5635 5346 5338 5370 5567 5766 5427 5943 5628 5902 5357 5884 5306 5586 5806 5703 6078 5861 5727 5668 5414 5391 6034 5607 6023 5769 4592 5603 5996 5200 5328 5667 5822 5537 5400 5640 5568 5438 5993 5623 5383 5284 5873 5353 5370 5413 5192 5265 5681 5451 5284 5436 5591 5748 5717 5967 5748 5110 5805 5830 5728 5786 5642 5879 6010 5086 5859 5502 5977 6071 5661 5670 5807 5740 5519 5176 5571 5450 5959 5813 5598 5285 5897 5915 5900 5621 5920 5639 5667 5378 6031 6119 5565 6043 5695 5520 5604 5681 5874 5178 5738 6091 5856 5453 5701 5479 5391 5925 5939 5442 5632 5206 5859 5140 5764 5267 5672 5172 5867 6027 5374 5445 5770 6057 5414 5737 5518 5102 4849 5602 5668 5827 5832 5673 5626 5571 5657 5871 5512 5844 5369 5908 5376 5405 6040 5154 5551 5634 5437 5049 5941 5583 5749 5774 5579 5373 5704 5570 5477 6414 5844 5793 5489 5207 6025 5140 5618 5330 5927 5749 
5112 5056 5388 5244 5600 5510 5497 5599 5449 5585 5341 5362 4904 5628 5479 5098 5498 5568 5580 5445 5028 5240 5440 5254 5367 5362 5444 5305 5222 5812 5793 5506 5065 5609 5897 4962 5249 5333 5408 5288 5356 5198 5913 5304 5439 5337 5599 5012 5416 5620 5184 5836 5338 5064 5382 5639 5607 5875 5044 5282 5214 5327 5548 5428 5392 5581 5361 5596 5855 5278 5299 5419 5352 5475 5310 5243 5075 5609 5296 5252 6023 5270 5335 5613 5130 5638 5454 5379 5175 5207 5353 5594 5282 5790 5276 5674 5360 5599 5263 5340 5295 5713 5678 5694 5652 5493 5516 5301 5639 5405 5693 5639 4662 5452 5688 5140 5240 5754 5659 5732 5076 5582 5449 5170 5597 5403 4975 5593 5569 5183 5223 5101 5357 4977 5409 5214 5245 5326 5702 5558 5782 5778 5566 5192 5576 5742 5640 5106 5578 5494 5537 5113 5514 5400 5788 5927 5343 5243 5479 5553 5317 5427 5168 5472 5469 5349 5294 5091 5683 5639 5522 5605 5703 5446 5637 5057 5803 5715 5457 5550 5374 5268 5530 5341 5813 5114 5698 5775 5787 5469 5354 5125 4971 5863 5748 5340 5530 5085 5320 5006 5510 5201 5580 4861 5737 5716 5305 5060 5430 5872 5557 5456 5256 5075 4834 5252 5351 4979 5514 5784 5377 5476 5518 5478 5404 5401 5481 5612 5281 4847 5793 4921 5521 5478 5304 5158 5515 5464 5327 5022 5250 5758 5364 5568 4973 6138 5689 5494 5321 5189 5780 5343 5125 5126 5468 5528 
5703 5691 5864 5533 5829 6049 5936 5780 5991 6181 5774 5846 5395 5879 5724 5485 5902 5785 5978 6159 5860 5753 5573 5245 6121 5787 5929 5796 5492 6089 6039 6271 5733 5714 6388 5264 5812 5644 5500 5329 5918 5547 6418 5840 5963 5534 6119 5632 5893 5936 5575 6122 5948 5547 6057 6610 6070 6376 5165 6248 5626 6082 5840 5689 5700 5999 5548 5754 6161 5463 5544 5762 6204 5677 5778 5358 5295 6238 5848 5969 6246 5903 5779 6049 5747 6196 5634 5534 5662 5676 5491 5808 5560 6221 5677 6283 5501 6217 5596 5720 5873 6148 6108 6199 5927 6220 5556 5738 6081 5466 6263 6017 5037 5743 6032 5552 5563 6072 6086 5834 5703 5773 5826 5542 6235 5927 5496 5594 5867 5608 5796 5527 5650 5355 5438 5620 5637 5490 6107 5706 6227 6229 5798 5273 6139 6144 6031 5864 5798 6291 6259 5758 5570 5705 6611 6192 5794 5680 5616 5515 5539 5483 5876 5845 6048 5894 5832 5216 5930 6039 6040 5620 5948 5720 5687 5337 6408 6546 5527 6091 5560 5976 5884 5886 6142 5292 5851 6205 6060 5778 6009 5378 5679 5978 6328 5620 5855 5392 6019 5690 5920 5334 5949 5479 5613 6040 5275 5733 5734 6458 5746 5912 5460 5389 5070 6094 6018 5833 5873 6060 5607 5531 5697 6020 5772 5974 5820 6164 5661 5457 6200 5252 5831 5775 5553 5423 5957 5584 5634 5399 5648 5692 5910 5708 5415 6580 5946 5822 5593 5558 6194 5821 5715 5689 6018 5752 
5429 5256 5413 5472 5635 5741 5709 5683 5644 5737 5608 5739 5076 5674 5786 5231 5786 5605 5573 5870 5334 5458 5545 5372 5810 5255 5470 5682 5349 6006 5968 5698 5876 5665 6194 5132 5395 5370 5476 5299 5562 5547 6211 5661 5811 5534 5731 5406 5648 5905 5361 5996 5765 5435 5483 6187 5811 6187 5175 5696 5616 5777 5599 5271 5531 5576 5332 5688 6291 5279 5418 5520 5616 5663 5336 5346 5341 5974 6016 5650 6131 5868 5777 5951 5129 6150 5391 5423 5534 5513 5496 5745 5358 5876 5582 5778 5296 6136 5556 5893 5809 5782 5877 5662 5743 6230 5595 5304 6025 5432 5816 5359 4854 5911 5865 5572 5470 5648 6013 5632 5099 5933 5619 5575 5949 5726 5151 5563 5975 5267 5204 5567 5324 5390 5479 5588 5387 5410 5693 5500 5869 5801 5774 5239 5976 5775 5718 5494 5929 5793 5722 5683 5689 5442 6268 6005 5552 5761 5470 5446 5454 5375 5598 5547 5879 5379 5447 5187 5784 5944 5953 5940 5884 5301 5642 5490 6219 6181 5630 5770 5391 5672 5690 5490 5691 5235 5699 5915 5762 5600 5800 5205 5431 5636 5888 5456 5705 5183 5905 5458 5752 5349 5867 5082 5462 5608 5209 5374 5717 6371 5290 5725 5389 5196 5195 5647 5860 5706 5680 5949 5387 5522 5530 5910 5490 5750 5588 5858 5450 5380 6250 5304 5872 5367 5484 5461 5692 5440 5473 5169 5411 5505 5474 5491 5362 6327 5607 5436 5331 5312 6078 5677 5285 5613 5759 5410 
5320 5255 5464 5373 5271 5480 5818 5538 5467 5619 5251 5348 4891 5793 5320 5176 5486 5378 5488 5309 5198 5225 5322 5292 5520 5261 5084 5247 5382 5928 5585 5445 5286 5481 5813 5206 5315 5439 5186 4937 5390 5363 6031 5529 5542 5428 5654 5257 5620 5570 5098 5869 5215 5369 5301 5909 5307 5788 5224 5424 5512 5543 5411 5397 5404 5064 5476 5590 5663 5120 5424 5381 5630 5336 5358 5306 5246 5614 5528 5751 5738 5189 5452 5400 5242 5733 5235 5200 5181 5364 5032 5728 5294 5816 5233 5529 5218 5592 5248 5322 5684 5736 5750 5785 5671 5666 5332 4944 5605 5476 5892 5505 4314 5405 5599 5137 5120 5610 5652 5360 5210 5553 5295 5015 5702 5489 4904 5625 5469 5116 5133 5461 5512 5041 5276 5230 5121 5344 5705 5493 5605 5719 5767 5141 5649 5543 5648 5330 5486 5613 5397 5299 5278 5514 6127 5910 5039 5635 5168 5186 5173 5117 5042 5367 5576 5397 5235 5051 5505 5736 5749 5416 5659 5299 5479 5432 5807 5746 5366 5627 5425 5470 5447 5125 5935 5005 5295 5758 5575 5338 5438 5073 5054 5575 5651 5620 5385 5186 5568 5016 5536 5364 5548 4905 5590 5648 5245 5072 5441 5918 5483 5418 5188 4982 5036 5476 5487 5110 5430 5849 5182 5582 5521 5257 5499 5495 5049 5644 5257 4771 5570 4891 5642 5196 5161 5215 5715 5499 5351 5010 5739 5318 5247 5243 5172 6135 5378 5379 5098 5426 5728 5580 5224 5255 5521 5173 
5585 4898 5375 5035 5237 5629 5525 5813 5635 5481 5427 5213 5057 5718 5426 5244 5536 5551 5505 5519 5143 5388 5276 5492 5660 5252 5616 5352 5074 5635 5621 5665 5484 5604 5816 5261 5414 5360 5541 5134 5374 5040 6050 5521 5565 5321 5396 5290 5400 5563 5140 5665 5538 5460 5417 6048 5571 5847 5108 5218 5374 5489 5619 5484 5435 5490 5287 5585 5914 5059 5509 5433 5721 5501 5397 5376 5197 5669 5487 5599 5904 5239 5720 5454 5157 5622 5307 5296 5345 5357 5415 5573 5261 5693 5084 5556 5154 5659 5170 5443 5553 5498 6006 5712 5492 5718 5430 5283 5783 5301 5859 5681 4773 5502 5477 5270 4719 5715 5675 5328 5122 5630 5440 5298 5755 5129 5208 5398 5555 5095 5006 5222 5143 5297 5291 5316 5163 5096 5504 5552 5575 5767 5523 4936 5717 5566 5641 5414 5699 5517 5655 5221 5539 5032 6151 5842 5465 5615 5332 5157 5411 5492 5265 5442 5323 5236 5266 4965 5353 5589 5617 5357 5762 5541 5529 5217 5886 5760 5424 5842 5331 5519 5559 5525 5674 5137 5648 5565 5657 5240 5273 5251 5365 5605 5839 5386 5417 5271 5563 5244 5608 5250 5628 5327 5475 5643 5168 5028 5700 5854 5469 5690 5287 4905 4949 5433 5492 5519 5224 5474 5408 5183 5554 5738 5330 5697 5431 5672 5585 5103 5785 5006 5579 5240 5289 5109 5473 5270 5500 5402 5356 5489 5414 5420 4857 6051 5433 5240 5293 5065 5723 5395 5377 5518 5719 5429 
5434 5169 5035 5189 5380 5642 5547 5273 5709 5571 5499 5176 5194 5307 5467 5080 5456 5402 5663 5403 5267 5289 5271 5001 5514 5375 5419 5315 5246 5536 5366 5551 5387 5475 5961 4961 5536 5149 5379 4906 5281 5075 5814 5454 5459 5336 5713 5587 5350 5692 5473 5809 5572 5366 5679 5943 5618 5810 5012 5430 5152 5334 5433 5157 5325 5693 5258 5572 5559 5133 5187 5233 5629 5186 5538 4990 5158 5360 5459 5431 5686 5380 5226 5598 5257 5611 5296 5234 5147 5290 5166 5593 5128 5581 5126 5619 5363 5858 5241 5379 5559 5486 5586 5597 5279 5690 4979 5255 5563 5536 5668 5336 4643 5416 5628 5123 5217 5781 5873 5453 5100 5375 5365 5171 5730 5140 4806 5348 5353 4870 5013 5116 4991 5092 5294 5218 5065 5257 5322 5168 5707 5693 5581 5293 5234 5692 5400 5253 5543 5408 5595 5073 5411 5349 5884 5709 5225 5451 5266 5353 5165 5075 5359 5160 5181 5175 5371 5178 5468 5686 5624 5579 5824 5232 5347 5137 5967 5847 5387 5812 5035 5383 5468 5289 5562 4950 5752 5706 5590 5240 5419 5079 5182 5331 5743 5306 5482 4905 5432 5101 5659 5300 5698 4981 5392 5657 5271 5214 5422 5856 5484 5423 5053 5042 4729 5683 5488 5510 5345 5525 5000 5194 5404 5792 5153 5425 5313 5734 5119 5013 5738 4928 5546 5221 5226 5194 5417 5396 5266 5038 5295 5534 5430 5397 5118 5975 5433 5302 5075 5314 5709 5415 5376 5416 5419 5421 
4850 5066 5008 5128 5252 5329 5208 5254 5219 5302 4851 5160 4645 5298 5000 4732 5138 5036 5220 5302 5156 4890 4933 4797 5076 4944 4937 5102 5067 5204 5271 5036 5168 5258 5366 4802 4946 4935 4734 4590 5068 5163 5697 5020 5202 5019 5208 5094 5237 5320 4947 5519 4991 5091 5155 5555 5251 5688 5003 5145 4953 5487 5024 4778 5162 5047 5192 5211 5534 4943 4880 5394 5353 5099 5193 4936 4684 5202 5138 5209 5572 5073 5137 5319 4607 5408 5004 4965 4899 4800 4841 5492 4873 5087 5088 5354 4927 5320 5116 4779 5228 5347 5258 5330 5168 5494 5005 4688 5306 4962 5620 5231 4445 5130 5252 4855 4769 5249 5281 5137 4857 5437 5128 4899 5337 5093 4691 4735 5374 4609 4781 5064 4983 4940 5054 4697 4684 5031 5190 5157 5027 5263 5226 4758 5335 5219 5405 4968 5014 5475 5285 4774 5198 5084 5353 5426 4835 5119 5228 4744 4815 4862 4818 5003 5225 5100 5012 4850 5093 5410 5337 5330 5175 4868 5238 4957 5490 5514 5111 5358 5064 4928 5309 5116 5241 4827 5319 5286 5208 5175 5294 4863 5156 5200 5219 4995 5338 4817 5178 4681 5230 5130 5153 4724 5295 5466 4891 4868 5258 5656 4785 5005 5235 4668 4422 5005 5081 4891 4957 5496 5126 5011 4981 5187 5331 5299 5148 5439 4808 4746 5321 4799 5338 5069 4847 4841 5246 5240 5137 4850 5190 5047 5132 5127 4743 5550 5013 4794 4936 4972 5323 4978 4902 4970 5004 5057 
4972 5093 5042 4874 5188 5222 5274 5369 5321 5315 5129 5096 4514 5198 5060 4639 5344 5177 5254 5490 4927 5063 5102 4923 5073 5091 5341 5204 4858 5601 5213 5386 4932 5309 5518 4637 5006 5093 5002 4960 5278 4946 5564 5133 5309 5053 5475 5110 5145 5383 5051 5589 5172 5073 5035 5581 5201 5547 4750 5028 5018 5189 5271 4955 5051 5309 5255 5169 5374 5153 4820 5123 5231 5131 5068 4739 4897 5409 5103 5327 5674 5141 5221 5395 4907 5696 5248 4864 4914 5091 5138 5162 4914 5309 4983 5261 5113 5465 4802 4940 5262 5022 5394 5230 5382 5376 4945 4941 5376 5307 5645 5374 4421 5278 5512 4741 4681 5127 5556 5128 4598 5180 5166 4888 5559 5245 4902 5231 5183 4964 5192 4738 4769 4746 5029 4927 4782 5043 5047 5115 5534 5680 5123 4951 5269 5426 5046 4893 5008 5213 5457 4902 5373 5130 5630 5323 5000 5068 5189 5052 4994 4751 5078 5252 5563 4952 5123 4963 5273 5453 5291 5092 5086 5273 5274 4926 5604 5538 5049 5184 4834 5048 5431 5244 5427 4934 5558 5545 5360 5230 5150 4870 4939 5191 5420 4855 5512 4922 5527 4672 5169 5042 5434 4931 4783 5505 4730 5021 5215 5733 5220 5313 5075 4884 4899 4939 5276 4971 5120 5425 5256 4943 5316 5433 5253 5400 5107 5550 5141 5303 5680 4887 5214 5087 4897 4830 5375 5159 4911 4867 5073 5069 5309 5110 5000 5968 5226 5408 4831 5011 5397 4951 5041 4986 5098 5429 
5137 4837 4955 4915 5200 5275 5342 5647 5232 5439 5211 5107 4686 5216 5405 4782 5319 5170 5204 5374 4771 5193 4941 5166 5145 4870 5243 5274 5015 5392 5248 5153 5175 5314 5553 4906 5103 5313 5224 4935 5109 4888 5669 5207 5171 5175 5420 4799 5181 5391 4889 5561 5294 5058 5067 5654 5395 5591 4874 5234 5089 5190 5364 5029 5364 5227 5043 5214 5316 4926 5087 5161 5179 5168 5286 5050 4830 5410 5238 5335 5686 4977 5370 5585 4826 5598 5269 4768 4769 4809 4950 5297 5055 5375 5071 5604 5251 5587 5206 5163 5187 5316 5520 5195 5119 5526 5195 5036 5410 5441 5647 5385 4660 5244 5152 4901 5042 5193 5505 5291 5050 5415 5201 5088 5321 5193 4632 4942 5399 5020 4610 5197 5034 4975 5331 4993 4833 4855 5277 5109 5399 5511 5334 4740 5285 5316 5211 5088 5160 5334 5238 4944 5274 5133 5391 5422 4918 5205 5335 5006 5042 5039 5013 5196 5303 5080 5137 4850 5394 5353 5246 5130 5321 4998 5374 4984 5621 5558 5012 5435 5101 4889 5306 5008 5436 4877 5332 5334 5601 5129 5217 4987 4914 5596 5510 5240 5321 4907 5424 4777 5122 4823 5347 4849 4965 5415 4755 4819 5417 5653 5296 5176 5010 4560 4414 5391 5256 5112 4856 5363 5135 5119 5306 5386 5414 5269 5258 5376 4961 4929 5533 4820 5264 5350 5046 5047 5150 4999 4918 5054 4973 5219 5119 5061 4783 5796 5209 4857 4834 4764 5450 4879 4891 5157 5249 5069 
5029 4678 5091 4636 5081 4882 4955 5059 5133 5191 5061 4762 4245 5372 4876 4648 5085 4832 4842 5056 4553 4649 4770 4771 4638 4552 4965 4767 4713 5158 5145 5136 4940 5149 5317 4322 5233 5098 4950 4686 4893 4734 5427 4926 5139 5040 5036 4328 4797 5064 4732 5152 4980 4958 4926 5332 4958 5572 4650 5026 4756 5001 5185 4718 4934 5059 5107 4908 5391 4917 4784 5102 5196 4862 4777 4926 4693 5278 4928 5093 5500 5072 4996 5107 4692 5295 4951 4950 4492 4965 4505 5121 4877 5069 4784 5039 4697 5046 4722 4845 4750 5188 5315 4998 5061 5095 4754 4880 4976 5024 5352 4895 4115 5036 5310 4812 4529 5212 5397 4875 4552 5192 4961 4525 5256 5112 4635 5035 4963 4955 4775 4843 4815 4600 4947 4729 4531 4869 4993 5152 5271 5296 4762 4782 5331 5094 5014 4710 5074 5164 4959 4733 5274 5042 5584 5360 4699 4964 4801 5176 4849 4685 4826 4984 5165 5019 4756 4668 4888 5095 5204 4983 4966 5079 4904 4684 5296 5250 4571 5070 4652 5026 5224 4852 5378 4602 5333 5252 5341 5077 4759 4885 4663 5214 5311 4790 4905 4797 5119 4651 4845 4825 5236 4510 4976 4880 5020 4723 5091 5414 4930 5241 5252 4507 4330 4914 5045 4817 4795 4844 4889 5178 5088 5361 4840 4960 4793 5017 4866 4540 5491 4524 5080 5150 4701 4841 5076 5045 4803 4591 5020 4800 4809 5084 4487 5460 5034 4708 4710 4578 5204 4770 4776 4692 4937 4995 
4947 4951 5085 4787 5432 5278 5227 5304 5095 5277 4893 5278 4763 5472 4932 4602 5035 5131 5073 5228 5179 5034 4895 4545 5114 4860 5505 4938 5054 5377 5226 5376 5035 5385 5832 4574 5234 5025 4851 4942 5014 4643 5615 5406 5276 4900 5141 5124 5203 5324 4936 5322 5111 4918 5159 5768 5109 5591 4819 5020 5096 5181 5028 5238 4786 5213 4799 5066 5212 4891 4990 5251 5428 5094 5180 4884 4918 5198 5086 5237 5525 5058 5097 5236 4920 5509 5143 4788 4940 5050 5081 5227 5006 5418 5196 5239 5123 5574 5099 4948 5217 5111 5399 5490 5139 5377 4840 4975 5324 5136 5347 5170 4285 5206 5345 4772 4760 5327 5232 5149 4955 5160 5055 4938 5557 5125 4671 5032 5272 4898 4796 4937 4864 4904 5033 4735 4852 5094 5251 5259 5339 5312 5141 4879 5460 5213 5483 5119 5232 5485 5085 4985 5179 5213 5678 5373 4771 5059 5420 4961 5080 4634 5067 4922 5118 5096 4955 4930 5232 5382 5496 4829 5340 4977 5317 4887 5451 5440 5169 5264 4718 4968 5101 5228 5330 4787 5435 5391 5312 4946 5093 4968 4856 5370 5326 4835 5273 4606 5278 4761 5225 4963 5428 4643 5045 5308 4923 5124 5143 5531 4919 5091 4799 4681 4607 5243 5225 5002 5095 5147 4805 4992 5192 5377 5052 5175 4915 5304 5102 4501 5483 4515 4950 5266 4938 4615 5322 5126 5084 4982 5120 4987 5063 5097 4812 5631 5283 5237 5113 5062 5240 5065 4888 4925 5319 4991 
5321 4791 5025 4810 5248 5038 5142 5267 5147 5410 4861 4961 4769 5424 4899 4374 5155 5058 5138 5057 4904 5082 5016 4890 5013 4948 4984 5321 4954 5329 5328 4971 4889 5303 5644 4713 4968 4962 5219 4748 5250 5177 5526 5244 5113 5056 5172 5150 5045 5332 5011 5406 4930 4997 5010 5654 5268 5560 4815 4980 4964 4857 5278 5074 4985 5010 4838 5084 5319 4805 4772 5080 5155 5112 4989 4832 4999 5069 5145 5121 5570 4948 5100 5092 5008 5585 4940 4745 4931 5007 4944 5053 4764 5041 4855 5079 5081 5419 4855 5072 5070 4998 5674 5316 5158 5516 4960 4725 5186 5108 5465 5122 4250 4835 5109 4923 4782 5504 5435 5163 4613 5358 5097 5009 5443 4979 4526 4927 4945 4865 4783 5194 5101 4643 5070 4691 4976 4747 5084 4974 5100 5354 4918 5190 5169 5253 5054 4703 5166 5203 4955 4853 5143 4928 5443 5062 5041 5362 5125 4979 4791 4619 5358 4882 5249 4796 4947 5072 5208 5249 5194 5072 5486 4863 5072 4933 5502 5511 4966 5265 4817 5138 4977 4978 5399 4885 5217 5376 5136 4787 5296 4911 4764 5180 5498 4870 5195 4556 5266 4555 5159 4964 5288 4788 4930 5305 4734 4771 5086 5626 5105 5217 4805 4456 4724 4998 5035 4895 4850 5088 4919 4926 5030 5230 5087 5071 5276 5454 4955 4950 5443 4888 5182 5052 5069 4708 5056 5115 4805 4728 5006 5082 4872 5014 4796 5502 5231 4939 4851 4939 5444 4910 4872 5090 5271 5026 
4702 4895 5239 4911 5467 5031 5028 5121 5036 5146 4833 5028 4604 5015 5031 4540 5255 5045 5052 5303 4803 4911 4811 4747 5135 5007 5297 4956 4807 5662 4979 5329 4856 5159 5597 4454 4996 4836 4766 4863 4879 5045 5395 5184 5146 4978 5326 5024 5008 5194 4941 5347 4842 4915 5085 5613 4922 5330 5051 4924 4901 5197 4777 5028 5011 5073 4898 5081 5398 4919 4851 5144 5110 4780 4841 4911 4907 5308 5136 5256 5547 4923 5157 5389 4845 5374 5045 4808 4688 4832 4897 5028 4796 5197 4928 5055 5043 5266 4761 4976 5069 5218 5151 5112 5247 5181 4898 4798 5116 4790 5385 5087 4207 4888 5271 4792 4786 5325 5036 5048 4516 5036 4972 4702 5325 5292 4592 5002 4885 4811 4626 4968 4738 4678 5118 4909 4604 4942 5018 5043 5257 5312 4913 4726 5208 5233 5307 4823 4964 5474 5398 4685 4820 4841 5470 5341 5050 4990 5019 5056 4757 4662 4881 5276 5283 4892 4912 4518 5029 5449 5000 4905 5200 4682 4977 4802 5571 5466 4949 5151 4940 4709 5081 4927 5198 4779 5105 5487 5261 4803 4962 4837 4715 5241 5412 5102 5077 4436 5201 4519 5368 4765 4940 4523 5156 5239 4975 4959 5050 5563 4722 4971 4727 4752 4396 4994 5235 4952 4925 5264 5042 4933 5145 5203 4872 5093 4979 5284 4944 4636 5456 4432 5047 5219 4950 4563 5125 5003 4863 4758 4877 4859 5057 5106 4820 5664 5260 5053 5065 4761 5234 4950 4853 5078 5168 4757 
5090 4940 5080 4765 5212 5294 5284 5251 5049 5319 5142 5304 4354 5355 5198 4671 5297 5089 5076 5412 4814 4897 5125 5144 5062 5028 4941 5038 4635 5601 5422 5439 5100 5200 5712 4781 5108 5023 4964 4805 5351 4891 5528 5097 5344 5174 5242 4896 5267 5229 4707 5576 5024 5221 5111 5477 5320 5524 4647 5054 5001 5082 5063 4761 4798 5188 5232 5313 5279 4774 4930 5140 5381 4953 5165 4880 4659 5581 5254 5293 5563 5115 5047 5372 4925 5610 5199 4999 4838 5055 4763 5282 5122 5309 5120 5234 5086 5377 4933 4960 5028 5191 5294 5121 5352 5441 5097 4921 5634 5176 5488 5174 4174 5173 5625 4630 4785 5046 5329 5163 4944 5242 5160 4917 5394 5055 4793 5376 5228 4594 4746 5053 4959 4500 4857 4889 4886 4891 4952 5175 5389 5512 5060 5057 5285 5373 5367 4825 5227 5171 5334 4766 5138 5055 5829 5409 4948 5088 5071 5211 4793 4760 5055 5318 4963 4984 4909 4972 5192 5427 4976 4887 5117 5095 5150 4978 5582 5598 5103 5710 4716 5195 5190 4959 5298 4910 5180 5514 5460 4933 5127 4721 4842 5141 5430 4874 5408 4766 5471 4994 5311 4971 5084 4682 5035 5186 4760 5057 5017 5588 5069 5290 4841 4503 4441 5189 5180 4949 5178 5060 5241 4942 5096 5551 5028 5178 4959 5171 4807 4716 5488 4515 5276 5239 4758 4777 5355 5342 4981 4757 5202 5234 5096 5145 4683 5368 5222 5490 5235 4824 5389 5048 4989 5180 5150 4868 
4762 4802 5031 4894 5197 5210 5034 5130 4938 5310 5029 4927 4749 4999 5126 4504 5072 5031 4980 5274 4720 4862 4869 4976 4952 4733 5023 4805 4971 5052 5147 4992 5166 5196 5344 4577 4980 4975 4953 4607 4965 4808 5390 5164 4996 5145 5032 4793 5033 5184 4816 5372 5296 5071 5063 5242 4977 5455 4656 4976 4815 4978 5024 4792 4847 4963 4830 5128 5416 4732 4840 5066 5389 5006 4997 4865 4644 5107 5035 5000 5304 5196 5156 5093 4709 5466 4908 4897 4674 4954 4992 4998 4635 5270 4801 5163 4905 5431 5016 4978 5200 5259 5299 5109 5020 5217 5016 4648 5382 5133 5351 5104 4373 5161 5134 4591 4746 5304 5359 5089 4751 5120 4996 4739 5136 5088 4824 4746 5127 4922 4592 4810 4729 4545 4840 4593 4716 4741 5128 5005 5057 5188 5181 4696 5312 5054 5195 4826 5169 5176 4987 4652 5041 4865 5382 5266 4997 5320 5174 4722 5048 4888 5191 4563 4817 4872 4779 4636 5270 5285 5020 4968 5370 5152 5104 4629 5483 5470 5028 5242 4890 5015 5039 4688 5275 4565 4980 5107 5174 4820 5133 4880 4757 5277 5494 4842 5060 4622 5082 4804 5195 4839 5260 4667 4770 5229 4765 4648 5327 5174 5209 5084 5177 4587 4424 4921 4898 5051 5114 4941 4839 4821 5065 5226 4987 5262 5045 5238 4903 4815 5330 4717 5196 4945 4583 4886 4890 5070 5027 5128 4981 5072 5000 4722 4590 5474 5164 4932 4625 4577 5426 4793 4663 4896 4883 4820 
5603 5019 5189 5206 5489 5317 5365 5574 5310 5588 5240 5375 4677 5351 5356 4570 5317 5357 5530 5455 5356 4974 5098 5359 5112 5128 5570 5112 5053 5773 5589 5465 5270 5354 6097 4927 5165 5454 5246 5146 5322 5291 5761 5621 5540 5472 5342 5214 5247 5707 5229 5943 5587 5378 5381 5811 5426 5750 4876 5251 5065 5517 5449 5250 5192 5406 5223 5128 5522 5101 5199 5322 5338 5470 5509 5384 5259 5605 5384 5467 5521 5459 5571 5766 5117 5800 5555 5178 5050 5177 5259 5451 5341 5684 4976 5475 5175 5819 5276 5250 5592 5387 5968 5579 5578 5518 5080 5075 5600 5292 5624 5262 4787 5517 5751 5134 5177 5520 5742 5394 5137 5500 5486 5286 5573 5266 5123 5308 5438 5005 5149 5428 5180 4978 5466 5057 5267 5189 5321 5590 5343 5811 5539 5440 5499 5675 5687 5412 5743 5524 5404 5033 5478 5105 5784 5891 5465 5498 5174 5307 5194 5306 5404 5006 5435 5348 5090 5376 5385 5735 5402 5317 5699 5319 5580 5291 5937 5617 5353 5472 5460 5495 5589 5280 5895 5113 5443 5870 5753 5144 5600 5267 5218 5535 5543 5038 5532 4735 5636 5170 5589 5518 5465 5050 5256 5983 4967 5322 5314 5741 5709 5453 5474 4761 4972 5511 5550 5333 5245 5493 5380 5170 5436 5886 5529 5267 5336 5681 5061 5163 5554 5087 5221 5701 5393 5013 5651 5179 5176 5178 5345 5297 5464 5225 5050 5992 5533 5421 4987 5142 5559 5114 5288 5301 5479 5175 
5251 5177 5291 5020 5367 5341 5501 5658 5566 5469 5467 5202 4877 5578 5305 5177 5395 5540 5360 5655 5106 5132 5372 4895 5299 5192 5393 5156 4917 5793 5544 5187 5176 5535 5946 4960 5209 5300 5157 5028 5306 4909 5773 5306 5244 4955 5195 5030 5490 5695 4968 5771 5370 5249 5306 5787 5732 5783 4836 5452 5060 5515 5400 5241 5442 5428 5181 5122 5618 5116 5168 5329 5497 5382 5141 5128 5182 5328 5340 5365 5922 5254 5526 5624 4993 5611 5321 4962 5163 5062 5041 5167 5043 5572 5185 5522 5205 5836 5308 5207 5264 5291 5723 5730 5657 5562 5257 5175 5788 5200 5714 5467 4618 5318 5522 5067 5135 5328 5639 5386 5142 5551 5290 5329 5493 5104 5125 5278 5430 4915 4874 5030 4887 4993 5213 5085 5243 5298 5600 5513 5625 5908 5187 4611 5444 5596 5547 4979 5504 5510 5563 5131 5414 5542 5830 5576 5006 5318 5651 5356 5225 4828 5240 5633 5357 5430 5431 5151 5568 5244 5390 5286 5549 5303 5244 5084 5880 5650 5241 5483 5165 5276 5474 5286 5633 4920 5606 5666 5432 5085 5446 5076 5219 5695 5630 5161 5325 5107 5387 4835 5168 5042 5620 4766 5224 5439 5105 5201 5123 5663 5373 5259 5321 4776 4897 5489 5436 5040 5196 5168 5207 5189 5443 5702 5180 5355 5332 5798 5128 4917 5790 4834 5429 5457 5168 5249 5658 5361 5069 5096 5418 5373 5295 5303 4909 6197 5485 5404 5212 5000 5509 5190 5222 5231 5595 5470 
4951 5067 5105 4974 5239 5229 5041 5271 5213 5374 5138 5149 4646 5545 5122 5151 5304 5189 5363 5093 4816 5150 4999 5111 5149 4912 5275 5074 4928 5440 5112 5390 5187 5197 5450 4962 5208 5073 5154 4706 4968 4744 5610 5449 4940 5186 5386 5013 5209 5249 4959 5596 5170 5274 5183 5683 5475 5864 4670 5178 5231 5398 5234 5013 4893 5416 5090 5238 5732 5124 5041 5466 5288 5026 5427 5041 5162 5067 5174 5532 5765 5209 5314 5386 4935 5444 5254 5090 5231 5084 4966 5453 4956 5394 4769 5186 4921 5584 5079 5295 5180 5349 5527 5569 5402 5419 5050 5058 5185 5413 5534 5429 4662 5530 5386 4753 4851 5417 5510 5169 4851 5538 5086 5020 5357 4963 4836 5139 5102 4866 4986 5048 4855 4982 4999 4879 5217 5002 5712 5169 5136 5462 5118 5070 5346 5445 5319 5353 5401 5328 5358 4999 5059 5335 5682 5598 5095 5286 5216 5096 5127 4892 4886 5263 5351 4901 5155 4971 5032 5232 5440 5020 5404 5248 5504 4993 5430 5491 5322 5279 5000 5068 5323 5237 5363 4998 5109 5620 5258 5151 5339 4756 5004 5441 5128 5050 5561 4889 5075 5035 5154 5342 5388 4810 5099 5527 4813 5160 5305 5764 5128 4986 5084 4637 4587 5254 5489 5083 4966 5318 4938 5077 5164 5440 5002 5442 5075 5439 5206 4804 5574 4658 5330 5123 5058 4838 5506 5232 5080 5059 5352 5364 5096 5289 4774 5802 5239 5481 4763 4920 5626 5225 5006 4965 5330 5280 
4809 5055 5259 5057 5427 5595 5389 5390 5392 5555 5308 5247 4616 5381 5441 4880 5272 5349 5339 5452 4993 4982 5068 5275 5264 5184 4945 4976 5125 5617 5369 5729 4988 5470 5667 4763 5280 5251 5210 5036 5324 4896 5697 5540 5177 5361 5597 5150 4968 5157 5136 5882 5265 5266 5173 5712 5541 5842 5017 5256 4838 5396 5257 5287 5222 5274 5417 5268 5804 4998 5049 5315 5360 5142 4980 5338 5129 5542 5378 5161 5590 5302 5504 5351 4970 5801 5392 5040 4971 5143 4690 5421 5031 5365 5085 5443 5118 5331 4795 5160 5149 5519 5591 5228 5726 5218 5257 5026 5462 5349 5537 5378 4556 5310 5639 4835 5091 5429 5268 5419 5084 5234 5314 5313 5559 5398 5093 5115 5058 5013 5449 4870 4768 5052 5407 4961 5021 5166 5555 5433 5269 5799 5387 4835 5747 5689 5382 5172 5337 5504 5544 5017 5351 5096 5653 5725 5063 5397 5265 5300 5229 5266 5400 5152 5459 5317 5070 4539 5492 5300 5437 5212 5487 5405 5556 4889 5822 5790 5054 5677 5286 5051 5596 5331 5356 4899 5592 5646 5538 5271 5273 5321 5021 5561 5728 5283 5155 4839 5331 5153 5349 5363 5351 4933 5174 5654 5117 5122 5527 5826 5113 5382 5245 4686 4854 5262 5363 5046 5428 5437 5267 5212 5457 5634 5114 5413 5006 5491 5237 4898 5661 4989 5572 5147 5010 5066 5231 5238 4972 5210 5040 5255 5213 5321 4913 6161 5277 5530 5006 4849 5561 5286 5032 5150 5186 5359 
5379 5154 5354 5374 5681 5725 5723 5612 5553 5780 5385 5427 4905 5807 5713 5262 5870 5630 5630 5479 5410 5612 5521 5236 5524 5236 5553 5181 5416 6040 5589 5653 5428 5432 6081 5082 5349 5271 5598 4956 5252 5319 5867 5678 5314 5351 5690 5308 5323 5799 5192 5871 5706 5345 5609 6120 5565 5962 5314 5259 5501 5845 5413 5604 5373 5777 5359 5657 5835 5382 5247 5658 5597 5385 5473 5440 5210 5673 5384 5412 5848 5476 5648 5739 5167 5877 5629 5494 5277 5544 5324 5521 5379 5662 5219 5774 5397 6068 5254 5443 5568 5720 5781 5688 5521 5778 5153 5126 5689 5705 5987 5696 4532 5370 5558 5236 5329 5499 5704 5541 5145 5609 5525 5234 5604 5344 5239 5450 5360 5167 5091 5590 5369 5094 5427 5267 5202 5348 5446 5373 5757 5946 5215 5113 5500 5835 5668 5651 5653 5640 5673 5330 5677 5643 6124 5904 5260 5446 5168 5424 5138 5162 5410 5491 5634 5508 5192 5143 5604 5608 5738 5474 5718 5237 5736 5284 6061 5986 5397 5875 5285 5412 5711 5251 5822 5295 5606 5830 5843 5296 5233 5161 5383 5596 5795 5448 5403 5297 5729 5115 5870 5238 5615 4816 5470 5582 5267 5376 5511 5843 5377 5801 5326 5092 5309 5615 5475 5529 5290 5544 5468 5337 5621 5646 5546 5675 5490 5723 5498 4983 5767 5012 5648 5607 5374 5242 5588 5229 5429 5409 5460 5393 5418 5761 5213 5998 5699 5495 5489 5206 5815 5384 5313 5273 5491 5510 
5095 4932 5183 4931 5130 5004 5094 5213 5190 5020 5176 5039 4549 5302 5011 4836 4751 5060 5256 5400 4743 4862 5065 5064 5353 4980 4914 5244 4826 5320 5077 5114 5037 5106 5364 4925 4918 4732 5103 4585 4979 4927 5664 4885 4899 5282 5192 4873 4996 5169 5013 5298 5101 4945 5050 5603 5072 5406 4825 4975 4983 4996 5065 4901 5178 5345 4872 5024 5296 4781 4874 5056 5168 5127 4595 4688 4569 5261 4946 5148 5401 5028 5339 5215 4817 5439 4909 5031 4643 4927 4845 5165 4765 5087 5048 5201 4721 5121 4825 5094 5311 5446 5421 5131 4913 5569 5099 4817 5261 5075 5306 5071 4372 4918 5048 5093 5036 5163 5378 5112 4534 5228 4975 5059 5244 4961 4623 5029 4995 4629 4396 4876 5054 4711 4929 4782 4814 5012 4931 5039 5176 5223 5201 4768 5169 4979 5417 5084 5251 5321 5155 4827 5169 4958 5725 5239 4972 5040 5102 4903 4785 4766 5190 4900 5274 4969 4914 4673 5068 5277 5359 5128 5073 4935 4960 4895 5635 5748 5035 5404 5091 5003 5008 5069 5416 4827 5120 5656 5405 4988 5289 4907 4766 5213 5525 5084 5256 4813 5407 4566 5236 5132 5254 4855 5109 5570 4856 4829 5287 5560 5015 5386 4893 4672 4588 4848 4924 4877 4675 5362 5008 5159 5053 5110 5082 5364 5193 5145 4904 4598 5433 4744 5023 5143 4773 4849 5439 5054 5107 4817 5020 5054 5012 4934 4897 5706 5420 5173 4870 4902 5389 4671 4823 5120 5000 5273 
5554 5331 5686 5533 5764 5857 6042 5969 5786 5928 5289 5533 5130 5786 5773 5515 5810 5886 5915 5898 5436 5529 5749 5471 5663 5309 5821 5687 5485 5946 5817 5801 5651 5865 6022 5041 5685 5360 5504 5211 5662 5518 5959 5677 5667 5573 5726 5479 5599 5871 5647 6070 6070 5825 5733 6084 5891 6195 5271 5920 5335 5765 5622 5480 5587 5665 5314 5692 6050 5334 5348 5726 5866 5460 5392 5611 5307 5822 5819 5735 6243 5646 5675 6022 5502 5802 5373 5629 5184 5444 5361 5830 5377 5881 5525 5769 5684 5874 5629 5441 5831 5964 5706 5785 5893 6002 5363 5483 5891 5623 6106 5792 4618 5726 5978 5352 5422 6167 5961 5632 5444 5895 5587 5446 5884 5760 5148 5752 5745 5241 5221 5591 5477 5213 5616 5405 5358 5605 5593 5623 5894 6095 5753 5444 5672 5683 6044 5567 5679 6031 5898 5386 5614 5427 6254 5998 5522 5759 5426 5432 5537 5270 5620 5452 5915 5640 5773 5491 6063 5985 5638 5760 6040 5570 5740 5321 5971 6053 5728 6182 5604 5698 5741 5664 5782 5303 5663 5870 5963 5637 5886 5531 5281 6098 5915 5731 5835 5310 5780 5056 5710 5444 5908 5287 5721 5948 5520 5501 5906 6326 5491 5775 5657 5277 5357 5716 5769 5541 5556 5793 5597 5537 5518 5760 5550 5877 5730 6024 5524 5324 6118 5081 5802 5727 5335 5375 5907 5698 5595 5534 5640 5711 5687 5589 5477 6319 5950 5594 5592 5393 6208 5370 5528 5527 5825 5645 
4688 4746 5186 5026 5295 5208 4882 5283 5151 5256 4964 5014 4504 5064 5048 4395 4957 4935 5202 5604 4937 4314 4912 4740 4987 4878 5102 5017 4605 5255 5235 5034 5036 5325 5512 4343 4794 4810 4921 4692 4794 5004 5561 5022 5092 4669 5234 4924 4839 4868 4862 5361 5290 4867 4942 5626 5104 5412 4712 4739 4858 5223 5080 4917 4889 5040 4749 5080 5245 4846 4847 4774 5189 4779 4794 4718 4536 4966 5140 5240 5472 4981 5072 5252 4579 5025 5022 4720 4674 4477 4959 5297 4756 5388 4913 5124 4615 5202 4779 4930 5293 5076 5257 5297 5173 5396 5051 4722 5348 4728 5507 4996 4242 5112 5389 4658 4729 5120 5169 4964 4777 5084 5012 4930 5518 4673 4585 4915 5151 4891 4581 4826 4833 4590 4921 4748 4615 4891 4916 5049 5111 5171 4863 4924 5075 4872 5238 4874 5098 5141 5075 4689 5097 5088 5833 5183 4776 4877 4706 5028 4809 4714 4952 4829 4911 4866 4850 4723 4897 5152 5277 5009 5087 4868 4849 4668 5478 5340 4855 5174 5067 4722 4904 5137 5312 4508 5081 5205 4936 4912 5099 4925 4662 5263 5415 4943 5082 4455 5229 4649 5095 5037 5121 4731 4935 5143 4896 4938 5044 5310 4742 5061 4995 4688 4570 4641 5226 4925 4752 4992 4857 5017 5023 5080 4879 4930 4914 5237 4715 4685 5211 4679 5080 5000 4897 4727 5248 4727 4775 4947 4824 5105 4822 4859 4731 5528 5557 5060 4968 4690 5270 4695 4573 4968 4972 4773 
5282 4778 5260 5155 5534 5251 5239 5389 5404 5519 5258 5187 4741 5460 5288 4724 4935 5234 5384 5332 4911 4933 4953 4974 4962 5036 5043 4940 4784 5400 5501 5205 5153 5179 5578 4656 5374 5178 5256 4932 5381 5055 5357 5201 4881 5243 5346 4750 5274 5350 5001 5764 5079 5140 5281 5556 5356 5813 4639 5096 5096 5268 5188 5356 4670 5296 5257 5350 5437 5105 5150 5182 5101 5229 5175 4981 4756 5561 5274 5230 5461 5079 5376 5423 4999 5490 5027 4922 4790 5005 5172 5383 4859 5588 5020 5144 4753 5351 5181 5172 5342 5086 5278 5372 5365 5625 5014 4812 5307 5169 5465 5214 4430 5265 5367 4792 5070 5434 5326 5140 4898 5235 5139 4900 5653 5182 4621 5264 5326 4914 4956 5055 5092 4603 5057 5020 4924 5013 5285 5248 5374 5528 5075 5001 5395 5405 5439 5012 5327 5279 5533 5195 5354 5027 5488 5602 5108 5297 5086 5327 4869 5217 5200 5206 5115 4913 5068 4824 4978 5309 5394 4884 5416 5214 5148 4778 5338 5293 5132 5324 5230 5094 5059 4995 5249 4794 5095 5518 5447 5353 5321 5001 4826 5478 5272 4973 5487 4731 5105 4884 5341 5002 5283 4741 5118 5104 4979 5050 5480 5280 5022 5078 5014 4825 4809 5247 5301 4858 5460 5426 5150 5309 5207 5508 4978 5243 5094 5214 4828 4628 5609 4762 5493 5242 4976 5022 5480 5082 5272 4796 5230 5049 5209 4965 4987 5622 5335 5114 5141 5107 5219 5090 4971 5089 5366 5149 
4876 5297 5312 5068 5370 5068 5324 5377 5311 5438 5010 5161 4773 5308 5385 4752 5278 5048 5409 5546 4930 5095 5249 4931 5108 5266 5243 5000 4994 5435 5368 5464 5121 5220 5885 4769 5162 5179 5092 4863 5124 4939 5520 5318 5060 5301 5483 4886 5118 5545 4933 5417 5340 5326 5381 5572 5299 5432 4945 5197 5003 5371 5182 5243 5086 5306 5011 5204 5517 5115 4853 5059 5479 5104 5380 5167 5059 5363 5083 5279 5626 5010 5201 5543 5035 5530 5204 5063 4730 4826 5150 5220 5036 5504 5174 5511 5092 5407 5061 5082 5221 5504 5459 5580 5580 5407 4937 5113 5444 5254 5591 5332 4563 5263 5306 4816 5205 5343 5528 5345 4890 5499 5205 5202 5251 5038 4924 5122 5172 4887 4767 5105 5194 5114 4944 4812 5200 4994 5331 5561 5381 5706 5177 4944 5244 5480 5357 5049 5214 5594 5498 4924 5245 5209 5513 5674 5497 5279 5426 5079 4988 5045 5088 4831 5382 5214 5194 5007 5416 5343 5229 5144 5441 5433 5302 5043 5790 5570 5282 5296 5160 4899 5251 5113 5550 5019 5139 5640 5620 4981 5120 4931 5017 5555 5707 5199 5214 4845 5292 4873 5422 5066 5435 4724 5263 5670 5095 4968 5298 5577 5092 5189 4944 4592 4698 5367 5221 5146 5227 5559 5105 5396 5090 5401 5232 5380 5218 5452 4981 4911 6047 4710 5357 5409 4884 5028 5503 5128 4972 4992 5365 5185 5226 5157 5093 5883 5193 5178 4901 4997 5575 5216 4832 4971 5186 5101 
5323 5396 5669 5152 5696 5488 5685 5721 5481 5769 5276 5286 4716 5568 5228 4825 5235 5274 5669 5631 5338 5175 5363 4908 5381 5625 5626 5244 5029 5902 5334 5751 5361 5574 5848 4898 5313 5230 5245 5259 5381 5515 5901 5484 5399 5441 5551 5331 5333 5699 5232 5592 5626 5478 5283 5952 5585 5791 4926 5637 5137 5563 5362 5302 5150 5401 5294 5007 5670 5149 5191 5331 5320 5412 5703 5500 5217 5579 5712 5715 6158 5273 5455 5516 5285 5912 5392 5259 5026 5424 5219 5554 5021 5825 5173 5321 5067 5741 5419 5202 5462 5521 6069 5520 5655 5706 5131 5076 5565 5409 5920 5622 4902 5490 5871 5045 5210 5900 5732 5347 5161 5349 5345 5022 5735 5450 5054 5340 5407 5060 5144 5427 5024 5279 5247 5089 5219 5159 5572 5762 5763 5872 5519 5157 5658 5675 5545 5282 5546 5561 5559 5465 5678 5428 5894 5901 5314 5496 5189 5468 5216 4934 5407 5298 5268 5239 5551 4988 5439 5560 5490 5174 5528 5432 5361 5216 6040 5774 5369 5406 5395 5316 5177 5544 5647 5218 5434 5822 5526 4898 5587 5347 5166 5625 6100 5405 5621 5076 5397 5025 5675 5385 5323 4983 5557 5574 5274 5295 5825 5923 5660 5692 5244 4992 4693 5511 5240 5555 5427 5572 5346 5453 5408 5751 5365 5420 5410 5748 5348 4866 5824 4817 5750 5520 5123 5236 5735 5245 5360 5206 5456 5545 5524 5139 5096 6051 5663 5517 5126 5151 5850 5530 5254 5409 5505 5164 
4921 4638 5077 4906 5154 5323 5509 5514 5171 5582 5090 5055 4815 5279 5117 4997 5353 5181 5182 5259 4968 4972 5262 4998 5223 5020 5271 5097 4862 5532 5224 5339 5094 5308 5372 4579 5188 5109 5167 4877 4952 4934 6077 5071 5372 4935 5194 5118 4950 5433 4765 5473 5124 5073 5511 5568 5089 5723 4721 5022 5067 5320 5167 5274 5390 5052 5048 5356 5385 5062 5047 4964 5150 5023 5022 5083 4773 5361 5103 5409 5633 5078 5306 5439 4912 5396 5040 5063 4657 4956 4837 5200 5088 5341 5162 5419 4841 5683 5250 5321 5295 5205 5408 5442 5380 5398 5006 5018 5496 5327 5414 5262 4131 5195 5550 4991 4802 5315 5223 5329 4720 4985 5237 4924 5449 5177 4594 5269 5142 4688 4909 5005 4918 4664 5018 4955 4914 5051 5052 5326 5333 5815 5382 4977 5319 5210 5314 5008 5413 5298 5059 5128 4981 5289 5761 5457 4970 5428 5006 4957 5269 5112 5272 5020 5144 5152 5130 4789 5452 5160 5564 5188 5265 5026 5265 4783 5422 5562 4930 5391 5058 5336 5121 4909 5300 4967 5046 5394 5362 5007 5266 5213 5031 5727 5739 5281 5384 4846 5218 4824 5277 4940 5211 4674 5065 5475 4766 4760 5224 5529 5104 5328 5078 4532 4782 5253 5249 4905 5039 5319 5130 5334 5389 5424 4812 5295 5057 5559 4790 4674 5549 4750 5623 5168 4891 5163 5216 5214 4859 4837 5219 5286 5132 5176 4904 5616 5316 5136 4924 5001 5246 5078 5032 5213 5347 4931 
5399 5116 5285 5348 5545 5620 5504 5464 5321 5376 5369 5387 5007 5479 5276 4899 5581 5310 5595 5289 5277 5239 5324 5124 5499 5168 5601 5329 5075 5723 5494 5505 5375 5556 5814 5027 5198 5400 5323 4938 5500 5280 6174 5731 5549 5127 5833 5326 5377 5344 5005 5622 5287 5112 5431 5759 5754 5879 4959 5115 5132 5562 5496 5204 5201 5623 5283 5563 5862 5109 5275 5402 5579 5365 5392 5083 5200 5564 5328 5276 5891 5425 5561 5529 4978 5712 5283 5283 5187 5198 5354 5463 5247 5857 5206 5530 5194 5578 5600 5306 5573 5448 5782 5530 5689 5704 5425 5132 5798 5276 5697 5533 4725 5574 5606 5300 4961 5698 5412 5187 5009 5408 5403 4951 5509 5384 5088 5243 5547 4861 4873 5101 5236 5155 5301 5334 5151 5333 5292 5360 5425 5657 5440 5367 5456 5494 5665 5293 5405 5627 5448 5082 5509 5255 5860 5942 5256 5473 5293 5131 5453 5392 5114 5301 5369 5357 5247 5153 5306 5614 5725 5497 5676 5449 5483 5283 6001 5742 5279 5446 5259 5351 5575 5402 5582 5195 5743 6000 5463 5014 5196 5199 5413 5681 5731 5361 5801 5031 5490 4933 5668 5020 5700 4858 5533 5570 5173 5347 5363 5964 5242 5610 5310 4640 4910 5254 5387 5300 5158 5536 5398 5543 5465 5837 5126 5294 5361 5824 5158 5098 5882 4941 5602 5352 5133 5229 5472 5086 5284 5209 5447 5277 5527 5435 5324 5870 5452 5303 5258 4978 5764 5308 5256 5405 5545 5380 
5508 5263 5620 5306 5679 5565 5626 5636 5805 5971 5447 5347 4877 5920 5681 5091 5499 5641 5619 5689 5439 5242 5249 5354 5528 5505 5597 5480 5277 5670 5694 5662 5376 5628 5936 5067 5549 5324 5575 5184 5611 5263 5932 5729 5586 5498 5631 5252 5681 5663 5381 5764 5591 5584 5541 6041 5569 6084 4988 5593 5358 5430 5818 5503 5286 5598 5643 5471 5958 5266 5339 5636 5443 5447 5741 5324 5260 5705 5658 5665 5848 5543 5550 5786 5325 5992 5447 5244 5231 5397 5435 5836 5202 5806 5386 5465 5265 5870 5327 5427 5685 5723 6002 5796 5775 5710 5253 5179 5914 5516 5966 5590 4621 5532 5721 5242 5244 5804 5829 5348 5398 5513 5543 5472 6063 5480 5097 5369 5528 5063 5190 5285 5150 5166 5482 5046 5411 5228 5802 5716 5710 5607 5504 5196 5679 5728 5702 5436 5676 5592 5657 5325 5835 5273 6124 5964 5622 5538 5247 5347 5281 5257 5658 5356 5494 5486 5297 5042 5611 5565 5881 5697 5586 5269 5490 5313 5967 5877 5747 5999 5365 5576 5598 5306 5859 5175 5838 5842 5856 5354 5732 5478 4980 5618 5821 5399 5695 5308 5700 5353 5672 5404 5775 5406 5465 5557 5231 5355 5481 6274 5327 5732 5307 5055 4954 5672 5411 5513 5476 5648 5281 5527 5478 5957 5255 5563 5518 5631 5321 5171 5896 4979 5759 5194 5365 5133 5616 5666 5353 5131 5401 5549 5408 5446 5218 6156 5711 5602 5378 5298 5722 5281 5264 5392 5716 5590 
4977 5107 5110 5150 5383 5277 5230 5665 5403 5218 5466 5082 4696 5357 5407 4899 5064 5288 5319 5389 5049 5019 5090 4993 5146 5433 5310 5271 5050 5453 5127 5471 5119 5240 5649 4775 5217 5024 5055 4975 5253 5035 5765 5129 5382 4962 5292 5167 5205 5413 5063 5544 5376 5338 5059 5644 5351 5554 5028 5266 5096 5340 5051 5155 5300 5237 5088 5191 5276 5103 5288 5358 5431 5087 4941 5213 4965 5390 5316 5182 5791 5168 5457 5475 5005 5512 5106 5038 5010 4876 4900 5237 4802 5347 5357 5493 5009 5257 4905 4962 5328 5272 5394 5153 5211 5386 5062 4668 5283 5008 5281 5401 4595 5322 5383 5003 5101 5496 5495 4878 5130 5423 4783 5153 5622 5311 4998 5144 5377 4953 4951 5009 4857 4859 5150 5132 4556 5049 5197 5169 5390 5521 5234 4672 5438 5355 5723 5019 5344 5667 5219 5000 5529 4890 5660 5644 5222 5210 5225 5125 5052 4869 5205 5218 5258 5075 5278 4865 5353 5265 5448 5372 5346 5035 5232 4852 5704 5633 5206 5393 5246 5030 5357 5406 5237 5185 5293 5596 5310 5047 5162 5195 4969 5368 5718 5063 5545 4979 5414 4911 5289 5017 5295 4887 5324 5593 5008 4947 5435 5665 5251 5263 5014 4626 4548 5107 5549 5248 5025 5529 5195 5356 5254 5183 5323 5391 5278 5468 5198 4933 5556 4498 5375 5258 4825 5255 5411 5143 4791 4974 5061 5243 5200 5318 4841 5960 5388 5266 4553 5030 5538 5083 5022 4902 5145 5226 
5089 4875 5335 4904 5330 5134 5388 5296 5352 5824 5139 5175 4639 5517 5156 4772 5038 5269 5011 5530 5060 5081 4961 4776 4975 5084 5092 5072 4809 5422 5349 5401 5262 5343 5535 4857 5252 4917 5280 4929 5057 5000 5695 5206 5355 5085 5231 4919 5173 5310 4828 5383 4998 4927 5201 5667 5116 5528 4957 5138 4942 5242 5151 5273 4981 5259 4814 5283 5338 4779 4975 5163 5272 4970 5095 4985 4627 5439 5329 5301 5633 5161 5358 5424 4993 5229 5019 4818 4655 4934 5121 5321 5039 5405 5136 5094 4804 5749 5175 5129 5060 5333 5525 5258 5433 5366 5072 5222 5570 4986 5386 5122 4417 5297 5327 5087 4965 5171 5465 4985 4814 5187 5058 5217 5485 5093 4872 5164 5193 4754 4766 4930 5092 4814 5416 5031 5134 5251 5238 5184 5208 5254 5323 5240 5250 5528 5501 5018 5180 5408 5337 4915 5235 4986 5562 5423 5288 5217 4949 5444 5136 4891 4972 4795 5310 5054 4843 4918 5299 5229 5299 5393 5252 4957 5168 4929 5344 5785 5383 5396 5068 5018 5164 4995 5325 4744 5306 5531 5366 5067 5206 5008 4693 5533 5408 4840 5418 4573 5407 4855 5446 5265 5294 4849 5145 5280 5019 5027 5323 5902 4962 5438 4924 4674 4820 5301 5111 5202 4984 5182 5269 5113 5143 5600 5088 5438 5102 5370 4912 4757 5704 4795 5092 5414 5033 4962 5302 5282 4982 4879 4902 5001 5225 5183 5050 5694 5282 4982 5098 4873 5368 4889 4914 4799 5282 5165 
5410 5596 5692 5454 5771 5679 5607 5874 5788 5613 5411 5555 5069 5827 5690 5091 5356 5602 5743 5876 5480 5266 5269 5315 5627 5581 5765 5789 5434 6221 5722 5695 5524 5901 6075 5339 5327 5447 5551 5439 5309 5239 6019 5752 5642 5498 5767 5525 5532 5634 5095 5839 5439 5382 5404 6110 5546 6156 4946 5563 5212 5734 5839 5630 5727 5893 5319 5390 5717 5592 5585 5553 5783 5607 5598 5308 5315 5619 5628 5946 5998 5490 5633 5643 5377 6022 5488 5561 5146 5288 5220 5747 5284 5706 5524 5705 5527 6040 5396 5501 5491 5847 5726 5573 5639 5836 5718 5615 5778 5478 6033 5831 4951 5608 6091 5315 5123 5978 5900 5722 5261 5670 5678 5368 5956 5480 5024 5694 5437 5264 5386 5536 5308 5176 5498 5194 5372 5540 5653 5537 5726 5919 5619 5440 5782 5929 5996 5615 5496 5868 5563 5469 5754 5535 6261 5679 5382 5706 5219 5260 5474 5324 5621 5652 5437 5629 5424 5192 5797 5888 5605 5579 5936 5432 5462 5207 5918 5995 5496 5893 5530 5662 5611 5493 5915 5012 5439 6043 5741 5293 5730 5285 5128 5816 6027 5426 5880 5162 5705 4903 5997 5659 5746 5200 5763 5861 5447 5505 5582 6195 5747 5380 5522 5173 4932 5449 5756 5429 5218 5837 5652 5642 5678 5770 5432 5647 5608 6158 5494 5056 5977 5224 5692 5727 5316 5424 5781 5416 5396 5534 5409 5536 5434 5420 5288 6339 5783 5731 5505 5427 5973 5541 5390 5520 5564 5377 
5070 4892 5111 4787 5192 5179 5328 5257 5160 5407 5266 5070 4736 5503 5232 4871 5103 5289 5161 5243 4898 4874 5153 5014 5057 5056 5222 5021 4807 5491 5243 5262 5014 5305 5503 4880 5208 5287 5205 4881 5055 5092 5436 5417 5246 5360 5178 4997 5064 5231 4792 5524 5281 5134 5150 5622 5160 5721 4772 5043 4740 5410 5275 4788 5134 5216 5097 5327 5765 4777 4890 5259 5324 4889 4978 5001 5029 5313 5267 5331 5669 5065 5422 5328 5031 5392 5016 4984 4466 5022 4945 5064 5007 5626 4995 5413 5200 5222 4885 5334 5197 5509 5493 5154 5583 5126 5179 4941 5305 5067 5353 5252 4359 5122 5254 5028 5172 5291 5315 5147 4818 5169 5337 4888 5175 5115 4807 5201 5109 4866 4784 4987 4917 4708 5091 4913 4986 4872 5103 5262 5245 5689 5235 4704 5137 5466 5234 5050 5203 5253 5142 4932 5241 5028 5762 5658 5121 5030 5265 5069 4961 4832 5157 5161 5267 5059 4809 4573 5414 5455 5193 5151 5486 5136 5139 4942 5631 5426 4874 5308 5064 5109 5181 5001 5653 4730 5321 5560 5386 4980 5017 5031 4872 5401 5530 5200 5229 4686 5349 4918 5428 5106 5010 4832 5279 5439 4935 4751 5144 5649 5079 5219 5259 4685 4378 5143 5183 5143 5071 5114 4890 5089 5257 5408 4949 5213 4821 5371 5110 4967 5589 4502 5233 5205 5247 4862 5253 5162 4935 5107 5168 5044 5198 5059 4823 5823 5199 5099 4713 4592 5577 4936 4977 4899 5166 5056 
5456 5351 5552 5163 5527 5608 5692 5552 5678 5594 5204 5355 5157 5604 5490 5063 5774 5362 5608 5787 5341 5338 5247 5207 5538 5083 5431 5392 5068 5844 5596 5690 5382 5687 5917 5038 5531 5079 5505 5198 5612 5541 6089 5593 5669 5354 5737 5386 5301 5567 5144 5874 5615 5372 5453 6241 5650 6111 5485 5524 5363 5733 5512 5607 5488 5734 5416 5555 5871 5393 5215 5503 5719 5507 5200 5267 5150 5702 5621 5720 6146 5501 5622 5630 5355 5671 5202 5513 5247 5443 5150 5767 5276 5767 5152 5575 5461 5767 5459 5502 5296 5603 5924 5960 5625 5709 5475 5119 5976 5400 5883 5718 4724 5665 5744 5356 5353 5867 5638 5571 5241 5459 5549 5385 5841 5435 5247 5684 5730 5212 5127 5579 5366 5255 5430 5183 5387 5499 5597 5537 5522 6084 5499 5223 5646 5574 5510 5516 5717 5810 5882 5480 5434 5385 5953 5864 5429 5634 5452 5615 5212 5407 5343 5497 5495 5470 5309 5135 5616 5560 5664 5406 5903 5340 5777 5324 6005 5854 5474 5922 5476 5721 5549 5387 5840 5063 5802 6064 5917 5242 5584 5328 5161 5574 5920 5403 5357 4991 5358 4897 5736 5356 5593 5133 5457 5751 5238 5414 5610 6051 5092 5664 5525 4962 5130 5360 5484 5438 5300 5714 5487 5392 5566 5590 5025 5386 5290 5752 5367 5196 6244 4953 5643 5351 5139 5154 5932 5675 5387 5369 5445 5596 5374 5429 5504 5981 5945 5473 5537 5161 5897 5369 5207 5367 5782 5435 
5014 4965 5217 4868 5164 5304 5049 5170 5038 5375 4867 4833 4362 5065 4853 4629 5067 5147 5289 5167 4764 5142 4983 4919 5039 5015 5018 4736 4626 5529 5234 5353 4978 5220 5053 4738 4906 5135 5000 4781 4903 5097 5594 5140 4837 5139 5387 4857 5104 5272 4707 5592 5197 4820 4987 5402 5253 5192 4997 5192 4964 5319 5131 4849 5067 4936 4934 5215 5447 4594 5007 5279 5288 5044 5002 5089 4734 5085 5268 5352 5541 5076 5007 5424 4738 5252 5055 4955 4857 4663 5081 5079 4786 5161 4833 5279 4928 5296 4910 4922 5173 5379 5360 5220 5260 5206 4896 4779 5113 4912 5613 5026 4305 5274 5243 4607 4602 5288 5067 5132 4770 5220 4957 4825 5222 4923 4777 5146 5097 4873 4733 5041 4846 4810 4760 4485 4659 5081 5391 5172 5175 5468 4970 4782 4950 5037 5490 4993 5170 5324 5196 4729 5309 5110 5536 5365 4966 4906 4975 5116 4839 4992 4971 5117 5174 4978 4782 4733 4805 5113 4890 4845 5173 4873 5284 4870 5423 5297 4900 5439 4959 5002 5285 5074 5464 4944 5316 5256 5230 5105 5272 4782 4574 5279 5390 4971 5153 4896 5033 4661 5088 4831 4960 4765 5007 5190 4930 4955 5079 5463 4890 5244 4997 4596 4613 5272 5015 4780 4934 5045 5118 5157 4939 5190 5094 5338 4882 5225 5108 4819 5227 4578 5295 4983 4666 4931 5511 5062 4896 4757 5037 5081 4819 5252 4591 5684 5227 4978 4941 4448 5334 5079 4878 4713 5225 4958 
5242 4715 5159 5073 5276 5299 5173 5445 5405 5439 5091 4861 4578 5358 5187 4832 5174 5219 5182 5309 4917 4845 5120 5100 5377 4933 5236 5131 4792 5583 5140 5708 5330 5274 5652 4658 5431 4953 5060 5131 5181 4930 5607 5374 5428 4944 5489 4994 5106 5367 4813 5503 5035 5016 5108 5769 5299 5754 4754 5047 5090 5126 5272 5289 5389 5132 5146 5171 5440 4914 5095 5158 5446 4944 5122 5017 5054 5514 5242 5214 5640 5057 5565 5282 4937 5291 5100 4919 4958 4908 4731 5273 5215 5423 4881 5307 5035 5470 5038 5041 5149 5293 5448 5464 5452 5470 5317 4966 5617 5167 5500 5357 4314 5293 5384 4982 4973 5329 5338 5115 5089 5267 5155 5027 5166 5076 5122 5156 5305 5011 4823 4969 5090 4662 5285 5112 4838 5330 5501 5256 5465 5461 5336 5002 5450 5357 5312 5233 5595 5455 5450 4820 5283 5100 5676 5474 5307 5271 5013 5201 5098 5032 5233 5157 5240 5104 4953 4821 5394 5321 5543 5046 5254 5375 5202 4948 5685 5620 5306 5499 5075 5431 5425 4969 5363 4803 5394 5811 5463 5286 5300 5057 4975 5521 5418 5250 5197 5051 5468 4856 5187 4915 5414 4521 5057 5266 4934 5054 5208 5740 5108 5115 5092 4745 4970 5290 5226 5204 5219 5198 5207 5277 5372 5664 4926 5292 5238 5655 5211 4668 5535 4772 5304 5255 4711 4944 5561 5235 5132 4967 5288 5196 5186 5166 4800 5937 5469 5296 5303 4977 5508 5087 5059 5053 5506 5247 
4959 4671 4623 4490 4806 5120 4850 4851 4916 4942 4750 4931 4234 5089 4520 4464 4719 4757 4823 4906 4537 4731 4411 4684 4920 4898 4553 4840 4344 5035 4863 5049 4734 5105 5377 4655 4843 4675 4716 4457 4740 4736 5342 4995 4709 4794 5036 4483 4744 4707 4630 5058 4573 4770 4696 5096 5025 5246 4340 4707 4747 4795 4757 4642 4604 4793 4394 4718 4783 4610 4895 4988 5079 4572 4632 4799 4464 4906 5080 4777 5010 5027 4845 4993 4722 5189 4706 4866 4560 4761 4541 4964 4577 5081 4603 4953 4394 4990 4888 4670 4859 4940 5173 5215 5194 5080 4684 4641 5115 5016 5032 5015 4198 5067 4980 4347 4491 4849 4916 4859 4776 5084 4621 4440 5012 4875 4259 4479 4838 4489 4582 4759 4516 4552 4572 4509 4496 4488 5079 4923 5014 5007 4955 4574 4767 4938 5013 4656 5007 4854 4699 4543 4957 4752 5093 5256 4838 5021 4659 4825 4649 4613 4732 4712 4891 4673 4693 4344 4977 4982 5025 4909 5130 4772 5064 4630 5475 5223 4881 5009 4848 4845 4941 4730 5003 4346 5171 4861 4989 4847 4814 4310 4729 4867 5132 4771 4974 4620 4653 4409 4873 4712 5142 4509 4875 4826 4418 4796 4703 4976 4856 4882 4736 4416 4088 4537 4847 4886 4539 4906 4625 4911 4599 5011 4835 4808 4725 5104 4678 4585 5182 4556 4730 4643 4380 4598 4970 4556 4827 4470 4764 4814 4806 4672 4266 5197 5093 4600 4635 4471 5007 4899 4890 4658 4725 4716 
5250 5032 5081 5038 5056 5527 5354 5345 5457 5465 5007 5147 4818 5479 4919 4584 5295 5434 5312 5091 4836 4971 4929 4823 5165 4862 5280 5056 4761 5233 5447 4901 5018 5161 5510 4837 5368 5152 5229 4659 5179 5113 5676 5225 5088 5295 5272 5094 5440 5281 5091 5656 5076 5234 5137 5830 5501 5792 4726 5170 5043 5411 5184 5173 4993 5237 4922 5306 5361 4908 5175 4999 5386 5013 5178 4901 4798 5037 5206 5318 5665 5058 5278 5475 4964 5539 5108 5171 4732 4890 4899 5303 4937 5388 4836 5388 5035 5384 5146 5499 5161 5308 5335 5389 5066 5411 4999 4975 5353 5132 5851 5392 4690 5082 5302 4748 5025 5190 5340 5244 4923 5343 5137 4957 5451 5146 4845 5184 5120 5092 4912 4981 4890 4904 4928 4963 4803 4981 4949 5237 5230 5899 5102 4977 5043 5608 5393 5195 5079 5399 5347 5108 5247 5088 5763 5340 4701 4989 5146 5099 4878 5056 5316 5069 5432 4757 5093 4672 5260 5258 5464 5058 5341 5137 5460 4803 5675 5542 5138 5352 4704 5048 5247 5126 5391 4955 5368 5325 5569 5209 5343 4978 4928 5576 5655 5192 5354 4965 5333 4662 5232 4968 4984 4850 5036 5578 4777 5156 5266 5357 5251 5004 5061 4628 4732 5168 5338 5071 4945 5312 5014 5146 5214 5214 4959 5275 5114 5495 4925 5145 5474 5008 5085 5175 4851 4905 5259 5108 5043 4863 4982 5382 4798 5155 4918 5592 5175 4848 4833 4809 5519 5102 4943 5041 5406 5163 
5205 4998 5209 4957 5201 5234 5317 5260 5185 5372 5256 5260 4630 5314 5147 4627 5272 5161 5123 5451 4982 5015 5051 5050 5248 4989 5479 5182 5013 5516 5331 5147 5088 5169 5707 4702 5365 5064 5282 4747 5077 4936 5882 5350 5307 4991 5472 5218 5243 5466 4936 5555 5212 5035 5213 5892 5334 5553 4756 5079 4934 5279 5136 5070 5003 5333 5210 5093 5314 5302 4960 5236 5292 4918 5271 5087 4838 5147 5480 5414 5558 5289 5262 5566 5062 5590 5076 5192 4886 5267 5149 5538 4973 5465 4893 5174 5083 5759 5048 5336 5516 5262 5512 5211 5251 5492 5125 4961 5568 5067 5610 5560 4412 5286 5342 4700 5125 5456 5347 5267 4796 5220 5167 4837 5569 5054 4820 5114 4973 5046 4854 5216 5156 5080 5139 4872 4744 5169 5145 5389 5317 5549 5224 4985 5230 5301 5372 4960 5028 5493 5259 4996 5397 5366 5573 5559 5254 5068 5210 5580 4987 4979 5159 5015 5404 5272 4984 4807 5132 5513 5403 5055 5313 5003 5268 4931 5642 5505 5331 5239 4913 5183 5269 4914 5544 5053 5391 5571 5519 4904 5266 5090 4926 5447 5530 5344 5146 4737 5223 4634 5580 4910 5225 4736 5302 5389 5133 5135 5228 5679 5220 5402 5155 4647 4634 5244 5336 5378 5219 5413 5198 5092 5331 5698 5124 5313 5153 5225 4996 4966 5548 4720 5225 5072 4910 5052 5233 5229 4884 4929 5141 5343 5328 5028 5065 5705 5414 5126 5066 4892 5472 5221 4951 5125 5222 5077 
4720 4763 4653 4905 4855 5323 4995 5313 4564 5085 5024 4721 4131 4967 5008 4399 4846 4718 4960 4867 4810 4768 4714 4547 4846 4726 5017 4607 4672 5206 5026 5075 4872 5018 5266 4324 4851 4616 4887 4339 4769 4649 5217 4859 4758 4884 5027 4482 4960 4960 4640 5171 4754 4841 4660 5352 4972 5131 4557 4676 4831 4927 4905 4771 4662 5019 4708 4878 5004 4666 4758 4687 4952 4954 4820 4645 4308 4826 4972 4907 4992 4601 4857 5060 4520 5165 4596 4604 4494 4867 4588 4786 4649 5003 4547 5149 4708 4963 4603 4881 4919 4815 5029 4833 4845 5192 4531 4880 4916 4835 5210 4955 4191 4852 4935 4595 4545 4826 5095 4864 4968 5136 5038 4413 5329 5028 4447 4774 5038 4575 4685 4701 4756 4356 4782 4648 4696 4863 4756 4758 4975 5341 4842 4534 5123 5052 4940 4686 4756 4906 4905 4651 4879 4634 5224 5407 4559 4934 4892 4621 4576 4691 4643 4900 4897 4676 4918 4362 4901 5098 5010 4548 4933 4749 4905 4688 5252 5235 4754 5012 4745 4727 5069 4706 5194 4409 4764 5340 5248 4783 4946 4809 4409 5109 5086 4849 4850 4373 5064 4519 5113 4828 4906 4409 5020 5221 4933 4680 4897 5169 4977 4874 4435 4444 4425 4854 5146 4772 4705 4948 4853 4927 5111 4958 4896 5079 4809 4939 4666 4406 5048 4478 5177 4891 4622 4727 4858 4938 4753 4674 4688 4904 4713 4906 4513 5255 4924 5024 4690 4755 5223 4705 4522 4797 5062 4767 
5136 4548 5149 4793 4777 5084 5034 5161 4873 5341 4894 4993 4354 5099 5031 4687 5126 4984 5335 5158 4726 4689 4916 4978 4940 4866 4949 4828 4782 5408 5181 5021 5012 5014 5672 4569 4813 4948 4937 4916 4956 4646 5350 5013 5117 4729 5041 4588 5151 5206 4722 5443 4874 4928 5088 5236 5154 5566 4617 4955 4779 5028 4962 4980 4875 5079 4850 5134 5402 4961 4878 4842 5075 4969 5075 4633 4693 5288 4889 5062 5449 5033 5069 5211 4685 5431 4909 4857 4711 5066 4935 5339 4683 5341 4741 4957 4594 5241 4929 4968 5040 4945 5405 5153 5045 5208 4796 4772 5353 5068 5265 5321 4232 5143 5333 4545 4746 5122 5411 4867 4702 5161 5051 4849 5104 5089 4832 4949 4927 4711 4711 4853 5034 4669 4801 4739 4866 4744 5072 5101 5317 5315 5031 4715 5158 5223 5086 4959 4999 4908 5233 4820 5191 4894 5358 5276 4835 5015 4954 4944 4777 4807 5110 4936 4923 4820 4865 4653 5082 5275 5025 4981 5157 5121 5119 4918 5278 5212 4911 5120 4844 4897 5091 4873 5340 4950 5144 5148 5285 4934 5140 4500 4767 5288 5138 4875 5164 4716 5001 4904 5081 4904 5259 4477 4795 5088 4605 4743 5116 5218 5231 5093 4629 4355 4534 5136 4942 4757 4853 5099 5093 4979 5099 5246 5030 4867 5017 5207 5008 4734 5428 4568 4999 4893 4660 4640 5264 5056 4911 4799 5103 4877 4942 4877 4488 5396 4784 5015 4746 4728 5353 5036 4754 5047 5046 4862 
5122 5228 5271 5189 5639 5268 5263 5373 5294 5431 5356 5037 4787 5371 4812 4707 5127 5217 5235 5382 5026 5017 4920 4999 4986 5025 5180 5004 5078 5256 5666 5333 5097 5382 5585 4916 5072 5053 5221 4808 5027 5237 5529 5297 5388 5260 5601 4942 5040 5158 5196 5612 5212 5136 5035 5789 5440 5547 5031 5090 5067 5166 5252 5281 5079 5126 5047 5363 5594 4775 5154 5332 5116 5169 5021 5136 4942 5188 5298 5333 5474 5010 5301 5491 4746 5489 5266 4923 5169 4979 5143 5341 4970 5321 4911 5519 4862 5575 5104 5214 5233 5325 5342 5537 5420 5411 5198 4844 5271 5033 5471 5240 4479 5166 5402 5201 5017 5433 5572 5033 5208 5519 5215 4996 5512 5214 4849 5085 5400 5115 5108 4960 4963 5067 5258 5030 4955 4832 5156 5427 5166 5493 5274 5190 5213 5392 5548 5169 5343 5300 5520 5013 5139 5250 5695 5409 5300 5331 5173 5106 5110 5258 5167 5127 5134 4981 5132 4866 5195 5277 5537 5318 5443 5144 5118 4997 5484 5577 5065 5334 5160 5001 5251 5054 5552 4888 5237 5311 5462 4847 5223 4886 5078 5287 5594 5125 5315 4579 5133 4909 5419 5212 5470 4792 5222 5457 5144 4887 5342 5573 4980 5119 5036 4834 4578 5097 5143 5122 5322 5290 5042 5191 5094 5224 5115 5272 5034 5611 4976 4854 5538 4806 5034 5151 5225 5157 4979 5031 5003 4984 5050 4982 5083 5047 5108 6025 5564 5250 4893 4907 5469 5097 4999 4921 5184 5289 
5143 5298 5180 5206 5392 5337 5735 5267 5227 5410 4821 5354 4822 5411 4938 4942 5117 5202 5319 5492 5049 5370 5227 5151 5262 5028 5179 5133 5153 5577 5316 5419 5320 5440 5655 4977 5109 5105 5255 4999 5210 4896 5563 5103 5293 5231 5437 4959 5148 5421 4622 5436 5120 5057 5260 5698 5440 5841 4938 5224 5026 5601 5274 5160 5009 5418 5283 5479 5691 4931 5364 5256 5653 4986 5182 4950 4938 5348 5418 5444 5538 5473 5281 5580 4997 5492 5149 5094 5002 5272 5180 5385 5043 5461 5033 5408 5091 5504 5294 5266 5605 5539 5743 5677 5235 5649 5328 5150 5867 5385 5244 5225 4496 5376 5385 5171 4918 5433 5331 5140 4766 5332 5306 5030 5535 5259 5102 5182 5413 4828 5195 5181 5206 5070 4864 5129 5122 5075 5364 5100 5155 5558 5297 5150 5316 5294 5605 5163 5531 5482 5554 5404 5488 5381 5826 5380 5006 5168 5399 5255 5409 5036 5372 5041 5590 5320 5137 4991 5160 5394 5509 5308 5629 4988 5360 5106 5730 5655 5268 5596 5010 5336 5285 5041 5773 4902 5429 5623 5530 5001 5354 4872 5119 5371 5655 4998 5416 5075 5245 5244 5485 5256 5422 4878 5168 5419 5051 4952 5340 5883 5189 5492 5072 4750 4457 5434 5298 5009 4924 5234 5047 5222 5282 5528 5220 5432 5202 5537 5047 4935 5545 4995 5112 5177 4974 4897 5543 5269 5239 5105 5043 5000 5385 5077 4884 5832 5565 5451 5139 5099 5402 5243 5078 5157 5530 5318 
5285 5189 5385 5179 5732 5328 5582 5431 5612 5793 5695 5530 5015 5528 5730 5041 5416 5707 5681 5482 5134 5323 5415 5288 5392 5266 5641 5319 5543 5947 5751 5735 5272 5598 5865 5088 5741 5651 5442 5128 5382 5490 6061 5515 5574 5437 5725 5526 5486 5818 5286 6032 5525 5095 5656 6136 5564 6136 5268 5607 5420 5378 5546 5193 5422 5550 5443 5566 5806 5402 5409 5806 5433 5380 5293 5389 4880 5679 5659 5512 6063 5624 5549 5632 5211 5868 5643 5328 5258 5274 5192 5631 5513 5956 5361 5829 5338 5959 5554 5421 5586 5655 5832 5858 5623 5741 5431 5189 5828 5424 5787 5533 4637 5564 5664 5275 5135 5797 5718 5378 5192 5578 5593 5447 5739 5695 5023 5575 5510 4927 5281 5380 5359 5230 5589 5209 5417 5569 5517 5863 5811 5860 5425 5134 5738 5654 5691 5448 5647 5790 6036 5256 5560 5550 5782 5916 5592 5348 5627 5461 5240 5482 5488 5499 5820 5696 5212 5030 5580 5635 5705 5513 5729 5445 5677 5340 5958 5810 5433 5806 5261 5343 5845 5482 5609 5162 5596 5843 5706 5587 5637 5278 5211 5636 6015 5443 5517 5191 5707 5159 5611 5346 5353 5159 5454 5824 5203 5437 5471 5998 5793 5693 5431 4943 5066 5630 5569 5229 5550 5726 5550 5430 5627 5943 5268 5578 5500 5646 5458 5175 5741 5122 5645 5390 5405 5382 5584 5674 5115 5204 5362 5653 5645 5500 5228 5869 5614 5227 5391 5288 5615 5480 5317 5177 5557 5459 
5246 5065 5319 5271 5371 5462 5416 5254 5080 5634 5151 4928 4691 5391 5248 4762 5255 5042 5426 5499 4915 4991 5338 5172 5016 5289 4941 5448 5147 5695 5424 5296 5146 5532 5530 4964 5149 5313 5381 4907 5191 5264 5720 5509 5333 5189 5449 5345 5202 5376 5292 5771 5565 5254 5403 5890 5524 5812 4815 5338 4901 5286 5521 5166 5116 5129 5285 5400 5791 5093 4977 5293 5286 5081 5300 4986 5101 5676 5631 5537 5836 5311 5365 5381 4842 5765 5349 4779 5169 4975 5375 5492 4875 5486 5027 5516 5016 5457 4999 5093 5512 5467 5521 5391 5594 5717 5249 5063 5623 5470 5457 5587 4520 5606 5300 4750 4980 5500 5552 5252 5057 5187 5364 5036 5622 5382 4823 5116 5272 4850 5145 4976 5162 4989 5341 5084 5056 5163 5486 5463 5326 5330 5407 4915 5397 5470 5521 5038 5185 5327 5620 4943 5537 5172 5920 5624 5308 5084 5331 4999 5135 4983 5407 5056 5328 5297 5185 4913 5049 5568 5397 5344 5535 5235 5192 5360 5715 5504 5238 5540 5135 5233 5420 5179 5651 4913 5660 5699 5540 5250 5036 5106 4935 5319 5447 5171 5513 4985 5433 4865 5311 5177 5634 4867 5259 5437 5291 5048 5588 5615 5406 5418 5342 4928 4720 5321 5116 5220 5390 5468 5269 5054 5405 5662 5267 5469 5020 5531 5071 5061 5498 4851 5417 5092 5261 4920 5371 5315 5279 5171 5405 5012 5357 5184 5044 5766 5337 5294 5184 5079 5697 5168 5193 5190 5366 5276 
4638 4834 5030 4882 5370 5016 5162 5117 4836 5022 4785 4801 4492 5102 4784 4706 5018 5022 5100 4954 4772 4851 4803 4809 4859 5028 4897 4748 4728 5265 4887 5200 4985 5091 5147 4735 5084 4930 4764 4497 4855 4888 5308 5042 5130 4843 5135 4921 4953 5027 4779 5230 4932 4800 4826 5413 5136 5471 4639 4893 4720 5244 5217 5070 5238 5229 5016 5308 5436 4762 4824 5045 5307 4910 4912 4779 4654 4939 5013 5125 5347 4893 5086 5005 4547 5160 4859 4852 4895 4874 5013 5107 4734 5030 4757 5314 4952 5270 4951 4634 5081 4956 5344 5367 4782 5382 4764 4841 4875 5287 5357 5010 4103 5222 5139 4851 4606 5221 4828 5080 4586 5338 4860 4729 5244 4908 4443 4985 4789 4798 4828 4868 4938 4816 4844 4720 4578 4974 5133 4826 5171 5159 5082 4895 4945 4945 5215 4629 5149 5141 5140 4746 4991 5159 5299 5302 4723 4875 5026 4902 4800 4651 4981 4738 5144 5046 4951 4824 4759 5043 5266 4985 5042 4838 5139 4706 5395 5169 4815 4903 4736 4851 4840 4812 5258 4783 5266 5263 5315 4837 5008 4951 4657 5308 5431 5043 4920 4822 4943 4595 5133 4784 5171 4568 4991 5225 4956 4519 5003 5557 4805 5022 4749 4538 4285 4893 4971 4879 4764 5230 4723 5108 4905 4977 4734 4994 5149 5116 4869 4594 5353 4464 4977 4958 4614 4799 5290 4877 4731 4568 5063 5214 4828 5163 4616 5466 5200 4952 4816 4723 5375 4866 4714 4774 5023 5008 
5552 5358 5514 5300 5785 5813 5679 5726 5614 5830 5354 5339 4615 5758 5432 4978 5302 5462 5378 5409 5137 5425 5335 4876 5751 5251 5537 5415 4967 5514 5535 5575 5211 5797 6126 4843 5565 5026 5423 5291 5199 5067 5796 5368 5471 5300 5621 5507 5632 5720 5368 5518 5354 5276 5574 6061 5609 5892 5040 5440 5165 5472 5462 5170 5501 5460 5267 5492 5578 5157 5133 5459 5616 5276 5231 5388 5179 5332 5721 5479 5890 5415 5567 5557 5259 5681 5277 5289 5076 5454 5391 5560 5155 5408 5204 5390 5243 5635 5136 5179 5440 5826 5670 5694 5651 5562 5169 5345 5641 5313 5957 5310 4355 5257 5438 5048 5144 5957 5689 5318 5172 5592 5585 5110 5695 5533 5019 5215 5416 4998 5214 5221 5275 5029 5455 5103 5172 5083 5445 5334 5627 5764 5323 5245 5698 5723 5364 5385 5597 5615 5609 5339 5423 5197 6161 5938 5304 5766 5135 5413 5397 5105 5431 5525 5503 5161 5430 4974 5499 5628 5398 5146 5510 5541 5634 5436 5820 5928 4950 5467 5562 5120 5096 5453 5874 5180 5652 5821 5846 5320 5404 5147 5057 5551 5885 5047 5686 5083 5422 5026 5759 5188 5750 4761 5469 5790 5300 5177 5695 5817 5256 5594 5099 4705 5075 5503 5568 5395 5442 5402 5501 5456 5594 5572 5283 5529 5415 5776 5318 4956 5845 4836 5753 5444 5266 5208 5280 5367 5220 5141 5184 5593 5467 5229 4930 6180 5569 5542 5340 5162 5848 5453 5381 5361 5607 5299 
5057 5207 5342 5087 5290 5570 5491 5400 5256 5623 5283 5436 4781 5351 5200 5048 5341 5184 5518 5664 5266 5231 5439 5196 5255 4984 5299 5476 5060 5668 5468 5913 5329 5463 5939 4927 5126 4984 5414 5219 5253 5119 5955 5249 5304 5154 5819 5084 5184 5618 5080 5688 5568 5226 5421 5831 5596 5649 4933 5413 5203 5635 5627 5215 5407 5469 5415 5117 5574 5145 5272 5459 5432 5469 5340 5267 5019 5575 5840 5532 5829 5578 5483 5737 5066 6053 5566 5356 4978 5115 5480 5398 5154 5705 5150 5497 5205 5532 5182 5220 5359 5702 5953 5726 5691 5628 5240 5299 5609 5533 5393 5286 4782 5514 5759 5360 5273 5432 5767 5508 5045 5487 5497 5197 5492 5230 5027 5163 5261 5184 5273 5124 5173 4917 5135 4996 5124 5222 5378 5221 5447 5550 5314 5226 5193 5411 5597 5351 5602 5579 5437 5177 5326 5168 6123 5697 5395 5512 5450 5349 5167 5282 5391 5384 5451 5185 5168 5187 5715 5562 5405 5186 5547 5320 5540 5185 5757 5687 5369 5391 5371 5389 5349 5381 5544 4888 5185 5835 5714 5279 5544 5193 5071 5600 5605 5151 5394 5003 5408 4877 5485 5111 5409 5016 5317 5551 5087 5319 5542 5726 5321 5689 5094 4839 4792 5453 5468 5245 5256 5572 5409 5322 5414 5538 5323 5595 5342 5547 5106 5066 5668 4789 5333 5586 5075 5310 5591 5525 4970 5349 5131 5418 5182 5407 5098 6004 5443 5268 5077 5152 5695 5327 5115 5243 5249 5545 
5024 4791 5366 4638 4980 5164 5084 5364 5305 5202 5176 4962 4352 5063 5043 4580 5040 5328 5023 5177 4845 4845 4918 5014 5145 4805 5250 5105 5020 5264 5120 5295 4966 4933 5430 4820 4931 5044 4993 4988 5091 4938 5431 5210 5320 4810 5129 4868 5147 5307 5106 5085 5187 5241 4909 5746 5099 5549 4507 4785 4938 5115 5149 5071 4994 5016 5040 5128 5334 4793 5087 5123 5150 5122 4923 4853 4870 4991 5106 5005 5451 5238 5365 5578 4861 5403 4813 4931 4881 4780 5060 5246 4906 5355 4924 5119 4642 5362 4858 4907 5070 5056 5606 5457 5126 5252 5028 4958 5294 5015 5470 5358 4653 5207 5259 4878 4743 5171 5239 5082 4943 5272 5016 4932 5311 5032 4736 5006 5094 4786 4693 4799 4913 4942 5094 5097 4662 4932 5205 5169 5300 5248 5149 4947 5190 5302 5262 4909 5155 5217 5355 4881 5200 4867 5505 5451 5389 5092 4932 5050 5088 5016 4976 5073 5276 4872 4833 4914 4968 5146 5205 5000 5194 4853 5011 4630 5427 5083 5187 5253 5087 5024 5212 5301 5457 4813 5176 5460 5285 5206 5263 4926 4741 5361 5314 4951 5263 4674 5194 4802 5208 4987 5166 4791 5119 5352 4956 5036 5080 5484 4894 5115 5015 4555 4558 4927 5012 5100 4928 5121 4843 5042 5107 5287 5170 5099 5203 5194 5061 4727 5351 4621 5074 5000 5021 4740 4997 4973 4882 4998 5067 5007 4864 5031 4623 5619 5286 5021 4598 4883 5484 5101 4829 5048 5197 5142 
5236 5034 5309 5103 5463 5332 5480 5416 5217 5497 5225 5224 4893 5479 5079 5008 5468 5431 5383 5518 4935 5225 4935 5195 5210 5097 5280 5131 5115 5767 5602 5428 5149 5467 5666 4834 5247 5060 5295 5103 5085 5065 5835 5361 5217 5191 5344 5036 5526 5579 4904 5633 5409 4977 5300 5927 5605 5821 4712 5252 5193 5344 5388 5178 5065 5324 5011 5007 5730 4942 5427 5413 5526 5368 5260 5020 4946 5497 5266 5421 5601 5072 5299 5521 4780 5717 5383 4854 5032 5122 5390 5394 5337 5720 5219 5572 4968 5822 5254 5349 5324 5252 5637 5610 5576 5446 5248 5168 5717 5504 5508 5376 4531 5490 5254 5146 4833 5391 5754 5286 4978 5331 5434 4902 5448 5328 4894 5452 5432 5102 4998 4947 5174 5037 5323 5200 5173 5010 5515 5239 5402 5652 5396 4966 5461 5479 5509 5096 5380 5532 5616 5192 5145 5278 6083 5669 5233 5219 5277 4982 5111 4981 5087 5189 5512 5250 5164 4961 5317 5415 5629 5459 5578 5061 5509 5005 5673 5638 5100 5540 5128 5395 5479 5166 5670 4894 5637 5658 5434 5208 5365 5099 4973 5685 5315 5427 5367 4884 5662 5150 5344 4967 5373 5026 5255 5426 5021 5304 5160 5793 5393 5251 5143 4686 4845 5317 5480 5102 5000 5658 5105 5277 5373 5324 5542 5412 5179 5663 5249 4695 5557 5011 5178 5395 5417 5308 5385 5231 5363 4893 5191 5278 5188 5455 4692 5830 5307 5117 5037 5054 5453 5394 5220 5217 5396 5405 
5094 5011 4996 4974 5282 5391 5542 5279 5236 5402 5088 5074 4867 5022 4941 4466 4973 5198 5261 5412 4872 4865 4911 4959 4905 4987 5262 4824 4933 5563 5342 5257 4947 5057 5434 4762 5091 4893 5038 4761 5242 5016 5329 5340 5103 5086 5380 4821 5116 5244 4888 5618 5257 4976 5170 5511 5085 5701 4977 5379 5101 5225 4992 5057 4925 5212 4922 5350 5246 4887 4831 5076 5413 4940 5308 5166 4815 5187 5264 5074 5545 4970 5307 5501 4938 5480 5079 5147 4720 4915 5097 5067 4969 5091 5124 5088 5079 5355 5074 5049 5404 5178 5422 5505 5211 5373 5016 4765 5471 5027 5636 5236 4563 5203 5335 4785 5053 5550 5300 5056 4737 5368 5147 5091 5401 5067 4670 4990 5275 4935 4727 5465 5019 4881 5267 5166 4885 5057 5115 5012 5309 5356 5236 4914 5119 5238 5143 4794 4919 5353 5257 4804 5297 5146 5405 5544 5119 5008 5160 5225 5122 4829 5135 5113 5359 5117 5034 4719 5157 5422 5226 4981 5312 4962 5299 4905 5659 5481 5298 5429 4971 5071 5258 4990 5600 4970 4934 5303 5404 4794 5269 4957 4658 5228 5340 5046 5201 4950 5316 4573 5346 4949 5187 4758 5214 5496 4978 5033 5529 5676 5174 5147 5117 4743 4637 5252 5260 5013 5072 5358 4870 5183 5366 5338 5122 5157 5011 5309 4929 4808 5292 5025 5040 5244 4885 4979 5333 5212 5132 4988 5080 5089 5127 5156 4909 5794 5427 5027 4982 4889 5533 4912 4749 5138 5509 5216 
4550 4710 4882 4643 4851 4624 4988 5034 4987 5218 4825 4937 4351 5018 4816 4479 4989 4751 5009 5071 4844 4626 4520 4536 4707 4517 4852 4760 4681 5071 4826 5049 4666 4789 5398 4400 4813 4895 4510 4647 4627 4625 5210 4867 4831 4538 4756 4617 4720 5143 4608 5031 5091 4799 4876 5303 4957 5188 4692 4821 4847 4906 4840 4755 4612 4851 4454 4602 5159 4674 4728 4824 4736 4719 4618 4568 4676 4981 4991 4891 5263 4916 4880 4986 4571 5058 4828 4490 4471 4413 4510 5098 4673 5043 4675 4964 4519 5106 4694 4622 4646 5014 5119 5289 5087 5040 4865 4601 5053 4813 4918 4718 4057 4906 5097 4742 4441 4894 4860 4944 4581 4836 4783 4881 5084 4816 4406 4807 4939 4275 4376 4815 4380 4300 4642 4470 4750 4584 4881 4953 4987 5230 4735 4484 4683 4790 5107 4730 4906 4826 4907 4536 4885 4483 5353 5123 4732 4893 4784 4690 4493 4379 4554 4937 4907 4768 4428 4532 4971 4853 4985 5035 4926 4555 4782 4748 4989 4913 4830 5061 4514 4899 4888 4815 5129 4476 4835 5114 5280 4538 4865 4802 4317 5008 5051 4573 4887 4459 4862 4279 4618 4674 5107 4329 4857 4868 4462 4582 4512 5088 4764 4844 4759 4476 4402 4932 5084 4599 4526 4698 4796 4754 4903 4840 4975 4649 4907 5070 4809 4151 5189 4445 4788 4678 4873 4688 5031 4892 4428 4580 4615 4662 4544 4564 4544 5214 4862 4639 4540 4777 5053 4518 4395 4708 4864 4706 
4949 5037 5272 5090 5256 4992 5489 5452 5242 5364 5176 5310 4640 5237 4984 4626 5201 5315 5342 5372 4913 5287 5091 4904 5251 4977 5091 5130 5098 5580 5236 5744 5077 5254 5523 4794 5183 5120 5023 5061 5384 5117 5542 5123 5291 5310 5391 5135 5341 5339 5015 5516 5284 5221 5366 5611 5338 5560 5077 4944 5188 5373 4977 5081 5075 5138 5258 5282 5576 4926 5102 5087 5223 5079 5381 5139 5021 5535 5190 5294 5761 5281 5083 5295 4858 5826 5205 5221 4963 5220 5004 5549 5101 5523 5118 5108 4891 5263 5069 5183 5234 5487 5749 5358 5334 5526 5324 5001 5514 5173 5390 5224 4303 5203 5519 4898 4954 5425 5306 5260 4894 5266 4973 4946 5509 5309 4864 5003 5266 5109 4989 5004 5184 5036 5064 5001 4922 5233 5134 5374 5254 5454 5185 5044 5635 5332 5583 5078 5147 5413 5505 5072 5139 5183 5665 5581 5228 5419 5115 5035 5246 4805 5192 5240 5261 5184 5060 4974 5481 5657 5144 4961 5237 5204 5222 4928 5354 5671 5236 5478 5166 5044 5379 5092 5302 4853 5312 5501 5375 5001 5141 4857 4945 5187 5429 4949 5337 4727 5457 4569 5506 5050 4994 4810 5307 5352 4990 5061 5466 5721 5216 5383 5096 4696 4769 5279 5212 5161 5287 5365 5118 4949 5088 5622 5336 5335 5035 5475 5119 4801 5795 4731 5263 5349 4935 5075 5390 5273 5354 5261 5187 4954 5221 4952 4914 5655 5471 5295 5211 5039 5605 5330 5168 5048 5230 5121 
4922 4755 4902 4917 4973 5101 5019 4945 5283 5253 4935 5112 4502 4994 4941 4487 4882 4931 5077 5016 4933 4872 4630 4796 5039 4833 5027 4941 4483 5310 4991 5055 5076 4948 5434 4660 4842 4892 4871 4840 4942 4612 5358 4901 4826 4961 5429 4975 4864 4975 4520 5404 4754 5062 4971 5502 5008 5421 4813 4603 4739 5089 4835 4724 4723 5222 4701 4924 5471 4838 4806 4885 5143 4771 4834 4766 4737 5350 5143 4998 5350 5000 5057 5040 4789 5204 4856 4919 4810 4900 4714 5143 4390 5181 4721 5149 4895 5033 4850 4989 5065 5036 5321 4933 4767 5178 4887 4908 4936 4957 5446 4978 4389 5000 5185 4517 4704 5121 5089 4886 4537 4978 4906 4442 5121 4883 4673 4749 4898 4539 4674 4815 4587 4605 4654 4494 4551 4790 4946 4896 5243 5234 4995 4816 4988 5054 5099 5195 4995 5199 4983 4823 5274 4973 5150 5054 4559 4938 4684 4980 5016 4506 4948 5268 4966 4557 4897 4763 4938 5120 5071 4916 5210 4868 4774 4745 5462 5334 4938 5355 4762 4936 4982 4949 5206 4761 5081 5355 5130 4690 4893 4431 4718 5054 5079 4938 5320 4537 5272 4758 5368 4779 4951 4655 5047 5095 4990 4802 4800 5223 4851 5180 4671 4759 4247 4919 4974 4990 4773 5070 4619 4859 4882 5002 4954 5023 4885 5286 5007 4548 5258 4594 5059 4789 4629 4688 5110 4714 4866 4915 4888 4742 4684 4760 4527 5458 5110 4978 4601 4541 5521 4701 4705 4790 4902 4684 
4942 4812 4871 4980 5205 5159 5335 5312 5281 5201 5129 5004 4633 5259 4885 4651 5188 5109 4952 5256 4896 4735 5047 4966 4938 4876 5347 4829 4803 5370 5288 5329 4965 4966 5428 4673 4984 4965 5217 4920 4996 4710 5771 5062 5217 4838 5267 5112 5143 5263 4639 5325 5114 4936 4867 5549 5326 5624 4626 5049 5220 5021 4952 5095 5000 4826 4998 5093 5298 4812 4888 5051 5445 4928 5095 5170 4640 5210 5360 5317 5271 5285 5265 5157 4818 5533 4970 5209 4796 4875 4895 5225 4736 5137 4816 5185 4857 5255 4753 4765 5158 5086 5078 5089 5047 5410 4836 4900 5294 4957 5302 5242 4180 5306 5384 4702 4852 5169 5294 5100 4799 5161 5001 5069 5363 4907 4629 4982 4950 4770 4831 4837 5071 4730 5037 4498 4750 5082 5279 5078 5287 5210 5149 4961 5087 5118 5320 4864 5066 5401 5295 4684 5154 4931 5636 5127 4853 5156 5001 5114 4942 4895 4928 4792 5156 4960 4996 5038 5183 5166 5238 5011 5053 5027 4975 4899 5298 5264 5018 5260 5089 4999 5081 4811 5261 4672 5195 5345 5265 5160 5148 4794 4932 5174 5250 5074 5252 4692 5100 4834 5441 4765 5189 4653 5379 5435 5008 4946 5157 5560 4786 5218 4836 4436 4710 5257 5294 5131 4910 5413 5070 5056 5166 5215 4902 5137 5108 5045 4893 4744 5464 4744 5192 4871 4741 4895 5187 5041 5007 4808 4986 4940 5117 5016 4763 5555 5243 5015 4955 4889 5301 4902 4852 5000 4897 4883 
4975 4686 5142 4998 5038 5399 5280 5230 5356 5107 4947 4999 4734 5102 5275 4628 5154 5092 5147 5204 5172 5042 4988 4860 5000 5106 5094 5265 5006 5376 5075 5431 5181 5295 5473 4740 5026 4954 4938 4672 5205 5016 5564 5094 4913 5002 5173 4832 4985 5305 4862 5380 5195 5255 4943 5748 5471 5490 4777 5056 4902 5443 5110 5133 5175 5252 4870 5224 5296 4856 4967 4866 5169 5069 4986 4895 4787 5282 5112 5361 5518 5290 5128 5183 4746 5672 4942 4803 4821 4920 4869 5197 4801 5335 5131 5043 5059 5295 5050 4928 5177 5086 5666 5315 5248 5378 4938 5049 5322 5146 5403 5265 4349 5014 5346 4810 5040 5408 5417 5239 5000 5217 5040 4814 5389 5282 4871 5208 5080 4715 4518 4990 4939 4649 4814 5038 4895 4992 5146 5134 5280 5416 5253 4712 5506 5292 5197 4724 5056 5436 5097 4671 5443 5057 5641 5620 4841 5280 4766 5022 5134 4864 4858 5079 5160 5171 4894 4822 5231 5345 5291 5283 5302 4686 4994 4722 5724 5463 5276 5330 4939 4940 5156 5017 5189 4837 5118 5579 5386 4925 5389 4782 4896 5302 5386 4875 5026 4800 5094 4613 5028 5101 5392 4701 5235 5416 4972 4927 5108 5494 5094 5054 5204 4997 4533 5015 5153 5119 4900 5207 5135 4987 5337 5284 5206 5241 5107 5242 4934 4907 5457 4815 5105 5183 4873 4680 5312 5089 5164 4867 4881 5220 5016 5051 4736 5676 5186 5096 4909 4818 5508 5129 4777 5219 5285 4925 
5041 5133 5561 5200 5656 5317 5303 5388 5459 5601 5368 5249 4983 5339 5239 4688 5646 5405 5560 5557 5386 5313 5250 4814 5093 5416 5522 5271 5208 5725 5612 5398 5184 5483 5840 4775 5293 5225 5163 5071 5431 5205 6108 5174 5418 5115 5534 5182 5425 5478 5103 5850 5468 5350 5379 5573 5361 5893 5187 5510 5088 5635 5323 5463 5176 5466 5356 5342 5743 5429 5273 5257 5496 5293 5121 5275 5035 5330 5390 5411 5701 5382 5620 5702 4960 5716 5453 5136 5262 5273 5075 5463 5259 5852 5144 5466 4970 5656 5430 5241 5428 5462 5708 5660 5568 5565 5332 4938 5519 5311 5761 5702 4673 5320 5954 4971 5248 5568 5678 5206 5187 5333 5001 4828 5678 5531 5163 5182 5416 5191 4992 5087 5205 4875 5173 5054 5006 5153 5362 5297 5719 5517 5474 5001 5583 5606 5777 5182 5410 5548 5588 5471 5480 5423 5709 5767 5370 5483 5114 5198 4965 5207 5590 5436 5317 5304 5287 4887 5389 5621 5837 5267 5483 5348 5233 5013 5626 5774 5216 5451 5196 4856 5382 5494 5592 5024 5528 5468 5750 5271 5429 5255 5176 5496 5813 5189 5524 4857 5370 5262 5416 5320 5347 4836 5484 5339 5141 5001 5420 5627 5467 5132 5008 4858 4763 5187 5423 5285 5344 5417 5241 5262 5417 5442 5256 5358 5339 5983 5323 4805 5800 4883 5463 5340 5163 4939 5522 5407 5224 5017 5354 5155 5308 5243 5050 5922 5800 5379 5123 5219 5752 5601 5040 5192 5453 5278 
5068 5002 5217 5164 5271 5212 5398 5344 5246 5393 5051 5026 4840 5443 5248 4711 5436 5249 5252 5412 5109 5173 5040 5207 5296 5183 5125 5057 4915 5550 5594 5399 5287 5370 5575 4768 5194 5132 5274 5031 5354 4898 5513 5323 5355 5168 5447 4940 5138 5223 5087 5828 5444 5208 5277 5822 5528 5650 5130 5261 5074 5161 5201 5092 5237 5257 5135 5464 5653 4885 4852 5164 5302 5069 5166 5118 4999 5581 5341 5514 5806 5264 5090 5473 4798 5459 5147 5288 4799 4997 5245 5240 5004 5413 5117 5582 5325 5462 5150 5179 5197 5426 5535 5529 5436 5604 4831 4804 5549 5248 5469 5183 4350 5136 5260 5001 5148 5322 5550 5278 4936 5565 5215 5098 5687 5271 4792 5206 5257 5248 5050 5108 5183 5246 4897 5019 4939 4954 5234 5265 5284 5458 5319 4952 5350 5477 5426 4945 5310 5667 5517 4882 5006 5426 5492 5711 5164 5153 5324 5000 5225 5024 5167 5188 5411 5236 5090 4935 5480 5434 5188 5268 5356 5131 5264 5013 5842 5719 5228 5614 5317 5035 5325 5149 5735 4976 5492 5217 5671 4983 5173 5131 4970 5551 5588 5264 5439 4829 5381 5041 5630 4910 5338 4945 5519 5824 5010 5160 5198 5785 5260 5337 5059 4609 4598 5320 5332 5082 4955 5233 5057 5043 5235 5502 5338 5250 5045 5409 4944 5149 5648 4834 5130 5426 5086 4876 5233 5370 4972 5151 5437 5333 5312 5170 4987 5695 5284 5220 5064 4957 5533 5144 5097 5194 5343 5041 
5297 4927 5069 5073 5365 5423 5354 5524 5482 5508 5284 5114 4855 5479 5086 4780 5456 5255 5272 5552 5172 4873 5229 5187 5287 5153 5538 5052 5098 5627 5463 5568 5344 5187 5670 4777 5152 5140 5001 5013 5204 5195 6018 5455 5581 5265 5244 5101 5172 5433 5188 5686 5329 5320 5308 5796 5317 5751 4794 5349 5109 5238 5310 5315 5147 5288 5174 5240 5336 5069 4996 5191 5413 5192 5137 5009 4866 5230 5420 5438 5479 5098 5401 5471 4923 5671 5256 5330 5040 5093 5200 5340 5004 5289 5225 5454 4941 5443 5099 5354 5340 5475 5568 5421 5346 5542 5238 5198 5369 5201 5910 5483 4395 5351 5580 5105 5240 5614 5475 5291 5086 5454 5370 4950 5553 5255 4762 5305 5405 5001 4926 5100 5185 4806 5208 5012 4907 4995 5260 5326 5429 5577 5457 5162 5326 5388 5435 5322 5280 5449 5254 5288 5461 5498 5888 5603 5137 5317 5295 5326 5276 5268 5330 5333 5470 5159 5287 5078 5440 5457 5499 5268 5246 5064 5321 4946 5876 5554 5124 5555 5038 5399 5395 5138 5718 4933 5337 5669 5573 5138 5572 5351 5103 5528 5552 5259 5419 4825 5495 5089 5614 5182 5533 5060 5240 5668 4981 5015 5396 5851 5169 5664 5383 4767 4889 5316 5335 5316 5131 5460 5044 5284 5413 5552 5088 5475 5062 5581 5024 5153 5533 5022 5320 5281 4882 5095 5381 5069 4940 5175 5373 5063 4998 5322 5103 6034 5384 5296 5024 4983 5612 5178 5048 5154 5340 5308 
5149 4744 5177 5034 5014 5327 5190 5463 5415 5146 5145 4920 4424 5117 5404 4807 5317 5191 5409 5337 4998 4732 5107 4867 5075 5144 5327 4943 4849 5449 5180 5295 5252 5306 5561 4729 4991 5057 4876 5071 5173 4940 5664 5262 5158 5106 5424 5084 5205 5231 4952 5524 5170 5181 5252 5651 5383 5652 4667 5126 4694 5319 5167 4993 4857 5144 4978 5239 5367 4957 4692 5165 5303 5193 5136 5189 4833 5383 5049 5144 5589 5003 5119 5167 4879 5670 5233 5052 4791 4996 4943 5073 4820 5209 4928 5466 4959 5419 4964 5201 5249 5004 5710 5179 5164 5329 5260 4987 5440 5132 5593 5084 4428 5385 5288 4885 4907 5230 5497 5175 5141 5173 5443 5093 5474 5416 4816 5034 5115 4947 4842 5158 4947 4855 4976 5030 5048 4901 5232 5206 5474 5651 5200 4775 5612 5346 5253 4842 4954 5347 5197 4975 5178 5081 5682 5734 5112 5148 5113 5090 4980 4761 5063 5175 5377 5353 4968 4467 4938 5206 4957 5232 5108 4847 5286 4529 5708 5583 5337 5256 4969 5201 5385 5010 5454 4638 5165 5423 5197 5026 5465 4935 4803 5264 5439 5039 5231 4742 5338 4773 5136 5083 5246 4739 5048 5531 4781 5098 5129 5884 5116 5388 5050 4655 4694 5000 5130 5123 5157 5406 5054 4935 5262 5596 5244 5354 5380 5501 5110 4963 5394 4899 5571 5053 4972 4837 5224 5149 5214 4929 5048 5150 5288 5250 4788 5804 5260 4994 4907 4678 5751 5248 5059 5125 5419 5006 
4992 5074 5389 4938 5380 5328 5505 5361 5258 5449 5215 5358 4833 5334 5343 4817 5255 5181 5349 5515 5148 4924 5376 5053 5207 5113 5324 5177 5008 5826 5438 5356 5035 5267 5755 4727 5049 5115 5205 4967 5041 4993 5794 5582 5354 5349 5412 5050 5229 5638 5087 5820 5417 5306 5295 5608 5589 5648 4879 5330 4966 5532 5269 5001 5283 5324 5018 5390 5652 5170 5189 5407 5522 5196 5403 5044 4748 5400 5478 5253 5609 5244 5507 5709 4990 5591 5360 4987 4905 5096 5179 5445 5187 5708 5272 5373 4929 5650 5155 5036 5571 5596 5451 5321 5493 5365 5356 4996 5751 5270 5401 5424 4575 5474 5432 4961 5215 5367 5500 5199 5120 5192 5338 5077 5418 5328 4878 5403 5372 4768 4981 5127 5085 4848 5154 5263 5013 5129 5321 5154 5541 5370 5489 4929 5397 5543 5683 5058 5278 5573 5553 5374 5197 5333 5706 5593 5270 5152 5529 5096 5160 5124 5147 5047 5507 5395 5135 4760 5017 5466 5648 5349 5542 5147 5379 4902 5948 5600 5130 5474 5392 5177 5428 5207 5864 4938 5355 5865 5825 5330 5259 5036 5017 5530 5699 5261 5471 4866 5332 4880 5338 5162 5298 4712 5501 5547 5196 5174 5397 5960 5393 4997 5336 4654 4753 5064 5535 5242 5080 5599 5229 5347 5485 5424 5275 5307 4954 5469 5088 4660 5677 4728 5453 5402 5465 5211 5368 5125 5233 4941 5192 5197 5472 5212 5054 5983 5395 5289 5165 5081 5523 5254 5059 5039 5263 5449 
4709 4582 4909 4720 4903 4808 5054 4901 5057 5126 4763 4849 4442 5114 4906 4521 4976 5125 4983 4850 4872 4491 4742 4846 4856 4573 4917 4840 4843 5033 4980 4905 4834 4840 5171 4430 4717 4730 4915 4584 4712 4543 5264 4872 4863 4533 4876 4690 4825 5139 4614 5024 4757 4989 4911 5549 4850 5233 4466 4814 4939 4929 4767 4673 4684 5102 4660 5016 5294 4905 4712 4573 4916 4738 4968 4724 4743 5197 4888 4865 5072 5154 5081 4971 4872 5330 4668 4562 4353 4643 4458 5203 4569 5070 4632 5084 4503 5144 4839 4635 4783 4852 5010 5098 5029 4906 4701 4700 5079 4791 5124 4937 4292 4854 5087 4697 4543 5188 5305 4756 4478 4942 4836 4932 5105 4813 4492 4979 4745 4536 4483 4868 4723 4550 4880 4723 4831 4651 4886 4832 5035 4981 4839 4716 5073 5125 5042 4744 4922 5071 4924 4663 4635 4740 5436 4808 4661 4876 4567 4697 4695 4651 4892 4814 4828 4885 4827 4276 4882 4799 5070 5056 5010 4822 5036 4585 5204 5363 4921 4917 4660 4794 5001 4769 5312 4682 5024 5197 4902 4737 5219 4819 4516 5132 5091 4668 5158 4526 4850 4632 5184 5098 5065 4498 5006 5352 4715 4744 4915 5209 4823 4876 4726 4326 4425 4724 4893 4693 4688 5129 4803 4591 5198 5022 4809 4957 4894 5127 4956 4656 5321 4569 4665 4738 4639 4568 4983 4885 4530 4667 4856 5058 4724 4784 4932 5331 4958 4901 4654 4649 5375 4820 4461 4691 4778 4678 
4900 4548 4625 4390 4988 5117 5165 5291 4749 5076 4808 4904 4371 5192 4982 4575 4985 4987 5055 4783 4648 4689 4816 4976 4876 4488 4751 4741 4832 5085 4911 5195 4779 4882 5147 4413 5027 5026 4791 4694 4705 4670 5247 5042 4843 4941 5119 4552 4877 5221 4754 5453 5129 4762 4994 5152 5040 5315 4461 4824 4986 4969 4900 4722 4794 4881 4713 5047 5371 4535 4986 5126 5126 5018 5082 4797 4810 5086 4932 4773 5015 4714 5047 5464 4671 5162 4688 4625 4472 4638 4837 5087 4814 5038 4834 5161 4951 5012 4628 4785 4972 5212 5060 5079 5084 5221 4765 4793 5146 4860 5284 4833 4120 5260 5027 4899 4874 5148 4970 4923 4767 5128 5000 4688 4885 4663 4321 4856 4977 4637 4434 5222 4641 4610 4920 4657 4594 4751 4980 5021 5019 5152 4949 4674 5049 5142 5106 4722 4872 5160 4793 4693 5105 4810 5310 5223 4607 4929 5091 4785 4671 4747 4806 4943 5025 5008 4817 4344 4892 4851 5215 4730 5204 4875 5052 4500 5225 5323 4984 5105 4892 4759 5046 4607 5101 4913 5033 5138 5402 4845 4903 4760 4592 5173 5039 4854 5075 4594 4882 4671 5100 4736 5066 4393 4771 5056 4747 4783 4879 5322 4809 4980 5000 4382 4291 5051 5103 4936 4698 4930 4808 5019 4927 5069 5015 4713 4722 5110 4889 4455 5214 4248 4919 4895 4857 4951 5282 5041 4844 4676 5124 4816 4848 5078 4550 5359 4782 4798 4797 4389 5113 4928 4503 4915 5023 4859 
5051 5058 5124 4934 5074 5012 5413 5226 5234 5378 5055 5171 4644 5119 5233 4871 5114 5298 5172 5381 4994 4949 5030 4936 5038 4965 5152 4999 5120 5509 5420 5157 5157 5260 5487 4851 4863 4993 5103 4767 5101 5290 5539 5114 5307 5243 5360 5234 5144 5173 4900 5738 5178 5013 5088 5639 5204 5502 4950 5163 5063 5200 5130 4825 5066 5272 5213 5237 5440 4848 4969 5283 5221 5208 5030 5178 5029 5517 5198 5069 5468 5345 5241 5268 4802 5589 5213 4927 4855 4962 5061 5315 4902 5357 5052 5307 4816 5417 4886 5112 5158 5354 5614 5251 5300 5165 5226 4594 5431 5054 5421 5090 4411 5198 5422 4887 4701 5360 5525 5081 4715 5488 5023 5253 5274 4926 4809 5031 5225 5000 5045 5147 4996 4800 5164 4750 4961 4997 5177 5117 5458 5484 5356 4901 5384 5169 5788 5148 5217 5367 5310 4978 5026 5217 5529 5332 5147 5147 5098 4901 4837 5103 5094 4962 5249 5170 5293 4792 5285 5433 5368 5299 5350 4931 5274 4857 5359 5596 5073 5517 5078 5015 5188 4919 5532 4810 5169 5341 5085 4795 5396 4936 4746 5236 5672 4983 5194 4799 5300 4913 5474 5051 5070 4797 5249 5370 4939 5129 5423 5985 5124 5280 4946 4783 4601 4991 4951 5116 5309 5420 5263 5199 5121 5280 5235 5271 5098 5601 5132 4735 5685 4715 5279 5012 4747 4981 5224 5172 4887 4963 5201 5278 5202 5023 5184 5726 5407 4996 5037 5003 5553 5066 4750 5165 5146 5255 
5025 4968 5138 4808 5276 5173 5009 5111 5116 5262 4993 5024 4450 5091 5173 4541 4966 5160 5259 5311 4708 4924 4865 4951 5021 4812 5291 5171 4773 5220 5217 5226 5108 5323 5487 4596 4975 4906 4973 4806 5051 4990 5501 5234 5080 4892 5556 4773 5105 5273 4823 5462 5105 4866 4795 5611 5064 5648 4832 5253 4928 5285 5013 4891 4736 5119 4886 4881 5384 4792 5059 5060 5315 5111 5240 4884 4691 5301 5189 5269 5492 5018 4962 5252 4753 5364 5138 4726 4866 4923 4886 5070 4881 5210 5196 5265 4970 5368 5113 4935 4999 5006 5389 5374 5328 5489 4997 4784 5237 4922 5264 5306 4332 5041 5338 4710 5004 5302 5551 4973 4869 5395 5154 4571 5267 5135 4891 5100 5095 4997 4804 4906 5029 4663 4874 4872 4866 4917 5052 5242 5128 5597 5076 5062 5186 5270 5250 5274 5354 5294 5196 4887 5081 5088 5859 5401 4909 5283 4733 4925 4760 4837 5090 4854 5268 4855 4922 4864 5299 5413 5227 4897 5584 4777 5080 4700 5521 5537 5073 5258 4976 5232 4974 5184 5208 4899 5073 5168 5067 4902 5187 4583 4910 5293 5488 4882 5028 4732 5069 4598 5160 5058 5091 4671 5029 5246 4916 4903 5025 5541 5040 4983 4759 4644 4565 4902 5364 4995 4975 5305 5227 5131 4920 5194 5193 5193 5074 5560 4954 5044 5377 4699 5167 5083 4885 4667 4990 5059 5030 4745 4881 4973 5019 4873 4571 5730 5283 4997 4588 5029 5547 5113 5027 4975 5150 5109 
5047 4930 5167 5062 5484 5390 5056 5322 5231 5489 5072 4770 4542 5065 5159 4459 5127 5033 5084 5505 4877 4989 5163 4788 4909 4955 5111 5138 4770 5444 5457 5359 5038 5407 5455 4719 5124 5087 4992 4812 5132 4895 5553 5102 5581 4978 5630 4937 4852 5263 5191 5835 5366 4843 5206 5457 5304 5748 5018 5291 4978 5299 5247 4954 5050 4987 5061 5481 5354 4988 4792 4978 5415 5289 4948 4965 4651 5387 5254 5397 5882 4857 5233 5502 4837 5407 5243 5001 4803 5036 5011 4981 5278 5463 4993 5348 5062 5341 4968 4895 5285 5174 5358 5139 5381 5735 5162 4849 5386 4941 5559 5318 4360 5220 5586 4849 4828 5302 5595 5236 5015 5272 5243 4944 5375 5363 4573 4901 5481 5054 4804 5038 5129 4864 4905 5006 5055 5271 5258 5006 5416 5662 5249 5016 5570 5386 5519 4685 5239 5579 5176 4957 5390 5371 5530 5386 5012 5074 5360 5043 5037 4797 4990 5154 5341 5151 5065 4979 5230 5440 5277 5149 5125 5010 5037 5104 5441 5503 5064 5521 5277 5149 5258 4991 5522 4817 5353 5487 5442 5181 5109 4550 4588 5079 5403 4941 5390 4943 5309 4871 5541 5086 5348 4796 5082 5472 5261 4948 5430 5748 4883 5299 5071 4844 4664 5208 5168 5015 5055 5376 5016 4994 5157 5424 5293 5675 4987 5299 4843 5055 5661 4846 5345 5342 5066 5058 5677 5033 5122 4875 5170 4826 5495 5446 4748 5679 5257 5104 5234 5138 5556 4902 5013 5163 5264 5143 
5071 4663 5040 5089 5212 5139 5130 5392 5274 5226 4996 4989 4634 5264 4949 4410 4810 5035 5271 5109 4542 4856 5267 4871 4925 4923 5075 5073 5043 5473 5270 5297 5050 5091 5423 4500 5088 4928 4841 4704 4971 4947 5327 4921 5371 4940 5005 5111 5121 5215 4809 5284 5156 4922 5065 5393 4936 5679 4917 5246 4802 5074 5169 5149 4941 5179 4936 5093 5300 4611 4992 5093 5074 4778 4956 4689 4532 5167 5141 5116 5374 5011 5387 5263 4937 5275 5168 4943 4579 4758 5029 5396 5165 5467 5050 4944 4528 5500 4850 4809 5143 5226 5341 5062 5235 5432 4927 4692 5013 5065 5117 4989 4431 5061 5223 5050 4761 5149 5032 5076 4736 5056 4932 4922 5222 5121 4593 5219 4924 4658 4487 4921 4751 4839 4754 4969 4717 5123 4853 5174 5037 5421 5196 4652 5059 5207 5360 5108 5453 5266 5332 4861 5387 4917 5612 5083 5047 4999 5052 4928 4772 4563 5196 4822 5274 5095 4995 4897 4988 5150 5259 4916 5329 4919 5084 5198 5531 5268 4876 5211 4832 5112 5221 5116 5187 4899 5123 5339 5163 5163 5270 4818 4830 5006 5498 4870 5089 4821 5087 4835 5253 5103 5081 4756 4950 5373 4883 4775 5366 5408 4802 5325 4871 4708 4643 4885 5216 4976 4870 5274 5187 5049 4917 5349 4991 5209 5269 5161 4909 4811 5637 4666 4841 5227 4693 4691 5448 5013 4931 4815 5083 4789 4853 5166 4889 5263 5354 4876 4869 4985 5440 4672 4983 4913 5148 5230 
5105 4981 5299 4967 5242 5164 5399 5044 5293 5384 5229 5091 4560 5386 5333 5014 5183 5098 5094 5240 4759 4884 4743 4965 5246 5084 5112 5154 4914 5322 5280 5221 4899 5322 5554 4813 5100 5067 5068 4959 5285 4899 5604 5270 5561 5070 5368 4962 5016 5444 4907 5500 5378 5253 5109 5651 5326 5933 4662 5319 4820 5080 5390 5186 5185 5396 5307 5063 5489 5035 4978 5286 5447 5061 4951 4676 4807 5089 5134 5065 5349 5095 5189 5241 4994 5317 5038 5016 5014 4923 5173 5125 4867 5375 4910 5159 4978 5340 4889 5070 5241 5424 5511 5332 5460 5487 5216 5167 5622 5083 5373 5225 4276 5256 5297 5316 4884 5660 5392 5203 4927 5370 5084 4728 5189 5153 4875 5119 5329 4851 4833 4955 4808 4818 4986 5112 4985 4672 5122 5069 5372 5757 5369 4869 5253 5110 5472 4996 5162 5290 5287 4807 5459 5180 5792 5652 5022 4973 5083 4809 5019 5110 5145 5277 5272 5147 5173 4806 5338 5351 5262 5312 5334 5180 5100 4870 5572 5567 5158 5464 5035 5149 5217 5115 5386 4818 5383 5431 5383 5066 5183 4954 4893 5153 5365 5208 5114 5120 5240 4914 5388 4967 5333 4673 5263 5231 4789 4882 5183 5529 5287 5295 5059 4698 4660 5095 5056 5095 4966 5265 5254 5209 5245 5125 5249 5213 5125 5475 4886 4707 5579 4808 5133 5311 5090 4757 5379 5084 4770 4953 5215 5092 5226 5231 4579 5616 5344 5177 4907 5117 5326 4953 5008 5172 5410 5086 
4887 4748 4894 4635 5171 5037 5079 4982 5135 4956 4916 4814 4301 5007 4829 4484 4991 4899 4714 5122 4806 4843 4728 4461 4958 4834 4871 4744 4580 5502 5171 5057 4871 4934 5714 4667 4868 4604 4545 4484 5071 4751 5394 4881 5062 4988 5227 5052 4778 5305 4568 5300 4791 4868 4808 5472 4980 5315 4569 5036 5016 4925 4769 4765 4836 4976 4904 4721 5265 4861 4787 5072 5398 4708 4639 4693 4588 5179 5095 4961 5199 4937 4878 5096 4635 4985 4921 4853 4758 4908 4606 4814 4972 4942 4740 5172 4834 5038 4887 4874 5026 4947 5402 5171 4950 5130 4917 4944 5063 4706 5168 4969 4332 5021 5064 4909 4901 5160 5553 4913 4757 4899 4879 4477 5087 5060 4576 4848 5046 4560 4701 4796 4747 4520 4973 4802 4810 4903 4975 4824 5141 5210 5129 4515 5036 5381 4986 4724 5118 5081 5054 4912 5199 4943 5251 5426 4801 4766 4851 4761 4666 4543 4879 5129 5043 5024 4846 4466 4994 5369 5124 5023 5283 4572 4668 4662 5442 5604 4971 5273 4744 4801 4797 4813 4992 4508 5115 5183 5187 4726 4863 4593 4743 4812 4983 4821 4881 4302 5070 4563 5386 4772 4773 4587 4966 4979 4821 4889 4821 5474 4975 4769 4715 4631 4392 4942 5074 5019 4987 5156 4608 4699 5091 5067 4934 4866 4761 4931 4810 4362 5133 4405 5007 5123 4825 4533 4981 5015 4743 4555 4937 4578 5272 4963 4314 5634 5145 4887 4667 4757 5048 5084 4680 4729 5043 4685 
4734 4448 4792 4442 5038 4858 4773 4872 4843 4934 4506 4573 4426 4896 4450 4410 4746 4863 4995 4875 4596 4380 4756 4415 4539 4536 4473 4555 4488 5019 4777 4874 4477 4917 5167 4284 4870 4752 4634 4441 4735 4449 5012 4985 4944 4523 4991 4461 4718 4937 4409 4899 4797 4504 5013 5297 4721 5325 4249 4932 4495 5011 4655 4702 4544 5034 4719 4701 5283 4465 4474 4987 4907 4626 4756 4606 4532 5154 4685 4815 5292 4768 4968 4972 4631 4789 4579 4491 4542 4517 4658 4845 4509 4912 4587 5008 4496 4709 4561 4659 4849 4832 4992 5015 4863 4825 4524 4592 4677 4569 5027 4838 3917 4952 4877 4351 4245 4903 5039 4642 4644 4849 4714 4623 5110 4788 4308 4694 4899 4435 4415 4702 4365 4528 4485 4515 4554 4477 4927 4660 4856 5153 4736 4427 5012 4890 4848 4665 4839 5155 5224 4511 4660 4620 5061 5057 4826 4536 4722 4648 4668 4436 4917 4967 4815 4838 4628 4361 4744 4779 5001 4746 4850 4701 4664 4514 5282 5175 4647 5134 4733 4769 4916 4716 5247 4550 4766 4960 5140 4585 4965 4501 4541 4823 4929 4496 4931 4455 4747 4582 4944 4570 4750 4413 4871 4980 4665 4530 4993 5091 4636 4564 4686 4289 4248 4862 4929 4489 4414 4849 4548 4661 4720 4982 4617 4770 4748 4944 4609 4465 5002 4201 4821 4678 4524 4535 4831 4967 4780 4432 4571 4967 4867 4847 4199 5167 5073 4778 4757 4540 5005 4423 4609 4889 4928 4705 
5224 5162 5351 5091 5699 5369 5399 5397 5348 5522 5361 5300 4744 5492 5324 4855 5545 5308 5657 5592 5103 5340 5029 5122 5398 5069 5460 5028 5229 5672 5434 5722 5486 5544 5554 5006 5246 5272 5531 5065 5189 5069 5777 5164 5291 5434 5507 5097 5283 5473 5244 5698 5540 5148 5342 5688 5491 5630 5123 5490 5134 5596 5460 5493 5262 5366 5142 5206 5624 5310 5421 5249 5347 5455 5251 5209 5119 5640 5465 5456 5916 5313 5487 5648 5014 5923 5325 5175 5170 5205 5261 5257 5027 5548 5212 5410 5031 5503 5076 5314 5477 5447 5829 5441 5402 5565 5075 4962 5406 5638 5661 5419 4547 5386 5499 5200 5115 5575 5488 5544 5073 5648 5314 5027 5525 5351 4981 5272 5531 5200 5125 5295 5272 4787 5310 4952 5253 5244 5497 5352 5447 5632 5308 5193 5501 5359 5558 5339 5353 5534 5357 5241 5464 5150 6098 5880 5389 5508 5397 5216 5154 5271 5253 5294 5566 5034 4934 5204 5563 5433 5542 5278 5736 5180 5346 5012 5860 5926 5232 5506 5489 5348 5482 5371 5533 5024 5325 5801 5582 5329 5345 5151 5119 5684 5808 5214 5535 4911 5680 4959 5307 5083 5636 4975 5436 5403 5190 4979 5405 5936 5075 5303 5200 4933 4677 5336 5726 5329 5098 5564 5088 5268 5479 5524 5561 5224 5084 5567 5083 4895 5472 5142 5398 5428 5386 5195 5343 5273 5396 5250 5328 5403 5327 5300 4855 6110 5545 5141 4902 5164 5561 5041 5067 5110 5267 5298 
5105 4857 5366 4962 5283 5154 5502 5351 5288 5404 5103 5081 4532 5214 5121 4550 5205 5215 5406 5369 4966 4987 5185 4898 5147 5212 5168 5002 5058 5605 5455 5433 5238 5386 5711 4737 5007 5262 5082 4866 5104 5215 5779 5212 5143 5226 5230 5202 5269 5432 5059 5473 5136 5264 5319 5637 5191 5398 4747 5227 5178 5083 5383 5103 5060 5174 5072 5141 5425 5196 5060 5138 5365 5154 5094 5113 4949 5389 5013 5339 5646 5382 5337 5504 4986 5332 5056 5240 5031 4840 4995 5316 4893 5512 5134 5481 4843 5345 4925 5082 5166 5304 5448 5510 5148 5691 4998 5124 5538 5187 5481 5433 4351 5204 5351 5025 5164 5460 5142 5187 4881 5315 5013 4998 5582 5268 4793 5121 5467 4773 4884 5186 5101 4886 5250 4870 4819 5207 5293 5255 5403 5369 5325 4821 5287 5408 5436 5171 5362 5352 5265 5046 5529 5078 5621 5552 5306 5287 5128 5210 4828 5008 5200 5135 5237 5074 4947 4955 5334 5570 5314 5258 5363 5115 5228 5021 5617 5513 5224 5240 5039 5299 5374 5331 5527 5016 5467 5264 5645 5208 5217 5093 5068 5416 5543 5048 5300 4800 5261 4781 5561 5000 5480 4856 5222 5338 4897 5056 5165 5643 5183 5262 5155 4740 4614 5301 5172 4960 5184 5294 5153 4989 5356 5486 5074 5185 5194 5564 5014 4818 5429 4738 5321 5510 4959 5056 5233 5108 5111 4930 5105 5136 5294 5010 5093 5670 5547 4985 5101 5102 5414 5231 5059 5239 5092 5045 
5317 5166 4858 4935 5489 5318 5675 5368 5271 5318 5314 4939 4843 5635 5150 4922 5253 5137 5385 5354 5077 5083 5098 5121 5212 5198 5310 5362 5000 5510 5322 5578 5037 5328 5656 4861 5316 5239 5278 5108 5362 5007 5549 5310 5535 5179 5540 5150 5287 5293 4886 5674 5257 5187 5302 5865 5357 5574 5055 5158 5169 5294 5256 5292 5415 5345 5114 5172 5247 5421 5179 5411 5586 5159 5305 5106 5318 5422 5318 5393 5501 5350 5416 5438 5052 5744 5262 5222 4970 5207 5134 5505 4817 5592 5253 5620 5322 5550 4915 4784 5255 5393 5451 5315 5507 5450 5171 4904 5321 5268 5649 5330 4770 5327 5457 5124 5068 5705 5366 5204 4855 5606 5226 5085 5438 5447 4873 5185 5276 4937 5060 5160 4805 5123 5072 4935 4871 5056 5242 5246 5552 5741 5226 4921 5297 5316 5496 5352 5298 5825 5440 5063 5382 5039 5543 5489 4976 5457 5389 5369 4941 4831 5246 5191 5389 5219 5467 4866 5283 5429 5424 5177 5475 5049 5055 5093 5783 5690 5271 5536 5403 5255 5221 5092 5597 4992 5328 5649 5309 5047 5261 5082 4920 5301 5655 5218 5522 4982 5586 4929 5555 4951 5333 4613 5325 5453 5039 5195 5312 5697 5079 5483 4988 5041 4694 5274 5340 5426 5314 5543 5153 5241 5147 5368 5419 5251 5432 5650 5402 4842 5638 4774 5347 5238 4991 4966 5578 5357 5155 5172 5598 5264 5223 5166 5046 5974 5513 5321 5230 4979 5690 5194 5211 5171 5181 5459 
4896 5202 5383 5283 5475 5528 5532 5376 5498 5457 5184 5142 4888 5494 5307 4998 5321 5303 5337 5470 5269 5063 5099 5074 5364 5238 5499 5272 5159 5725 5620 5562 5114 5504 5580 4834 5452 5184 5534 4974 5126 5252 5783 5468 5386 5368 5559 5062 5426 5542 5297 5570 5227 5309 5276 6045 5556 5829 4975 5205 5033 5346 5434 5022 5647 5452 5340 5553 5597 5252 5323 5396 5645 5202 5248 5178 4843 5371 5499 5570 6018 5238 5561 5537 4827 5707 5526 5407 5046 5303 5111 5401 4998 5616 5246 5441 5203 5655 5303 5344 5513 5407 5588 5372 5448 5466 5114 4994 5526 5430 5732 5208 4510 5348 5525 5094 5150 5594 5296 5269 4843 5656 5284 5122 5310 5369 4904 5460 5183 4927 5150 5110 4986 4978 5168 5008 4967 5148 5294 5405 5421 5753 5226 5168 5441 5584 5747 5231 5552 5751 5416 4994 5326 5340 5821 5772 4914 5131 5564 5028 5378 5239 5167 5287 5152 5262 5244 5037 5351 5580 5696 5276 5322 5404 5441 4945 5708 5569 5369 5650 5134 5279 5372 5254 5367 4841 5237 5481 5492 5171 5530 5186 5200 5700 5763 5446 5493 4881 5613 5031 5641 5284 5359 4824 5471 5793 5197 5366 5513 5978 5267 5364 5328 4785 4977 5371 5319 5153 5319 5535 5417 5481 5430 5503 5244 5471 5359 5549 4987 5023 5611 4705 5473 5500 4931 5401 5582 5400 5142 5067 5206 5482 5102 5371 5146 5931 5420 5167 5130 5186 5693 5257 5034 5019 5260 5170 
5048 4714 5357 5064 5354 5290 5259 5540 5373 5568 5330 5173 4981 5518 5264 4750 5159 5192 5259 5240 5292 5124 5192 5209 5306 4932 5261 5019 5020 5609 5158 5483 5478 5327 5566 4990 5109 5224 5139 4895 5209 4899 5737 5421 5225 4886 5472 5321 5309 5331 4811 5694 5294 5487 5211 5827 5243 5486 4941 5199 5107 5452 5231 5106 5068 5213 4853 5113 5409 4956 5136 5271 5091 5417 5287 5203 4840 5570 5312 5282 5591 5111 5436 5386 5149 5593 5413 4922 5000 5151 4806 5463 5191 5400 5241 5277 4987 5549 5177 5220 5208 5502 5807 5299 5451 5547 5093 5001 5566 5447 5509 5292 4532 5417 5482 4937 4979 5556 5639 5071 5039 5419 5185 5177 5645 5331 4833 5185 5062 4955 4647 5107 5062 4697 5158 5059 4850 5210 5418 5068 5488 5589 5212 5231 5447 5466 5571 5218 5540 5465 5443 5071 5214 5103 5892 5537 5016 5475 5115 5147 4957 4975 5357 5228 5285 5031 5060 4892 5426 5408 5512 5190 5545 5075 5348 5200 5601 5784 5318 5250 5155 5469 5685 5000 5228 4987 5232 5743 5279 5335 5598 5128 4964 5467 5512 5204 5416 4856 5559 4888 5221 5438 5389 4618 5131 5156 5178 4887 5429 5857 5046 5177 5111 4688 4905 5536 5488 5068 4926 5252 5088 5078 5319 5443 5164 5515 5335 5581 5001 4734 5777 4842 5335 5254 5052 5093 5471 5204 5313 5030 5025 5156 5170 4927 5231 5905 5189 5115 4977 5083 5619 5015 5139 5176 5369 5176 
4659 4892 5296 4987 5337 5129 5108 5311 5022 5225 5000 4938 4562 4835 5011 4494 5178 5074 5269 5313 4950 4931 4876 4962 4884 5300 5230 5022 4997 5424 5309 5279 4952 5076 5430 4407 4700 4627 4961 4563 4988 5017 5501 4961 5379 5223 5457 5046 5077 5300 4901 5486 5012 5090 5192 5459 5216 5337 4842 5099 4793 5070 4901 5091 4968 5140 5117 5012 5424 5046 4600 5160 5131 5001 4802 4782 4788 5096 5193 5144 5637 5136 5050 5238 4618 5417 5092 4839 4883 4946 4544 5008 4784 5144 5011 5070 4839 5304 4970 4969 5123 5112 5378 5146 5164 5269 4874 4743 5250 4889 5252 5098 4348 4826 5286 4815 4766 5443 5435 5101 4847 5285 5152 4700 5318 5085 4897 5146 5286 4976 4929 4970 4802 4614 4946 4859 4875 4867 5188 4916 5363 5190 4974 4924 5417 5237 5325 4850 5031 5381 5360 5006 4918 4879 5602 5362 5106 4870 5012 5043 4822 4839 5078 5082 5089 4878 4958 4729 5144 5553 5214 5144 5193 4980 4897 4784 5506 5888 4976 5418 4745 5031 5222 4976 5250 4695 5063 5385 5267 4993 5090 4726 4772 5188 5560 5063 5045 4786 5359 4936 5348 4818 5146 4784 5230 5261 4904 4882 5137 5640 5073 4980 4817 4710 4409 4761 4907 5209 5221 5114 5150 4865 5026 5285 4967 5237 5070 5351 4832 4741 5531 4653 5268 4953 4851 4714 5188 5265 4928 4805 4898 5271 5022 5033 4703 5458 5326 5004 4992 4902 5523 5133 4640 4848 5040 5006 
5348 4867 5109 5039 5001 5167 5345 5054 5125 5393 5030 4928 4605 5384 5272 4779 5019 5087 5078 5047 4923 4981 4947 5090 5016 5095 5273 5067 4960 5418 5176 5376 5218 4991 5372 4951 5058 4934 5208 4776 5303 5116 5358 5369 5440 5221 5256 5003 5172 5213 4968 5488 5369 5144 5362 5609 5324 5751 4739 5163 4989 5341 5136 4832 4918 5306 4913 5117 5341 4934 4936 5144 5062 5198 5209 5092 4852 5351 5341 4994 5442 5431 5320 5162 5043 5521 4979 5019 4916 4970 5460 5252 4855 5573 4926 5177 4859 5346 4904 5343 5160 5480 5710 5263 5406 5318 5092 4961 5442 5078 5442 5114 4599 5282 5281 4924 4914 5327 5240 4987 4960 5405 5283 4749 5289 5025 4770 5169 5158 4546 4860 5288 4937 4818 5040 4904 5157 4930 5225 5271 5418 5258 5241 5034 5216 5265 5328 5009 5057 5371 5127 4941 5247 5055 5654 5647 5105 5262 4966 4911 5046 4817 5002 4847 5362 5153 4950 4970 5196 5425 5158 5095 5459 4901 5351 4839 5558 5463 5244 5338 4895 5123 5176 5028 5414 4966 5043 5393 5208 4974 5337 4735 4793 5068 5446 4920 5474 4695 5147 4967 5333 4998 5301 4814 5306 5527 4977 5189 4963 5709 5201 5346 5202 4856 4624 5046 5316 5049 5172 5356 5031 5058 5140 5408 5204 5024 4985 5457 4927 4973 5528 4668 5057 4976 5064 4873 5264 5158 5021 5024 5390 4848 5175 5115 4956 5467 5359 5057 4953 4793 5437 4979 5044 5029 5238 4986 
5491 5248 5617 5173 5568 5518 5471 5701 5631 5695 5547 5593 4870 5588 5617 5132 5533 5450 5442 5531 5043 5219 5323 5350 5564 5354 5394 5321 5054 5921 5323 5661 5383 5674 6261 5139 5265 5417 5465 5215 5464 5331 5950 5609 5358 5305 5465 5313 5401 5625 5295 5686 5577 5524 5529 5898 5532 6064 5177 5339 5157 5495 5721 5505 5397 5447 5328 5310 5823 5340 5261 5741 5509 5563 5274 5459 5444 5676 5539 5443 5775 5444 5775 5733 5191 5936 5499 5269 5192 5528 5352 5648 5306 5584 5282 5602 5210 5634 5384 5386 5289 5739 6007 5716 5761 5669 5637 5226 5827 5412 6033 5507 4789 5479 5841 5283 5261 5515 5639 5450 5305 5711 5689 5127 5530 5559 5166 5424 5461 5175 5143 5518 5250 5056 5311 5310 5369 5211 5297 5854 5612 5976 5441 5328 5689 5689 5524 5404 5591 5466 5674 5435 5609 5303 6099 6006 5290 5817 5377 5558 5285 5346 5353 5507 5479 5283 5435 5021 5564 5656 5742 5312 6014 5253 5420 5261 6003 6019 5252 5573 5185 5322 5490 5458 5860 5273 5767 6027 5866 5259 5433 5268 5344 5656 5881 5362 5623 5084 5554 5009 5469 5567 5545 5059 5589 5525 5502 5237 5491 5813 5403 5342 5630 5041 4928 5400 5686 5307 5006 5624 5094 5382 5526 5691 5363 5257 5443 5732 5434 5162 6021 4955 5546 5333 5436 5348 5466 5317 5361 5134 5540 5472 5426 5333 4989 6242 5596 5345 5286 5257 5951 5600 5016 5569 5627 5400 
5542 5488 5564 5144 5768 5894 5802 5780 5730 5928 5539 5572 4865 5660 5702 5073 5699 5792 5853 5756 5329 5413 5356 5338 5640 5469 5560 5793 5472 6184 5793 5935 5536 5745 6038 5269 5538 5250 5554 5118 5520 5698 5975 5777 5540 5645 5737 5457 5677 5869 5349 5813 5633 5469 5472 6284 5907 5890 5194 5591 5463 5849 5693 5496 5639 5600 5477 5724 5718 5612 5489 5511 5886 5503 5537 5573 5372 5651 5868 5571 6153 5671 5677 5850 5783 5882 5701 5230 5213 5496 5457 5864 5533 5935 5382 5823 5497 5947 5397 5544 5703 5747 6048 5909 5791 5789 5534 5404 5950 5637 6164 5774 4886 5571 5828 5591 5416 5847 5817 5773 5319 5593 5569 5393 5737 5631 5190 5586 5591 5142 5172 5571 5441 5420 5669 5421 5426 5541 5639 5546 5696 6122 5664 5249 5777 5890 5551 5454 5687 5809 5763 5542 6109 5610 5950 6116 5674 5608 5554 5746 5119 5523 5733 5386 5743 5758 5462 5139 5476 5674 5702 5717 5967 5371 5628 5380 6199 6106 5691 5996 5431 5409 5798 5612 5853 5470 5659 5854 5977 5771 5888 5491 5155 5839 5860 5567 5565 5352 5522 5362 5973 5678 5738 4900 5656 5988 5384 5443 5639 6151 5812 5741 5645 5289 5001 5915 5790 5398 5578 5769 5526 5574 5812 5737 5648 5567 5495 5839 5591 4932 5836 5293 5705 5769 5405 5498 5611 5505 5497 5326 5631 5600 5482 5678 5411 6353 5823 5529 5133 5554 5911 5557 5240 5522 5757 5561 
5041 5093 5381 4965 5631 5372 5346 5354 5429 5645 4978 5168 4734 5478 5283 4542 5444 5287 5610 5523 5311 5070 5112 5017 5511 5088 5514 5309 4756 5574 5384 5499 5430 5282 5931 4813 5254 5043 5295 5029 5337 5167 5592 5310 5258 5339 5664 5294 5317 5276 4975 5685 5136 5232 5214 5694 5291 5581 5153 5113 5198 5611 5496 5211 4998 5306 5358 5447 5525 4943 5252 5392 5677 5159 5207 5313 4831 5320 5476 5390 5668 5315 5223 5659 5090 5632 5389 5169 5024 5066 5119 5228 5029 5491 5162 5566 5006 5555 5289 5131 5477 5346 5646 5384 5537 5600 5376 5097 5498 5264 5658 5427 4594 5301 5430 4958 5115 5498 5434 5415 5120 5415 5217 5160 5546 5167 5129 5502 5225 4838 4911 5355 4997 4817 5398 4876 5067 5209 5513 5062 5440 5559 5211 5080 5624 5353 5585 5159 5420 5517 5230 5225 5322 5265 5697 5444 5181 5441 5263 5064 5158 5188 5161 5229 5228 5372 5007 4965 5393 5211 5441 5492 5621 4919 5480 5110 5678 5861 5265 5400 5354 5233 5339 5327 5610 5059 5372 5552 5218 5245 5474 5218 4931 5370 5568 5322 5568 5020 5722 4867 5449 5139 5479 4963 5152 5439 5098 5045 5193 5928 4940 5408 5050 4836 4803 5486 5428 5625 5313 5365 5197 5189 5376 5207 5187 5437 5261 5583 5187 4779 5525 4823 5627 5399 5000 5098 5735 5185 5126 5285 5080 5356 5214 5311 5254 5919 5443 5358 5079 5005 5610 5216 4974 5073 5440 5211 
5285 5186 5504 5245 5350 5250 5539 5322 5312 5701 5338 5393 4790 5367 5661 5083 5483 5633 5739 5502 5200 5168 5255 5237 5231 5399 5216 5154 4793 5906 5404 5412 5414 5252 5923 5223 5302 5040 5549 5061 5320 5147 5542 5354 5574 5317 5562 5365 5589 5453 4896 5788 5400 5424 5505 5919 5292 5880 5008 5240 4945 5571 5430 5189 5314 5404 5044 5411 5823 5326 5154 5282 5709 5134 5455 5129 5135 5354 5260 5346 5735 5390 5411 5522 5378 5925 5402 5172 5044 5130 5346 5467 5049 5676 5104 5596 5302 5676 5129 5290 5298 5349 5725 5559 5551 5398 5249 5290 5691 5240 5870 5453 4427 5406 5591 5198 5288 5372 5439 5364 5283 5599 5394 5221 5724 5130 5000 5022 5003 4929 5194 5246 5080 5034 5213 4933 5229 5282 5641 5355 5635 5825 5130 5234 5146 5609 5774 5332 5372 5734 5544 5267 5200 5444 5711 5476 5164 5240 5342 5148 5261 5253 5121 5330 5424 5364 5183 5026 5485 5654 5348 5335 5556 5115 5430 4885 5767 5755 5283 5738 5272 5309 5378 5095 5637 5071 5277 5567 5624 5142 5549 5106 4995 5781 6096 5245 5528 5079 5545 4936 5712 5054 5333 5134 5539 5772 5157 5132 5108 5761 5444 5277 5032 4891 4757 5391 5545 5465 4972 5582 5371 5122 5195 5497 5267 5459 5054 5870 5223 5012 5745 4886 5519 5176 5040 5050 5750 5402 5148 5108 5224 5453 5301 5550 5058 5948 5519 5331 5199 5082 5690 5188 5344 5136 5471 5122 
5004 4690 4985 4966 4990 5115 5037 5056 4985 4851 4895 4768 4499 4879 4842 4524 5005 4878 4929 5174 4532 4682 5142 4753 4921 4772 4899 4776 4794 5279 4945 5136 5073 5122 5372 4513 4896 4727 5071 4816 4934 4615 5597 5247 4939 5035 5170 4701 4859 4917 4436 5236 5017 4825 4852 5339 5330 5483 4482 5045 4686 5042 5097 4900 4655 5089 4825 5073 5366 4781 4888 4959 5347 4745 4850 4980 4573 5117 5057 4823 5015 4959 4946 5177 4506 5258 5049 5093 4726 4515 4967 5160 4820 5329 4961 5248 4632 5147 4748 4655 5016 5057 5304 5158 5143 5026 4837 4884 5282 4733 5025 5138 4123 4964 4934 4684 4550 5381 5151 4783 4685 4920 4985 4779 5106 4898 4806 5193 5097 4662 4760 4684 4719 4641 4951 4785 4752 4721 4945 4745 5045 5074 5061 4575 5007 5244 5188 5096 5268 5153 5073 4958 4971 4997 5496 5074 4745 5003 4585 5023 4919 4606 5101 4790 5070 4896 5095 4756 4951 5186 5230 4861 5144 4807 5014 4701 5366 5312 4827 5343 4782 4907 4869 5069 5176 4767 5087 5064 5410 4855 4992 4813 4911 5070 5402 4913 5118 4751 4862 4846 5150 4864 5131 4772 5164 4919 4833 4927 4989 5482 4813 5084 4629 4474 4364 4717 4975 5051 4701 4979 4868 4989 5109 5246 4813 5024 5039 5374 4884 4539 5276 4562 4943 4700 4426 4765 4891 4936 4897 4611 4827 4705 4942 4976 4708 5576 5246 5068 4899 4746 5329 4911 4804 4910 5186 5301 
5306 5114 5270 5117 5315 5296 5477 5389 5201 5312 5017 5062 4775 5274 5432 4697 5373 5304 5168 5326 4901 5159 5246 5042 5282 5041 5231 5320 4996 5553 5368 5660 5365 5368 5494 4514 5093 4958 5234 5000 5393 5472 5606 5299 5499 5314 5404 4969 5448 5463 5074 5635 5405 5205 5243 5928 5425 5704 5066 5124 5208 5429 5202 5263 4866 5021 4938 5504 5636 4870 5125 5239 5591 5076 5012 5020 4906 5299 5480 5327 5691 5346 5333 5591 4861 5598 5007 4950 5019 5054 5379 5359 5108 5587 5193 5229 5178 5407 5045 5129 5520 5275 5666 5398 5339 5770 5255 5199 5314 5240 5649 5296 4353 5594 5242 5045 5046 5393 5336 5217 4973 5445 5208 5096 5567 5240 4876 5296 5215 5060 4802 5317 5174 4830 5288 4978 5258 5255 5392 5149 5355 5539 5079 5104 5544 5428 5507 5053 5397 5444 5514 5125 5355 5041 5580 5636 5057 5312 5233 5150 5296 5060 5394 5116 5334 5274 5155 5049 5245 5497 5171 5309 5517 5226 5500 5110 5642 5675 5173 5702 4881 4988 5423 5167 5384 5011 5289 5534 5415 5030 5427 4950 5097 5369 5518 4982 5203 4838 5560 4951 5568 5083 5376 4862 5152 5605 5149 5217 5580 5618 5217 5368 4991 4778 4834 5446 5173 5269 5150 5520 5212 5259 5239 5385 5222 5353 5230 5263 5218 5205 5688 4997 5351 5117 5268 4951 5541 5284 4988 5048 5283 5138 5298 5177 5099 5941 5376 5087 4932 5162 5817 5384 4943 5296 5606 5113 
